path,label,label_name,group,part,split
/Users/den1shh/Documents/nornickel/miners/data/ore_photos_by_grade_part1/refractory_ores/2539439-3.JPG,1,fine,slide_2539439,ore_photos_by_grade_part1,holdout
/Users/den1shh/Documents/nornickel/miners/data/ore_photos_by_grade_part1/refractory_ores/2539444-1.JPG,1,fine,slide_2539444,ore_photos_by_grade_part1,holdout
/Users/den1shh/Documents/nornickel/miners/data/ore_photos_by_grade_part1/refractory_ores/2539446-2.JPG,1,fine,slide_2539446,ore_photos_by_grade_part1,holdout
/Users/den1shh/Documents/nornickel/miners/data/ore_photos_by_grade_part1/refractory_ores/2539448-2.JPG,1,fine,slide_2539448,ore_photos_by_grade_part1,holdout
/Users/den1shh/Documents/nornickel/miners/data/ore_photos_by_grade_part1/refractory_ores/2539448-3.JPG,1,fine,slide_2539448,ore_photos_by_grade_part1,holdout
/Users/den1shh/Documents/nornickel/miners/data/ore_photos_by_grade_part1/refractory_ores/2539586-1.JPG,1,fine,slide_2539586,ore_photos_by_grade_part1,holdout
/Users/den1shh/Documents/nornickel/miners/data/ore_photos_by_grade_part1/refractory_ores/2539586-2.JPG,1,fine,slide_2539586,ore_photos_by_grade_part1,holdout
/Users/den1shh/Documents/nornickel/miners/data/ore_photos_by_grade_part1/refractory_ores/2539586-3.JPG,1,fine,slide_2539586,ore_photos_by_grade_part1,holdout
/Users/den1shh/Documents/nornickel/miners/data/ore_photos_by_grade_part1/refractory_ores/2539588-2.JPG,1,fine,slide_2539588,ore_photos_by_grade_part1,holdout
/Users/den1shh/Documents/nornickel/miners/data/ore_photos_by_grade_part1/refractory_ores/2544796-2 20x аншлиф.JPG,1,fine,slide_2544796,ore_photos_by_grade_part1,holdout
/Users/den1shh/Documents/nornickel/miners/data/ore_photos_by_grade_part1/refractory_ores/2548044 10x 1.JPG,1,fine,slide_2548044,ore_photos_by_grade_part1,holdout
/Users/den1shh/Documents/nornickel/miners/data/ore_photos_by_grade_part1/refractory_ores/2548044 10x 2.JPG,1,fine,slide_2548044,ore_photos_by_grade_part1,holdout
/Users/den1shh/Documents/nornickel/miners/data/ore_photos_by_grade_part1/refractory_ores/2548045 10x 1.JPG,1,fine,slide_2548045,ore_photos_by_grade_part1,holdout
/Users/den1shh/Documents/nornickel/miners/data/ore_photos_by_grade_part1/refractory_ores/2548045 20x 1.JPG,1,fine,slide_2548045,ore_photos_by_grade_part1,holdout
/Users/den1shh/Documents/nornickel/miners/data/ore_photos_by_grade_part1/refractory_ores/2550376-2 10x.JPG,1,fine,slide_2550376,ore_photos_by_grade_part1,holdout
/Users/den1shh/Documents/nornickel/miners/data/ore_photos_by_grade_part1/refractory_ores/2550379-1 10x.JPG,1,fine,slide_2550379,ore_photos_by_grade_part1,holdout
/Users/den1shh/Documents/nornickel/miners/data/ore_photos_by_grade_part1/refractory_ores/2550383-2 20x.JPG,1,fine,slide_2550383,ore_photos_by_grade_part1,holdout
/Users/den1shh/Documents/nornickel/miners/data/ore_photos_by_grade_part1/refractory_ores/2550483-2 10x.JPG,1,fine,slide_2550483,ore_photos_by_grade_part1,holdout
/Users/den1shh/Documents/nornickel/miners/data/ore_photos_by_grade_part1/refractory_ores/2550492- 10x.JPG,1,fine,slide_2550492,ore_photos_by_grade_part1,holdout
/Users/den1shh/Documents/nornickel/miners/data/ore_photos_by_grade_part1/refractory_ores/2550492-1 20x.JPG,1,fine,slide_2550492,ore_photos_by_grade_part1,holdout
/Users/den1shh/Documents/nornickel/miners/data/ore_photos_by_grade_part1/refractory_ores/2550494-1 20x.JPG,1,fine,slide_2550494,ore_photos_by_grade_part1,holdout
/Users/den1shh/Documents/nornickel/miners/data/ore_photos_by_grade_part1/refractory_ores/2550496-3 10x.JPG,1,fine,slide_2550496,ore_photos_by_grade_part1,holdout
/Users/den1shh/Documents/nornickel/miners/data/ore_photos_by_grade_part1/refractory_ores/2550500-1 10x.JPG,1,fine,slide_2550500,ore_photos_by_grade_part1,holdout
/Users/den1shh/Documents/nornickel/miners/data/ore_photos_by_grade_part1/refractory_ores/2550500-2 10x.JPG,1,fine,slide_2550500,ore_photos_by_grade_part1,holdout
/Users/den1shh/Documents/nornickel/miners/data/ore_photos_by_grade_part1/refractory_ores/2652970 10x 1.JPG,1,fine,slide_2652970,ore_photos_by_grade_part1,holdout
/Users/den1shh/Documents/nornickel/miners/data/ore_photos_by_grade_part1/refractory_ores/2652970 5x 1.JPG,1,fine,slide_2652970,ore_photos_by_grade_part1,holdout
/Users/den1shh/Documents/nornickel/miners/data/ore_photos_by_grade_part1/refractory_ores/2652973 10x 1.JPG,1,fine,slide_2652973,ore_photos_by_grade_part1,holdout
/Users/den1shh/Documents/nornickel/miners/data/ore_photos_by_grade_part1/refractory_ores/2652973 10x 3.JPG,1,fine,slide_2652973,ore_photos_by_grade_part1,holdout
/Users/den1shh/Documents/nornickel/miners/data/ore_photos_by_grade_part1/refractory_ores/2652976 10x 2.JPG,1,fine,slide_2652976,ore_photos_by_grade_part1,holdout
/Users/den1shh/Documents/nornickel/miners/data/ore_photos_by_grade_part1/refractory_ores/2652976 10x 3.JPG,1,fine,slide_2652976,ore_photos_by_grade_part1,holdout
/Users/den1shh/Documents/nornickel/miners/data/ore_photos_by_grade_part1/refractory_ores/2652979 10x 10.JPG,1,fine,slide_2652979,ore_photos_by_grade_part1,holdout
/Users/den1shh/Documents/nornickel/miners/data/ore_photos_by_grade_part1/refractory_ores/2652980 10x 2.JPG,1,fine,slide_2652980,ore_photos_by_grade_part1,holdout
/Users/den1shh/Documents/nornickel/miners/data/ore_photos_by_grade_part1/refractory_ores/2652980 10x 4.JPG,1,fine,slide_2652980,ore_photos_by_grade_part1,holdout
/Users/den1shh/Documents/nornickel/miners/data/ore_photos_by_grade_part1/refractory_ores/2652980 10x 8.JPG,1,fine,slide_2652980,ore_photos_by_grade_part1,holdout
/Users/den1shh/Documents/nornickel/miners/data/ore_photos_by_grade_part1/refractory_ores/DSCN2043.JPG,1,fine,refractory_ores/dscn2043,ore_photos_by_grade_part1,trainval
/Users/den1shh/Documents/nornickel/miners/data/ore_photos_by_grade_part1/refractory_ores/DSCN2046.JPG,1,fine,refractory_ores/dscn2046,ore_photos_by_grade_part1,trainval
/Users/den1shh/Documents/nornickel/miners/data/ore_photos_by_grade_part1/refractory_ores/DSCN2049.JPG,1,fine,refractory_ores/dscn2049,ore_photos_by_grade_part1,trainval
/Users/den1shh/Documents/nornickel/miners/data/ore_photos_by_grade_part1/refractory_ores/DSCN2062.JPG,1,fine,refractory_ores/dscn2062,ore_photos_by_grade_part1,trainval
/Users/den1shh/Documents/nornickel/miners/data/ore_photos_by_grade_part1/refractory_ores/DSCN2128.JPG,1,fine,refractory_ores/dscn2128,ore_photos_by_grade_part1,trainval
/Users/den1shh/Documents/nornickel/miners/data/ore_photos_by_grade_part1/refractory_ores/DSCN2150.JPG,1,fine,refractory_ores/dscn2150,ore_photos_by_grade_part1,trainval
/Users/den1shh/Documents/nornickel/miners/data/ore_photos_by_grade_part1/refractory_ores/DSCN2155.JPG,1,fine,refractory_ores/dscn2155,ore_photos_by_grade_part1,trainval
/Users/den1shh/Documents/nornickel/miners/data/ore_photos_by_grade_part1/refractory_ores/DSCN2157.JPG,1,fine,refractory_ores/dscn2157,ore_photos_by_grade_part1,trainval
/Users/den1shh/Documents/nornickel/miners/data/ore_photos_by_grade_part1/refractory_ores/DSCN2158.JPG,1,fine,refractory_ores/dscn2158,ore_photos_by_grade_part1,trainval
/Users/den1shh/Documents/nornickel/miners/data/ore_photos_by_grade_part1/refractory_ores/DSCN2160.JPG,1,fine,refractory_ores/dscn2160,ore_photos_by_grade_part1,trainval
/Users/den1shh/Documents/nornickel/miners/data/ore_photos_by_grade_part1/refractory_ores/DSCN2166.JPG,1,fine,refractory_ores/dscn2166,ore_photos_by_grade_part1,trainval
/Users/den1shh/Documents/nornickel/miners/data/ore_photos_by_grade_part1/refractory_ores/DSCN2236.JPG,1,fine,refractory_ores/dscn2236,ore_photos_by_grade_part1,trainval
/Users/den1shh/Documents/nornickel/miners/data/ore_photos_by_grade_part1/refractory_ores/DSCN2244.JPG,1,fine,refractory_ores/dscn2244,ore_photos_by_grade_part1,holdout
/Users/den1shh/Documents/nornickel/miners/data/ore_photos_by_grade_part1/refractory_ores/DSCN2249.JPG,1,fine,refractory_ores/dscn2249,ore_photos_by_grade_part1,trainval
/Users/den1shh/Documents/nornickel/miners/data/ore_photos_by_grade_part1/refractory_ores/DSCN2250.JPG,1,fine,refractory_ores/dscn2250,ore_photos_by_grade_part1,trainval
/Users/den1shh/Documents/nornickel/miners/data/ore_photos_by_grade_part1/refractory_ores/DSCN2256.JPG,1,fine,refractory_ores/dscn2256,ore_photos_by_grade_part1,trainval
/Users/den1shh/Documents/nornickel/miners/data/ore_photos_by_grade_part1/refractory_ores/DSCN3830.JPG,1,fine,refractory_ores/dscn3830,ore_photos_by_grade_part1,trainval
/Users/den1shh/Documents/nornickel/miners/data/ore_photos_by_grade_part1/refractory_ores/DSCN3833.JPG,1,fine,refractory_ores/dscn3833,ore_photos_by_grade_part1,trainval
/Users/den1shh/Documents/nornickel/miners/data/ore_photos_by_grade_part1/refractory_ores/DSCN3836.JPG,1,fine,refractory_ores/dscn3836,ore_photos_by_grade_part1,trainval
/Users/den1shh/Documents/nornickel/miners/data/ore_photos_by_grade_part1/refractory_ores/DSCN4055.JPG,1,fine,refractory_ores/dscn4055,ore_photos_by_grade_part1,trainval
/Users/den1shh/Documents/nornickel/miners/data/ore_photos_by_grade_part1/refractory_ores/DSCN4058.JPG,1,fine,refractory_ores/dscn4058,ore_photos_by_grade_part1,trainval
/Users/den1shh/Documents/nornickel/miners/data/ore_photos_by_grade_part1/refractory_ores/DSCN4636.JPG,1,fine,refractory_ores/dscn4636,ore_photos_by_grade_part1,trainval
/Users/den1shh/Documents/nornickel/miners/data/ore_photos_by_grade_part1/refractory_ores/DSCN4748.JPG,1,fine,refractory_ores/dscn4748,ore_photos_by_grade_part1,trainval
/Users/den1shh/Documents/nornickel/miners/data/ore_photos_by_grade_part1/refractory_ores/DSCN4749.JPG,1,fine,refractory_ores/dscn4749,ore_photos_by_grade_part1,trainval
/Users/den1shh/Documents/nornickel/miners/data/ore_photos_by_grade_part1/refractory_ores/DSCN4751.JPG,1,fine,refractory_ores/dscn4751,ore_photos_by_grade_part1,trainval
/Users/den1shh/Documents/nornickel/miners/data/ore_photos_by_grade_part1/refractory_ores/DSCN4770.JPG,1,fine,refractory_ores/dscn4770,ore_photos_by_grade_part1,trainval
/Users/den1shh/Documents/nornickel/miners/data/ore_photos_by_grade_part1/refractory_ores/DSCN4785.JPG,1,fine,refractory_ores/dscn4785,ore_photos_by_grade_part1,trainval
/Users/den1shh/Documents/nornickel/miners/data/ore_photos_by_grade_part1/refractory_ores/DSCN4788.JPG,1,fine,refractory_ores/dscn4788,ore_photos_by_grade_part1,holdout
/Users/den1shh/Documents/nornickel/miners/data/ore_photos_by_grade_part1/refractory_ores/DSCN4789.JPG,1,fine,refractory_ores/dscn4789,ore_photos_by_grade_part1,trainval
/Users/den1shh/Documents/nornickel/miners/data/ore_photos_by_grade_part1/refractory_ores/DSCN4790.JPG,1,fine,refractory_ores/dscn4790,ore_photos_by_grade_part1,trainval
/Users/den1shh/Documents/nornickel/miners/data/ore_photos_by_grade_part1/refractory_ores/DSCN5037.JPG,1,fine,refractory_ores/dscn5037,ore_photos_by_grade_part1,trainval
/Users/den1shh/Documents/nornickel/miners/data/ore_photos_by_grade_part1/refractory_ores/DSCN5039.JPG,1,fine,refractory_ores/dscn5039,ore_photos_by_grade_part1,trainval
/Users/den1shh/Documents/nornickel/miners/data/ore_photos_by_grade_part1/refractory_ores/DSCN5049.JPG,1,fine,refractory_ores/dscn5049,ore_photos_by_grade_part1,trainval
/Users/den1shh/Documents/nornickel/miners/data/ore_photos_by_grade_part1/refractory_ores/DSCN5181.JPG,1,fine,refractory_ores/dscn5181,ore_photos_by_grade_part1,trainval
/Users/den1shh/Documents/nornickel/miners/data/ore_photos_by_grade_part1/run_of_mine_ores/2539589-1.JPG,0,normal,slide_2539589,ore_photos_by_grade_part1,holdout
/Users/den1shh/Documents/nornickel/miners/data/ore_photos_by_grade_part1/run_of_mine_ores/2539589-2.JPG,0,normal,slide_2539589,ore_photos_by_grade_part1,holdout
/Users/den1shh/Documents/nornickel/miners/data/ore_photos_by_grade_part1/run_of_mine_ores/2539590-1.JPG,0,normal,slide_2539590,ore_photos_by_grade_part1,holdout
/Users/den1shh/Documents/nornickel/miners/data/ore_photos_by_grade_part1/run_of_mine_ores/2544791-1 10x аншлиф.JPG,0,normal,slide_2544791,ore_photos_by_grade_part1,holdout
/Users/den1shh/Documents/nornickel/miners/data/ore_photos_by_grade_part1/run_of_mine_ores/2544791-2 10x аншлиф.JPG,0,normal,slide_2544791,ore_photos_by_grade_part1,holdout
/Users/den1shh/Documents/nornickel/miners/data/ore_photos_by_grade_part1/run_of_mine_ores/2544791-2 20x аншлиф.JPG,0,normal,slide_2544791,ore_photos_by_grade_part1,holdout
/Users/den1shh/Documents/nornickel/miners/data/ore_photos_by_grade_part1/run_of_mine_ores/2544793-2 10x аншлиф.JPG,0,normal,slide_2544793,ore_photos_by_grade_part1,holdout
/Users/den1shh/Documents/nornickel/miners/data/ore_photos_by_grade_part1/run_of_mine_ores/2548036 5x 1.JPG,0,normal,slide_2548036,ore_photos_by_grade_part1,holdout
/Users/den1shh/Documents/nornickel/miners/data/ore_photos_by_grade_part1/run_of_mine_ores/2548036 5x 2.JPG,0,normal,slide_2548036,ore_photos_by_grade_part1,holdout
/Users/den1shh/Documents/nornickel/miners/data/ore_photos_by_grade_part1/run_of_mine_ores/2548037 10x 2.JPG,0,normal,slide_2548037,ore_photos_by_grade_part1,holdout
/Users/den1shh/Documents/nornickel/miners/data/ore_photos_by_grade_part1/run_of_mine_ores/2548037 10x 3.JPG,0,normal,slide_2548037,ore_photos_by_grade_part1,holdout
/Users/den1shh/Documents/nornickel/miners/data/ore_photos_by_grade_part1/run_of_mine_ores/2550496-1 20x.JPG,0,normal,slide_2550496,ore_photos_by_grade_part1,holdout
/Users/den1shh/Documents/nornickel/miners/data/ore_photos_by_grade_part1/run_of_mine_ores/2550501-1 20x.JPG,0,normal,slide_2550501,ore_photos_by_grade_part1,holdout
/Users/den1shh/Documents/nornickel/miners/data/ore_photos_by_grade_part1/run_of_mine_ores/2550501-2 10x.JPG,0,normal,slide_2550501,ore_photos_by_grade_part1,holdout
/Users/den1shh/Documents/nornickel/miners/data/ore_photos_by_grade_part1/run_of_mine_ores/2550501-3 10x (1).JPG,0,normal,slide_2550501,ore_photos_by_grade_part1,holdout
/Users/den1shh/Documents/nornickel/miners/data/ore_photos_by_grade_part1/run_of_mine_ores/2550506-1 5x.JPG,0,normal,slide_2550506,ore_photos_by_grade_part1,holdout
/Users/den1shh/Documents/nornickel/miners/data/ore_photos_by_grade_part1/run_of_mine_ores/2550506-2 10x.JPG,0,normal,slide_2550506,ore_photos_by_grade_part1,holdout
/Users/den1shh/Documents/nornickel/miners/data/ore_photos_by_grade_part1/run_of_mine_ores/2652979 10x 5.JPG,0,normal,slide_2652979,ore_photos_by_grade_part1,holdout
/Users/den1shh/Documents/nornickel/miners/data/ore_photos_by_grade_part1/run_of_mine_ores/2652981 10x 5.JPG,0,normal,slide_2652981,ore_photos_by_grade_part1,holdout
/Users/den1shh/Documents/nornickel/miners/data/ore_photos_by_grade_part1/run_of_mine_ores/2652982 5x 16.JPG,0,normal,slide_2652982,ore_photos_by_grade_part1,holdout
/Users/den1shh/Documents/nornickel/miners/data/ore_photos_by_grade_part1/run_of_mine_ores/2652982 5x 2.JPG,0,normal,slide_2652982,ore_photos_by_grade_part1,holdout
/Users/den1shh/Documents/nornickel/miners/data/ore_photos_by_grade_part1/run_of_mine_ores/2652982 5x 4.JPG,0,normal,slide_2652982,ore_photos_by_grade_part1,holdout
/Users/den1shh/Documents/nornickel/miners/data/ore_photos_by_grade_part1/run_of_mine_ores/2652982 5x 7.JPG,0,normal,slide_2652982,ore_photos_by_grade_part1,holdout
/Users/den1shh/Documents/nornickel/miners/data/ore_photos_by_grade_part1/run_of_mine_ores/2652982 5x 9.JPG,0,normal,slide_2652982,ore_photos_by_grade_part1,holdout
/Users/den1shh/Documents/nornickel/miners/data/ore_photos_by_grade_part1/run_of_mine_ores/DSCN2012.JPG,0,normal,run_of_mine_ores/dscn2012,ore_photos_by_grade_part1,trainval
/Users/den1shh/Documents/nornickel/miners/data/ore_photos_by_grade_part1/run_of_mine_ores/DSCN2059.JPG,0,normal,run_of_mine_ores/dscn2059,ore_photos_by_grade_part1,trainval
/Users/den1shh/Documents/nornickel/miners/data/ore_photos_by_grade_part1/run_of_mine_ores/DSCN2064.JPG,0,normal,run_of_mine_ores/dscn2064,ore_photos_by_grade_part1,trainval
/Users/den1shh/Documents/nornickel/miners/data/ore_photos_by_grade_part1/run_of_mine_ores/DSCN2065.JPG,0,normal,run_of_mine_ores/dscn2065,ore_photos_by_grade_part1,trainval
/Users/den1shh/Documents/nornickel/miners/data/ore_photos_by_grade_part1/run_of_mine_ores/DSCN2066.JPG,0,normal,run_of_mine_ores/dscn2066,ore_photos_by_grade_part1,trainval
/Users/den1shh/Documents/nornickel/miners/data/ore_photos_by_grade_part1/run_of_mine_ores/DSCN2114.JPG,0,normal,run_of_mine_ores/dscn2114,ore_photos_by_grade_part1,trainval
/Users/den1shh/Documents/nornickel/miners/data/ore_photos_by_grade_part1/run_of_mine_ores/DSCN2121.JPG,0,normal,run_of_mine_ores/dscn2121,ore_photos_by_grade_part1,trainval
/Users/den1shh/Documents/nornickel/miners/data/ore_photos_by_grade_part1/run_of_mine_ores/DSCN2134.JPG,0,normal,run_of_mine_ores/dscn2134,ore_photos_by_grade_part1,trainval
/Users/den1shh/Documents/nornickel/miners/data/ore_photos_by_grade_part1/run_of_mine_ores/DSCN2151.JPG,0,normal,run_of_mine_ores/dscn2151,ore_photos_by_grade_part1,trainval
/Users/den1shh/Documents/nornickel/miners/data/ore_photos_by_grade_part1/run_of_mine_ores/DSCN2154.JPG,0,normal,run_of_mine_ores/dscn2154,ore_photos_by_grade_part1,trainval
/Users/den1shh/Documents/nornickel/miners/data/ore_photos_by_grade_part1/run_of_mine_ores/DSCN2174.JPG,0,normal,run_of_mine_ores/dscn2174,ore_photos_by_grade_part1,trainval
/Users/den1shh/Documents/nornickel/miners/data/ore_photos_by_grade_part1/run_of_mine_ores/DSCN2176.JPG,0,normal,run_of_mine_ores/dscn2176,ore_photos_by_grade_part1,holdout
/Users/den1shh/Documents/nornickel/miners/data/ore_photos_by_grade_part1/run_of_mine_ores/DSCN2191.JPG,0,normal,run_of_mine_ores/dscn2191,ore_photos_by_grade_part1,trainval
/Users/den1shh/Documents/nornickel/miners/data/ore_photos_by_grade_part1/run_of_mine_ores/DSCN2258.JPG,0,normal,run_of_mine_ores/dscn2258,ore_photos_by_grade_part1,trainval
/Users/den1shh/Documents/nornickel/miners/data/ore_photos_by_grade_part1/run_of_mine_ores/DSCN2260.JPG,0,normal,run_of_mine_ores/dscn2260,ore_photos_by_grade_part1,trainval
/Users/den1shh/Documents/nornickel/miners/data/ore_photos_by_grade_part1/run_of_mine_ores/DSCN2261.JPG,0,normal,run_of_mine_ores/dscn2261,ore_photos_by_grade_part1,trainval
/Users/den1shh/Documents/nornickel/miners/data/ore_photos_by_grade_part1/run_of_mine_ores/DSCN2265.JPG,0,normal,run_of_mine_ores/dscn2265,ore_photos_by_grade_part1,trainval
/Users/den1shh/Documents/nornickel/miners/data/ore_photos_by_grade_part1/run_of_mine_ores/DSCN3800.JPG,0,normal,run_of_mine_ores/dscn3800,ore_photos_by_grade_part1,trainval
/Users/den1shh/Documents/nornickel/miners/data/ore_photos_by_grade_part1/run_of_mine_ores/DSCN3801.JPG,0,normal,run_of_mine_ores/dscn3801,ore_photos_by_grade_part1,trainval
/Users/den1shh/Documents/nornickel/miners/data/ore_photos_by_grade_part1/run_of_mine_ores/DSCN3802.JPG,0,normal,run_of_mine_ores/dscn3802,ore_photos_by_grade_part1,trainval
/Users/den1shh/Documents/nornickel/miners/data/ore_photos_by_grade_part1/run_of_mine_ores/DSCN3804.JPG,0,normal,run_of_mine_ores/dscn3804,ore_photos_by_grade_part1,trainval
/Users/den1shh/Documents/nornickel/miners/data/ore_photos_by_grade_part1/run_of_mine_ores/DSCN3805.JPG,0,normal,run_of_mine_ores/dscn3805,ore_photos_by_grade_part1,trainval
/Users/den1shh/Documents/nornickel/miners/data/ore_photos_by_grade_part1/run_of_mine_ores/DSCN3820.JPG,0,normal,run_of_mine_ores/dscn3820,ore_photos_by_grade_part1,holdout
/Users/den1shh/Documents/nornickel/miners/data/ore_photos_by_grade_part1/run_of_mine_ores/DSCN3821.JPG,0,normal,run_of_mine_ores/dscn3821,ore_photos_by_grade_part1,trainval
/Users/den1shh/Documents/nornickel/miners/data/ore_photos_by_grade_part1/run_of_mine_ores/DSCN3824.JPG,0,normal,run_of_mine_ores/dscn3824,ore_photos_by_grade_part1,trainval
/Users/den1shh/Documents/nornickel/miners/data/ore_photos_by_grade_part1/run_of_mine_ores/DSCN3827.JPG,0,normal,run_of_mine_ores/dscn3827,ore_photos_by_grade_part1,trainval
/Users/den1shh/Documents/nornickel/miners/data/ore_photos_by_grade_part1/run_of_mine_ores/DSCN3831.JPG,0,normal,run_of_mine_ores/dscn3831,ore_photos_by_grade_part1,trainval
/Users/den1shh/Documents/nornickel/miners/data/ore_photos_by_grade_part1/run_of_mine_ores/DSCN3845.JPG,0,normal,run_of_mine_ores/dscn3845,ore_photos_by_grade_part1,trainval
/Users/den1shh/Documents/nornickel/miners/data/ore_photos_by_grade_part1/run_of_mine_ores/DSCN3859.JPG,0,normal,run_of_mine_ores/dscn3859,ore_photos_by_grade_part1,trainval
/Users/den1shh/Documents/nornickel/miners/data/ore_photos_by_grade_part1/run_of_mine_ores/DSCN3866.JPG,0,normal,run_of_mine_ores/dscn3866,ore_photos_by_grade_part1,trainval
/Users/den1shh/Documents/nornickel/miners/data/ore_photos_by_grade_part1/run_of_mine_ores/DSCN3867.JPG,0,normal,run_of_mine_ores/dscn3867,ore_photos_by_grade_part1,trainval
/Users/den1shh/Documents/nornickel/miners/data/ore_photos_by_grade_part1/run_of_mine_ores/DSCN3871.JPG,0,normal,run_of_mine_ores/dscn3871,ore_photos_by_grade_part1,trainval
/Users/den1shh/Documents/nornickel/miners/data/ore_photos_by_grade_part1/run_of_mine_ores/DSCN3872.JPG,0,normal,run_of_mine_ores/dscn3872,ore_photos_by_grade_part1,trainval
/Users/den1shh/Documents/nornickel/miners/data/ore_photos_by_grade_part1/run_of_mine_ores/DSCN3874.JPG,0,normal,run_of_mine_ores/dscn3874,ore_photos_by_grade_part1,trainval
/Users/den1shh/Documents/nornickel/miners/data/ore_photos_by_grade_part1/run_of_mine_ores/DSCN3875.JPG,0,normal,run_of_mine_ores/dscn3875,ore_photos_by_grade_part1,trainval
/Users/den1shh/Documents/nornickel/miners/data/ore_photos_by_grade_part1/run_of_mine_ores/DSCN3899.JPG,0,normal,run_of_mine_ores/dscn3899,ore_photos_by_grade_part1,trainval
/Users/den1shh/Documents/nornickel/miners/data/ore_photos_by_grade_part1/run_of_mine_ores/DSCN3902.JPG,0,normal,run_of_mine_ores/dscn3902,ore_photos_by_grade_part1,trainval
/Users/den1shh/Documents/nornickel/miners/data/ore_photos_by_grade_part1/run_of_mine_ores/DSCN4051.JPG,0,normal,run_of_mine_ores/dscn4051,ore_photos_by_grade_part1,trainval
/Users/den1shh/Documents/nornickel/miners/data/ore_photos_by_grade_part1/run_of_mine_ores/DSCN4054.JPG,0,normal,run_of_mine_ores/dscn4054,ore_photos_by_grade_part1,trainval
/Users/den1shh/Documents/nornickel/miners/data/ore_photos_by_grade_part1/run_of_mine_ores/DSCN5019.JPG,0,normal,run_of_mine_ores/dscn5019,ore_photos_by_grade_part1,trainval
/Users/den1shh/Documents/nornickel/miners/data/ore_photos_by_grade_part1/run_of_mine_ores/DSCN5024.JPG,0,normal,run_of_mine_ores/dscn5024,ore_photos_by_grade_part1,trainval
/Users/den1shh/Documents/nornickel/miners/data/ore_photos_by_grade_part1/run_of_mine_ores/DSCN5025.JPG,0,normal,run_of_mine_ores/dscn5025,ore_photos_by_grade_part1,trainval
/Users/den1shh/Documents/nornickel/miners/data/ore_photos_by_grade_part1/run_of_mine_ores/DSCN5179.JPG,0,normal,run_of_mine_ores/dscn5179,ore_photos_by_grade_part1,trainval
/Users/den1shh/Documents/nornickel/miners/data/ore_photos_by_grade_part1/run_of_mine_ores/DSCN5182.JPG,0,normal,run_of_mine_ores/dscn5182,ore_photos_by_grade_part1,trainval
/Users/den1shh/Documents/nornickel/miners/data/ore_photos_by_grade_part2/fine_grained/-4.jpg,1,fine,fine_grained/-4,ore_photos_by_grade_part2,trainval
/Users/den1shh/Documents/nornickel/miners/data/ore_photos_by_grade_part2/fine_grained/-61.jpg,1,fine,fine_grained/-61,ore_photos_by_grade_part2,trainval
/Users/den1shh/Documents/nornickel/miners/data/ore_photos_by_grade_part2/fine_grained/-62.jpg,1,fine,fine_grained/-62,ore_photos_by_grade_part2,holdout
/Users/den1shh/Documents/nornickel/miners/data/ore_photos_by_grade_part2/fine_grained/1-.jpg,1,fine,fine_grained/1,ore_photos_by_grade_part2,trainval
/Users/den1shh/Documents/nornickel/miners/data/ore_photos_by_grade_part2/fine_grained/1.bmp,1,fine,fine_grained/1,ore_photos_by_grade_part2,trainval
/Users/den1shh/Documents/nornickel/miners/data/ore_photos_by_grade_part2/fine_grained/10.jpg,1,fine,fine_grained/10,ore_photos_by_grade_part2,trainval
/Users/den1shh/Documents/nornickel/miners/data/ore_photos_by_grade_part2/fine_grained/100.JPG,1,fine,fine_grained/100,ore_photos_by_grade_part2,trainval
/Users/den1shh/Documents/nornickel/miners/data/ore_photos_by_grade_part2/fine_grained/101.JPG,1,fine,fine_grained/101,ore_photos_by_grade_part2,trainval
/Users/den1shh/Documents/nornickel/miners/data/ore_photos_by_grade_part2/fine_grained/102.JPG,1,fine,fine_grained/102,ore_photos_by_grade_part2,holdout
/Users/den1shh/Documents/nornickel/miners/data/ore_photos_by_grade_part2/fine_grained/103.JPG,1,fine,fine_grained/103,ore_photos_by_grade_part2,trainval
/Users/den1shh/Documents/nornickel/miners/data/ore_photos_by_grade_part2/fine_grained/104.JPG,1,fine,fine_grained/104,ore_photos_by_grade_part2,trainval
/Users/den1shh/Documents/nornickel/miners/data/ore_photos_by_grade_part2/fine_grained/105.JPG,1,fine,fine_grained/105,ore_photos_by_grade_part2,trainval
/Users/den1shh/Documents/nornickel/miners/data/ore_photos_by_grade_part2/fine_grained/106 (2).JPG,1,fine,fine_grained/106,ore_photos_by_grade_part2,trainval
/Users/den1shh/Documents/nornickel/miners/data/ore_photos_by_grade_part2/fine_grained/106.JPG,1,fine,fine_grained/106,ore_photos_by_grade_part2,trainval
/Users/den1shh/Documents/nornickel/miners/data/ore_photos_by_grade_part2/fine_grained/107.JPG,1,fine,fine_grained/107,ore_photos_by_grade_part2,trainval
/Users/den1shh/Documents/nornickel/miners/data/ore_photos_by_grade_part2/fine_grained/107_.jpg,1,fine,fine_grained/107,ore_photos_by_grade_part2,trainval
/Users/den1shh/Documents/nornickel/miners/data/ore_photos_by_grade_part2/fine_grained/108.JPG,1,fine,fine_grained/108,ore_photos_by_grade_part2,trainval
/Users/den1shh/Documents/nornickel/miners/data/ore_photos_by_grade_part2/fine_grained/108_.jpg,1,fine,fine_grained/108,ore_photos_by_grade_part2,trainval
/Users/den1shh/Documents/nornickel/miners/data/ore_photos_by_grade_part2/fine_grained/109.JPG,1,fine,fine_grained/109,ore_photos_by_grade_part2,trainval
/Users/den1shh/Documents/nornickel/miners/data/ore_photos_by_grade_part2/fine_grained/109_.jpg,1,fine,fine_grained/109,ore_photos_by_grade_part2,trainval
/Users/den1shh/Documents/nornickel/miners/data/ore_photos_by_grade_part2/fine_grained/11.jpg,1,fine,fine_grained/11,ore_photos_by_grade_part2,trainval
/Users/den1shh/Documents/nornickel/miners/data/ore_photos_by_grade_part2/fine_grained/110.JPG,1,fine,fine_grained/110,ore_photos_by_grade_part2,trainval
/Users/den1shh/Documents/nornickel/miners/data/ore_photos_by_grade_part2/fine_grained/110_.jpg,1,fine,fine_grained/110,ore_photos_by_grade_part2,trainval
/Users/den1shh/Documents/nornickel/miners/data/ore_photos_by_grade_part2/fine_grained/111.JPG,1,fine,fine_grained/111,ore_photos_by_grade_part2,trainval
/Users/den1shh/Documents/nornickel/miners/data/ore_photos_by_grade_part2/fine_grained/111_.jpg,1,fine,fine_grained/111,ore_photos_by_grade_part2,trainval
/Users/den1shh/Documents/nornickel/miners/data/ore_photos_by_grade_part2/fine_grained/112.JPG,1,fine,fine_grained/112,ore_photos_by_grade_part2,trainval
/Users/den1shh/Documents/nornickel/miners/data/ore_photos_by_grade_part2/fine_grained/113.JPG,1,fine,fine_grained/113,ore_photos_by_grade_part2,trainval
/Users/den1shh/Documents/nornickel/miners/data/ore_photos_by_grade_part2/fine_grained/114.JPG,1,fine,fine_grained/114,ore_photos_by_grade_part2,trainval
/Users/den1shh/Documents/nornickel/miners/data/ore_photos_by_grade_part2/fine_grained/115.JPG,1,fine,fine_grained/115,ore_photos_by_grade_part2,trainval
/Users/den1shh/Documents/nornickel/miners/data/ore_photos_by_grade_part2/fine_grained/116.JPG,1,fine,fine_grained/116,ore_photos_by_grade_part2,trainval
/Users/den1shh/Documents/nornickel/miners/data/ore_photos_by_grade_part2/fine_grained/117.JPG,1,fine,fine_grained/117,ore_photos_by_grade_part2,trainval
/Users/den1shh/Documents/nornickel/miners/data/ore_photos_by_grade_part2/fine_grained/118.JPG,1,fine,fine_grained/118,ore_photos_by_grade_part2,trainval
/Users/den1shh/Documents/nornickel/miners/data/ore_photos_by_grade_part2/fine_grained/119.JPG,1,fine,fine_grained/119,ore_photos_by_grade_part2,holdout
/Users/den1shh/Documents/nornickel/miners/data/ore_photos_by_grade_part2/fine_grained/12.jpg,1,fine,fine_grained/12,ore_photos_by_grade_part2,trainval
/Users/den1shh/Documents/nornickel/miners/data/ore_photos_by_grade_part2/fine_grained/120.JPG,1,fine,fine_grained/120,ore_photos_by_grade_part2,trainval
/Users/den1shh/Documents/nornickel/miners/data/ore_photos_by_grade_part2/fine_grained/121.JPG,1,fine,fine_grained/121,ore_photos_by_grade_part2,trainval
/Users/den1shh/Documents/nornickel/miners/data/ore_photos_by_grade_part2/fine_grained/122.JPG,1,fine,fine_grained/122,ore_photos_by_grade_part2,trainval
/Users/den1shh/Documents/nornickel/miners/data/ore_photos_by_grade_part2/fine_grained/123.JPG,1,fine,fine_grained/123,ore_photos_by_grade_part2,trainval
/Users/den1shh/Documents/nornickel/miners/data/ore_photos_by_grade_part2/fine_grained/124.JPG,1,fine,fine_grained/124,ore_photos_by_grade_part2,trainval
/Users/den1shh/Documents/nornickel/miners/data/ore_photos_by_grade_part2/fine_grained/125.JPG,1,fine,fine_grained/125,ore_photos_by_grade_part2,trainval
/Users/den1shh/Documents/nornickel/miners/data/ore_photos_by_grade_part2/fine_grained/125_.jpg,1,fine,fine_grained/125,ore_photos_by_grade_part2,trainval
/Users/den1shh/Documents/nornickel/miners/data/ore_photos_by_grade_part2/fine_grained/126.JPG,1,fine,fine_grained/126,ore_photos_by_grade_part2,trainval
/Users/den1shh/Documents/nornickel/miners/data/ore_photos_by_grade_part2/fine_grained/126_.jpg,1,fine,fine_grained/126,ore_photos_by_grade_part2,trainval
/Users/den1shh/Documents/nornickel/miners/data/ore_photos_by_grade_part2/fine_grained/127.JPG,1,fine,fine_grained/127,ore_photos_by_grade_part2,trainval
/Users/den1shh/Documents/nornickel/miners/data/ore_photos_by_grade_part2/fine_grained/128.JPG,1,fine,fine_grained/128,ore_photos_by_grade_part2,trainval
/Users/den1shh/Documents/nornickel/miners/data/ore_photos_by_grade_part2/fine_grained/129.JPG,1,fine,fine_grained/129,ore_photos_by_grade_part2,trainval
/Users/den1shh/Documents/nornickel/miners/data/ore_photos_by_grade_part2/fine_grained/13.jpg,1,fine,fine_grained/13,ore_photos_by_grade_part2,holdout
/Users/den1shh/Documents/nornickel/miners/data/ore_photos_by_grade_part2/fine_grained/130.JPG,1,fine,fine_grained/130,ore_photos_by_grade_part2,trainval
/Users/den1shh/Documents/nornickel/miners/data/ore_photos_by_grade_part2/fine_grained/131.JPG,1,fine,fine_grained/131,ore_photos_by_grade_part2,trainval
/Users/den1shh/Documents/nornickel/miners/data/ore_photos_by_grade_part2/fine_grained/131_.jpg,1,fine,fine_grained/131,ore_photos_by_grade_part2,trainval
/Users/den1shh/Documents/nornickel/miners/data/ore_photos_by_grade_part2/fine_grained/132.JPG,1,fine,fine_grained/132,ore_photos_by_grade_part2,trainval
/Users/den1shh/Documents/nornickel/miners/data/ore_photos_by_grade_part2/fine_grained/133.JPG,1,fine,fine_grained/133,ore_photos_by_grade_part2,trainval
/Users/den1shh/Documents/nornickel/miners/data/ore_photos_by_grade_part2/fine_grained/134.JPG,1,fine,fine_grained/134,ore_photos_by_grade_part2,trainval
/Users/den1shh/Documents/nornickel/miners/data/ore_photos_by_grade_part2/fine_grained/135.JPG,1,fine,fine_grained/135,ore_photos_by_grade_part2,trainval
/Users/den1shh/Documents/nornickel/miners/data/ore_photos_by_grade_part2/fine_grained/136.JPG,1,fine,fine_grained/136,ore_photos_by_grade_part2,trainval
/Users/den1shh/Documents/nornickel/miners/data/ore_photos_by_grade_part2/fine_grained/137.JPG,1,fine,fine_grained/137,ore_photos_by_grade_part2,trainval
/Users/den1shh/Documents/nornickel/miners/data/ore_photos_by_grade_part2/fine_grained/138.JPG,1,fine,fine_grained/138,ore_photos_by_grade_part2,trainval
/Users/den1shh/Documents/nornickel/miners/data/ore_photos_by_grade_part2/fine_grained/139.JPG,1,fine,fine_grained/139,ore_photos_by_grade_part2,trainval
/Users/den1shh/Documents/nornickel/miners/data/ore_photos_by_grade_part2/fine_grained/14.jpg,1,fine,fine_grained/14,ore_photos_by_grade_part2,trainval
/Users/den1shh/Documents/nornickel/miners/data/ore_photos_by_grade_part2/fine_grained/140.JPG,1,fine,fine_grained/140,ore_photos_by_grade_part2,trainval
/Users/den1shh/Documents/nornickel/miners/data/ore_photos_by_grade_part2/fine_grained/141.JPG,1,fine,fine_grained/141,ore_photos_by_grade_part2,trainval
/Users/den1shh/Documents/nornickel/miners/data/ore_photos_by_grade_part2/fine_grained/142.JPG,1,fine,fine_grained/142,ore_photos_by_grade_part2,holdout
/Users/den1shh/Documents/nornickel/miners/data/ore_photos_by_grade_part2/fine_grained/15.jpg,1,fine,fine_grained/15,ore_photos_by_grade_part2,trainval
/Users/den1shh/Documents/nornickel/miners/data/ore_photos_by_grade_part2/fine_grained/16.jpg,1,fine,fine_grained/16,ore_photos_by_grade_part2,trainval
/Users/den1shh/Documents/nornickel/miners/data/ore_photos_by_grade_part2/fine_grained/17.jpg,1,fine,fine_grained/17,ore_photos_by_grade_part2,trainval
/Users/den1shh/Documents/nornickel/miners/data/ore_photos_by_grade_part2/fine_grained/18.jpg,1,fine,fine_grained/18,ore_photos_by_grade_part2,holdout
/Users/den1shh/Documents/nornickel/miners/data/ore_photos_by_grade_part2/fine_grained/1820350 1.jpg,1,fine,slide_1820350,ore_photos_by_grade_part2,holdout
/Users/den1shh/Documents/nornickel/miners/data/ore_photos_by_grade_part2/fine_grained/1820351 2.jpg,1,fine,slide_1820351,ore_photos_by_grade_part2,holdout
/Users/den1shh/Documents/nornickel/miners/data/ore_photos_by_grade_part2/fine_grained/19.jpg,1,fine,fine_grained/19,ore_photos_by_grade_part2,trainval
/Users/den1shh/Documents/nornickel/miners/data/ore_photos_by_grade_part2/fine_grained/2-.jpg,1,fine,fine_grained/2,ore_photos_by_grade_part2,trainval
/Users/den1shh/Documents/nornickel/miners/data/ore_photos_by_grade_part2/fine_grained/2.24 x10.JPG,1,fine,fine_grained/2.24 x10,ore_photos_by_grade_part2,trainval
/Users/den1shh/Documents/nornickel/miners/data/ore_photos_by_grade_part2/fine_grained/2.27 x10.JPG,1,fine,fine_grained/2.27 x10,ore_photos_by_grade_part2,trainval
"/Users/den1shh/Documents/nornickel/miners/data/ore_photos_by_grade_part2/fine_grained/2.8 х 10, 218.JPG",1,fine,"fine_grained/2.8 х 10, 218",ore_photos_by_grade_part2,trainval
/Users/den1shh/Documents/nornickel/miners/data/ore_photos_by_grade_part2/fine_grained/2.jpg,1,fine,fine_grained/2,ore_photos_by_grade_part2,trainval
/Users/den1shh/Documents/nornickel/miners/data/ore_photos_by_grade_part2/fine_grained/20.jpg,1,fine,fine_grained/20,ore_photos_by_grade_part2,trainval
/Users/den1shh/Documents/nornickel/miners/data/ore_photos_by_grade_part2/fine_grained/21.jpg,1,fine,fine_grained/21,ore_photos_by_grade_part2,trainval
/Users/den1shh/Documents/nornickel/miners/data/ore_photos_by_grade_part2/fine_grained/22.jpg,1,fine,fine_grained/22,ore_photos_by_grade_part2,trainval
/Users/den1shh/Documents/nornickel/miners/data/ore_photos_by_grade_part2/fine_grained/23.jpg,1,fine,fine_grained/23,ore_photos_by_grade_part2,trainval
/Users/den1shh/Documents/nornickel/miners/data/ore_photos_by_grade_part2/fine_grained/24.jpg,1,fine,fine_grained/24,ore_photos_by_grade_part2,trainval
/Users/den1shh/Documents/nornickel/miners/data/ore_photos_by_grade_part2/fine_grained/24_.jpg,1,fine,fine_grained/24,ore_photos_by_grade_part2,trainval
/Users/den1shh/Documents/nornickel/miners/data/ore_photos_by_grade_part2/fine_grained/25.jpg,1,fine,fine_grained/25,ore_photos_by_grade_part2,trainval
/Users/den1shh/Documents/nornickel/miners/data/ore_photos_by_grade_part2/fine_grained/252 1.jpg,1,fine,fine_grained/252 1,ore_photos_by_grade_part2,trainval
/Users/den1shh/Documents/nornickel/miners/data/ore_photos_by_grade_part2/fine_grained/252 2.jpg,1,fine,fine_grained/252 2,ore_photos_by_grade_part2,trainval
/Users/den1shh/Documents/nornickel/miners/data/ore_photos_by_grade_part2/fine_grained/254 1.jpg,1,fine,fine_grained/254 1,ore_photos_by_grade_part2,trainval
/Users/den1shh/Documents/nornickel/miners/data/ore_photos_by_grade_part2/fine_grained/256 2.jpg,1,fine,fine_grained/256 2,ore_photos_by_grade_part2,trainval
/Users/den1shh/Documents/nornickel/miners/data/ore_photos_by_grade_part2/fine_grained/26.jpg,1,fine,fine_grained/26,ore_photos_by_grade_part2,trainval
/Users/den1shh/Documents/nornickel/miners/data/ore_photos_by_grade_part2/fine_grained/27.jpg,1,fine,fine_grained/27,ore_photos_by_grade_part2,trainval
/Users/den1shh/Documents/nornickel/miners/data/ore_photos_by_grade_part2/fine_grained/28.jpg,1,fine,fine_grained/28,ore_photos_by_grade_part2,trainval
/Users/den1shh/Documents/nornickel/miners/data/ore_photos_by_grade_part2/fine_grained/28_.jpg,1,fine,fine_grained/28,ore_photos_by_grade_part2,trainval
/Users/den1shh/Documents/nornickel/miners/data/ore_photos_by_grade_part2/fine_grained/29.jpg,1,fine,fine_grained/29,ore_photos_by_grade_part2,trainval
/Users/den1shh/Documents/nornickel/miners/data/ore_photos_by_grade_part2/fine_grained/3.jpg,1,fine,fine_grained/3,ore_photos_by_grade_part2,trainval
/Users/den1shh/Documents/nornickel/miners/data/ore_photos_by_grade_part2/fine_grained/30.jpg,1,fine,fine_grained/30,ore_photos_by_grade_part2,trainval
/Users/den1shh/Documents/nornickel/miners/data/ore_photos_by_grade_part2/fine_grained/30_.jpg,1,fine,fine_grained/30,ore_photos_by_grade_part2,trainval
/Users/den1shh/Documents/nornickel/miners/data/ore_photos_by_grade_part2/fine_grained/31.jpg,1,fine,fine_grained/31,ore_photos_by_grade_part2,trainval
/Users/den1shh/Documents/nornickel/miners/data/ore_photos_by_grade_part2/fine_grained/32.jpg,1,fine,fine_grained/32,ore_photos_by_grade_part2,trainval
/Users/den1shh/Documents/nornickel/miners/data/ore_photos_by_grade_part2/fine_grained/32_.jpg,1,fine,fine_grained/32,ore_photos_by_grade_part2,trainval
/Users/den1shh/Documents/nornickel/miners/data/ore_photos_by_grade_part2/fine_grained/34.jpg,1,fine,fine_grained/34,ore_photos_by_grade_part2,trainval
/Users/den1shh/Documents/nornickel/miners/data/ore_photos_by_grade_part2/fine_grained/35.jpg,1,fine,fine_grained/35,ore_photos_by_grade_part2,trainval
/Users/den1shh/Documents/nornickel/miners/data/ore_photos_by_grade_part2/fine_grained/36.jpg,1,fine,fine_grained/36,ore_photos_by_grade_part2,trainval
/Users/den1shh/Documents/nornickel/miners/data/ore_photos_by_grade_part2/fine_grained/37.jpg,1,fine,fine_grained/37,ore_photos_by_grade_part2,trainval
/Users/den1shh/Documents/nornickel/miners/data/ore_photos_by_grade_part2/fine_grained/37_.jpg,1,fine,fine_grained/37,ore_photos_by_grade_part2,trainval
/Users/den1shh/Documents/nornickel/miners/data/ore_photos_by_grade_part2/fine_grained/38.jpg,1,fine,fine_grained/38,ore_photos_by_grade_part2,trainval
/Users/den1shh/Documents/nornickel/miners/data/ore_photos_by_grade_part2/fine_grained/39.jpg,1,fine,fine_grained/39,ore_photos_by_grade_part2,holdout
/Users/den1shh/Documents/nornickel/miners/data/ore_photos_by_grade_part2/fine_grained/3_.jpg,1,fine,fine_grained/3,ore_photos_by_grade_part2,trainval
/Users/den1shh/Documents/nornickel/miners/data/ore_photos_by_grade_part2/fine_grained/4.jpg,1,fine,fine_grained/4,ore_photos_by_grade_part2,trainval
/Users/den1shh/Documents/nornickel/miners/data/ore_photos_by_grade_part2/fine_grained/40.jpg,1,fine,fine_grained/40,ore_photos_by_grade_part2,trainval
/Users/den1shh/Documents/nornickel/miners/data/ore_photos_by_grade_part2/fine_grained/41.jpg,1,fine,fine_grained/41,ore_photos_by_grade_part2,trainval
/Users/den1shh/Documents/nornickel/miners/data/ore_photos_by_grade_part2/fine_grained/42.jpg,1,fine,fine_grained/42,ore_photos_by_grade_part2,trainval
/Users/den1shh/Documents/nornickel/miners/data/ore_photos_by_grade_part2/fine_grained/43.jpg,1,fine,fine_grained/43,ore_photos_by_grade_part2,trainval
/Users/den1shh/Documents/nornickel/miners/data/ore_photos_by_grade_part2/fine_grained/44.jpg,1,fine,fine_grained/44,ore_photos_by_grade_part2,trainval
/Users/den1shh/Documents/nornickel/miners/data/ore_photos_by_grade_part2/fine_grained/45.jpg,1,fine,fine_grained/45,ore_photos_by_grade_part2,trainval
/Users/den1shh/Documents/nornickel/miners/data/ore_photos_by_grade_part2/fine_grained/46 (2).jpg,1,fine,fine_grained/46,ore_photos_by_grade_part2,trainval
/Users/den1shh/Documents/nornickel/miners/data/ore_photos_by_grade_part2/fine_grained/46.jpg,1,fine,fine_grained/46,ore_photos_by_grade_part2,trainval
/Users/den1shh/Documents/nornickel/miners/data/ore_photos_by_grade_part2/fine_grained/47.jpg,1,fine,fine_grained/47,ore_photos_by_grade_part2,trainval
/Users/den1shh/Documents/nornickel/miners/data/ore_photos_by_grade_part2/fine_grained/48.jpg,1,fine,fine_grained/48,ore_photos_by_grade_part2,trainval
/Users/den1shh/Documents/nornickel/miners/data/ore_photos_by_grade_part2/fine_grained/49.jpg,1,fine,fine_grained/49,ore_photos_by_grade_part2,trainval
/Users/den1shh/Documents/nornickel/miners/data/ore_photos_by_grade_part2/fine_grained/5.jpg,1,fine,fine_grained/5,ore_photos_by_grade_part2,holdout
/Users/den1shh/Documents/nornickel/miners/data/ore_photos_by_grade_part2/fine_grained/50.jpg,1,fine,fine_grained/50,ore_photos_by_grade_part2,trainval
/Users/den1shh/Documents/nornickel/miners/data/ore_photos_by_grade_part2/fine_grained/51.jpg,1,fine,fine_grained/51,ore_photos_by_grade_part2,trainval
/Users/den1shh/Documents/nornickel/miners/data/ore_photos_by_grade_part2/fine_grained/52 (2).jpg,1,fine,fine_grained/52,ore_photos_by_grade_part2,trainval
/Users/den1shh/Documents/nornickel/miners/data/ore_photos_by_grade_part2/fine_grained/52.jpg,1,fine,fine_grained/52,ore_photos_by_grade_part2,trainval
/Users/den1shh/Documents/nornickel/miners/data/ore_photos_by_grade_part2/fine_grained/52_.jpg,1,fine,fine_grained/52,ore_photos_by_grade_part2,trainval
/Users/den1shh/Documents/nornickel/miners/data/ore_photos_by_grade_part2/fine_grained/53.jpg,1,fine,fine_grained/53,ore_photos_by_grade_part2,holdout
/Users/den1shh/Documents/nornickel/miners/data/ore_photos_by_grade_part2/fine_grained/54.jpg,1,fine,fine_grained/54,ore_photos_by_grade_part2,trainval
/Users/den1shh/Documents/nornickel/miners/data/ore_photos_by_grade_part2/fine_grained/55.jpg,1,fine,fine_grained/55,ore_photos_by_grade_part2,trainval
/Users/den1shh/Documents/nornickel/miners/data/ore_photos_by_grade_part2/fine_grained/56.jpg,1,fine,fine_grained/56,ore_photos_by_grade_part2,trainval
/Users/den1shh/Documents/nornickel/miners/data/ore_photos_by_grade_part2/fine_grained/57.jpg,1,fine,fine_grained/57,ore_photos_by_grade_part2,trainval
/Users/den1shh/Documents/nornickel/miners/data/ore_photos_by_grade_part2/fine_grained/58.JPG,1,fine,fine_grained/58,ore_photos_by_grade_part2,trainval
/Users/den1shh/Documents/nornickel/miners/data/ore_photos_by_grade_part2/fine_grained/58_.jpg,1,fine,fine_grained/58,ore_photos_by_grade_part2,trainval
/Users/den1shh/Documents/nornickel/miners/data/ore_photos_by_grade_part2/fine_grained/59.JPG,1,fine,fine_grained/59,ore_photos_by_grade_part2,trainval
/Users/den1shh/Documents/nornickel/miners/data/ore_photos_by_grade_part2/fine_grained/59_.jpg,1,fine,fine_grained/59,ore_photos_by_grade_part2,trainval
/Users/den1shh/Documents/nornickel/miners/data/ore_photos_by_grade_part2/fine_grained/5_.jpg,1,fine,fine_grained/5,ore_photos_by_grade_part2,holdout
/Users/den1shh/Documents/nornickel/miners/data/ore_photos_by_grade_part2/fine_grained/60.JPG,1,fine,fine_grained/60,ore_photos_by_grade_part2,trainval
/Users/den1shh/Documents/nornickel/miners/data/ore_photos_by_grade_part2/fine_grained/60_.jpg,1,fine,fine_grained/60,ore_photos_by_grade_part2,trainval
/Users/den1shh/Documents/nornickel/miners/data/ore_photos_by_grade_part2/fine_grained/61.JPG,1,fine,fine_grained/61,ore_photos_by_grade_part2,trainval
/Users/den1shh/Documents/nornickel/miners/data/ore_photos_by_grade_part2/fine_grained/62.JPG,1,fine,fine_grained/62,ore_photos_by_grade_part2,trainval
/Users/den1shh/Documents/nornickel/miners/data/ore_photos_by_grade_part2/fine_grained/63.JPG,1,fine,fine_grained/63,ore_photos_by_grade_part2,trainval
/Users/den1shh/Documents/nornickel/miners/data/ore_photos_by_grade_part2/fine_grained/63_.jpg,1,fine,fine_grained/63,ore_photos_by_grade_part2,trainval
/Users/den1shh/Documents/nornickel/miners/data/ore_photos_by_grade_part2/fine_grained/64.JPG,1,fine,fine_grained/64,ore_photos_by_grade_part2,trainval
/Users/den1shh/Documents/nornickel/miners/data/ore_photos_by_grade_part2/fine_grained/64_.jpg,1,fine,fine_grained/64,ore_photos_by_grade_part2,trainval
/Users/den1shh/Documents/nornickel/miners/data/ore_photos_by_grade_part2/fine_grained/65.JPG,1,fine,fine_grained/65,ore_photos_by_grade_part2,holdout
/Users/den1shh/Documents/nornickel/miners/data/ore_photos_by_grade_part2/fine_grained/65_.jpg,1,fine,fine_grained/65,ore_photos_by_grade_part2,holdout
/Users/den1shh/Documents/nornickel/miners/data/ore_photos_by_grade_part2/fine_grained/66.JPG,1,fine,fine_grained/66,ore_photos_by_grade_part2,trainval
/Users/den1shh/Documents/nornickel/miners/data/ore_photos_by_grade_part2/fine_grained/66_.jpg,1,fine,fine_grained/66,ore_photos_by_grade_part2,trainval
/Users/den1shh/Documents/nornickel/miners/data/ore_photos_by_grade_part2/fine_grained/67.JPG,1,fine,fine_grained/67,ore_photos_by_grade_part2,trainval
/Users/den1shh/Documents/nornickel/miners/data/ore_photos_by_grade_part2/fine_grained/67_.jpg,1,fine,fine_grained/67,ore_photos_by_grade_part2,trainval
/Users/den1shh/Documents/nornickel/miners/data/ore_photos_by_grade_part2/fine_grained/68 3.jpg,1,fine,fine_grained/68 3,ore_photos_by_grade_part2,trainval
/Users/den1shh/Documents/nornickel/miners/data/ore_photos_by_grade_part2/fine_grained/68.JPG,1,fine,fine_grained/68,ore_photos_by_grade_part2,trainval
/Users/den1shh/Documents/nornickel/miners/data/ore_photos_by_grade_part2/fine_grained/68_.jpg,1,fine,fine_grained/68,ore_photos_by_grade_part2,trainval
/Users/den1shh/Documents/nornickel/miners/data/ore_photos_by_grade_part2/fine_grained/69 1.jpg,1,fine,fine_grained/69 1,ore_photos_by_grade_part2,trainval
/Users/den1shh/Documents/nornickel/miners/data/ore_photos_by_grade_part2/fine_grained/69.JPG,1,fine,fine_grained/69,ore_photos_by_grade_part2,trainval
/Users/den1shh/Documents/nornickel/miners/data/ore_photos_by_grade_part2/fine_grained/69_.jpg,1,fine,fine_grained/69,ore_photos_by_grade_part2,trainval
/Users/den1shh/Documents/nornickel/miners/data/ore_photos_by_grade_part2/fine_grained/6_.jpg,1,fine,fine_grained/6,ore_photos_by_grade_part2,trainval
/Users/den1shh/Documents/nornickel/miners/data/ore_photos_by_grade_part2/fine_grained/7.jpg,1,fine,fine_grained/7,ore_photos_by_grade_part2,trainval
/Users/den1shh/Documents/nornickel/miners/data/ore_photos_by_grade_part2/fine_grained/70 2.jpg,1,fine,fine_grained/70 2,ore_photos_by_grade_part2,trainval
/Users/den1shh/Documents/nornickel/miners/data/ore_photos_by_grade_part2/fine_grained/70 3.jpg,1,fine,fine_grained/70 3,ore_photos_by_grade_part2,trainval
/Users/den1shh/Documents/nornickel/miners/data/ore_photos_by_grade_part2/fine_grained/70.JPG,1,fine,fine_grained/70,ore_photos_by_grade_part2,trainval
/Users/den1shh/Documents/nornickel/miners/data/ore_photos_by_grade_part2/fine_grained/70_.jpg,1,fine,fine_grained/70,ore_photos_by_grade_part2,trainval
/Users/den1shh/Documents/nornickel/miners/data/ore_photos_by_grade_part2/fine_grained/71 (2).jpg,1,fine,fine_grained/71,ore_photos_by_grade_part2,trainval
/Users/den1shh/Documents/nornickel/miners/data/ore_photos_by_grade_part2/fine_grained/71.JPG,1,fine,fine_grained/71,ore_photos_by_grade_part2,trainval
/Users/den1shh/Documents/nornickel/miners/data/ore_photos_by_grade_part2/fine_grained/71_.jpg,1,fine,fine_grained/71,ore_photos_by_grade_part2,trainval
/Users/den1shh/Documents/nornickel/miners/data/ore_photos_by_grade_part2/fine_grained/72.JPG,1,fine,fine_grained/72,ore_photos_by_grade_part2,trainval
/Users/den1shh/Documents/nornickel/miners/data/ore_photos_by_grade_part2/fine_grained/72_.jpg,1,fine,fine_grained/72,ore_photos_by_grade_part2,trainval
/Users/den1shh/Documents/nornickel/miners/data/ore_photos_by_grade_part2/fine_grained/73.JPG,1,fine,fine_grained/73,ore_photos_by_grade_part2,trainval
/Users/den1shh/Documents/nornickel/miners/data/ore_photos_by_grade_part2/fine_grained/73_ (2).jpg,1,fine,fine_grained/73,ore_photos_by_grade_part2,trainval
/Users/den1shh/Documents/nornickel/miners/data/ore_photos_by_grade_part2/fine_grained/73_.jpg,1,fine,fine_grained/73,ore_photos_by_grade_part2,trainval
/Users/den1shh/Documents/nornickel/miners/data/ore_photos_by_grade_part2/fine_grained/74.JPG,1,fine,fine_grained/74,ore_photos_by_grade_part2,trainval
/Users/den1shh/Documents/nornickel/miners/data/ore_photos_by_grade_part2/fine_grained/75.JPG,1,fine,fine_grained/75,ore_photos_by_grade_part2,trainval
/Users/den1shh/Documents/nornickel/miners/data/ore_photos_by_grade_part2/fine_grained/76.JPG,1,fine,fine_grained/76,ore_photos_by_grade_part2,trainval
/Users/den1shh/Documents/nornickel/miners/data/ore_photos_by_grade_part2/fine_grained/76_.jpg,1,fine,fine_grained/76,ore_photos_by_grade_part2,trainval
/Users/den1shh/Documents/nornickel/miners/data/ore_photos_by_grade_part2/fine_grained/77.JPG,1,fine,fine_grained/77,ore_photos_by_grade_part2,trainval
/Users/den1shh/Documents/nornickel/miners/data/ore_photos_by_grade_part2/fine_grained/77_.jpg,1,fine,fine_grained/77,ore_photos_by_grade_part2,trainval
/Users/den1shh/Documents/nornickel/miners/data/ore_photos_by_grade_part2/fine_grained/78.JPG,1,fine,fine_grained/78,ore_photos_by_grade_part2,trainval
/Users/den1shh/Documents/nornickel/miners/data/ore_photos_by_grade_part2/fine_grained/79.JPG,1,fine,fine_grained/79,ore_photos_by_grade_part2,trainval
/Users/den1shh/Documents/nornickel/miners/data/ore_photos_by_grade_part2/fine_grained/7_ (2).jpg,1,fine,fine_grained/7,ore_photos_by_grade_part2,trainval
/Users/den1shh/Documents/nornickel/miners/data/ore_photos_by_grade_part2/fine_grained/7_.jpg,1,fine,fine_grained/7,ore_photos_by_grade_part2,trainval
/Users/den1shh/Documents/nornickel/miners/data/ore_photos_by_grade_part2/fine_grained/8.jpg,1,fine,fine_grained/8,ore_photos_by_grade_part2,trainval
/Users/den1shh/Documents/nornickel/miners/data/ore_photos_by_grade_part2/fine_grained/80.JPG,1,fine,fine_grained/80,ore_photos_by_grade_part2,trainval
/Users/den1shh/Documents/nornickel/miners/data/ore_photos_by_grade_part2/fine_grained/80_.jpg,1,fine,fine_grained/80,ore_photos_by_grade_part2,trainval
/Users/den1shh/Documents/nornickel/miners/data/ore_photos_by_grade_part2/fine_grained/81.JPG,1,fine,fine_grained/81,ore_photos_by_grade_part2,trainval
/Users/den1shh/Documents/nornickel/miners/data/ore_photos_by_grade_part2/fine_grained/82 (2).JPG,1,fine,fine_grained/82,ore_photos_by_grade_part2,trainval
/Users/den1shh/Documents/nornickel/miners/data/ore_photos_by_grade_part2/fine_grained/82.JPG,1,fine,fine_grained/82,ore_photos_by_grade_part2,trainval
/Users/den1shh/Documents/nornickel/miners/data/ore_photos_by_grade_part2/fine_grained/83.JPG,1,fine,fine_grained/83,ore_photos_by_grade_part2,trainval
/Users/den1shh/Documents/nornickel/miners/data/ore_photos_by_grade_part2/fine_grained/83_.jpg,1,fine,fine_grained/83,ore_photos_by_grade_part2,trainval
/Users/den1shh/Documents/nornickel/miners/data/ore_photos_by_grade_part2/fine_grained/84.JPG,1,fine,fine_grained/84,ore_photos_by_grade_part2,trainval
/Users/den1shh/Documents/nornickel/miners/data/ore_photos_by_grade_part2/fine_grained/85.JPG,1,fine,fine_grained/85,ore_photos_by_grade_part2,trainval
/Users/den1shh/Documents/nornickel/miners/data/ore_photos_by_grade_part2/fine_grained/86.JPG,1,fine,fine_grained/86,ore_photos_by_grade_part2,trainval
/Users/den1shh/Documents/nornickel/miners/data/ore_photos_by_grade_part2/fine_grained/87.JPG,1,fine,fine_grained/87,ore_photos_by_grade_part2,holdout
/Users/den1shh/Documents/nornickel/miners/data/ore_photos_by_grade_part2/fine_grained/88.JPG,1,fine,fine_grained/88,ore_photos_by_grade_part2,holdout
/Users/den1shh/Documents/nornickel/miners/data/ore_photos_by_grade_part2/fine_grained/89.JPG,1,fine,fine_grained/89,ore_photos_by_grade_part2,holdout
/Users/den1shh/Documents/nornickel/miners/data/ore_photos_by_grade_part2/fine_grained/8_.jpg,1,fine,fine_grained/8,ore_photos_by_grade_part2,trainval
/Users/den1shh/Documents/nornickel/miners/data/ore_photos_by_grade_part2/fine_grained/9.jpg,1,fine,fine_grained/9,ore_photos_by_grade_part2,trainval
/Users/den1shh/Documents/nornickel/miners/data/ore_photos_by_grade_part2/fine_grained/90.JPG,1,fine,fine_grained/90,ore_photos_by_grade_part2,trainval
/Users/den1shh/Documents/nornickel/miners/data/ore_photos_by_grade_part2/fine_grained/91.JPG,1,fine,fine_grained/91,ore_photos_by_grade_part2,trainval
/Users/den1shh/Documents/nornickel/miners/data/ore_photos_by_grade_part2/fine_grained/92.JPG,1,fine,fine_grained/92,ore_photos_by_grade_part2,trainval
/Users/den1shh/Documents/nornickel/miners/data/ore_photos_by_grade_part2/fine_grained/92_.jpg,1,fine,fine_grained/92,ore_photos_by_grade_part2,trainval
/Users/den1shh/Documents/nornickel/miners/data/ore_photos_by_grade_part2/fine_grained/93.JPG,1,fine,fine_grained/93,ore_photos_by_grade_part2,trainval
/Users/den1shh/Documents/nornickel/miners/data/ore_photos_by_grade_part2/fine_grained/94.JPG,1,fine,fine_grained/94,ore_photos_by_grade_part2,trainval
/Users/den1shh/Documents/nornickel/miners/data/ore_photos_by_grade_part2/fine_grained/95.JPG,1,fine,fine_grained/95,ore_photos_by_grade_part2,trainval
/Users/den1shh/Documents/nornickel/miners/data/ore_photos_by_grade_part2/fine_grained/96.JPG,1,fine,fine_grained/96,ore_photos_by_grade_part2,trainval
/Users/den1shh/Documents/nornickel/miners/data/ore_photos_by_grade_part2/fine_grained/97.JPG,1,fine,fine_grained/97,ore_photos_by_grade_part2,trainval
/Users/den1shh/Documents/nornickel/miners/data/ore_photos_by_grade_part2/fine_grained/98.JPG,1,fine,fine_grained/98,ore_photos_by_grade_part2,trainval
/Users/den1shh/Documents/nornickel/miners/data/ore_photos_by_grade_part2/fine_grained/99.JPG,1,fine,fine_grained/99,ore_photos_by_grade_part2,trainval
/Users/den1shh/Documents/nornickel/miners/data/ore_photos_by_grade_part2/fine_grained/9_.jpg,1,fine,fine_grained/9,ore_photos_by_grade_part2,trainval
/Users/den1shh/Documents/nornickel/miners/data/ore_photos_by_grade_part2/fine_grained/DSCN0464.JPG,1,fine,fine_grained/dscn0464,ore_photos_by_grade_part2,trainval
/Users/den1shh/Documents/nornickel/miners/data/ore_photos_by_grade_part2/fine_grained/DSCN0466.JPG,1,fine,fine_grained/dscn0466,ore_photos_by_grade_part2,trainval
/Users/den1shh/Documents/nornickel/miners/data/ore_photos_by_grade_part2/fine_grained/DSCN0475.JPG,1,fine,fine_grained/dscn0475,ore_photos_by_grade_part2,trainval
/Users/den1shh/Documents/nornickel/miners/data/ore_photos_by_grade_part2/fine_grained/DSCN0476.JPG,1,fine,fine_grained/dscn0476,ore_photos_by_grade_part2,trainval
/Users/den1shh/Documents/nornickel/miners/data/ore_photos_by_grade_part2/fine_grained/DSCN0614.JPG,1,fine,fine_grained/dscn0614,ore_photos_by_grade_part2,trainval
/Users/den1shh/Documents/nornickel/miners/data/ore_photos_by_grade_part2/fine_grained/DSCN0615.JPG,1,fine,fine_grained/dscn0615,ore_photos_by_grade_part2,trainval
/Users/den1shh/Documents/nornickel/miners/data/ore_photos_by_grade_part2/fine_grained/DSCN0617.JPG,1,fine,fine_grained/dscn0617,ore_photos_by_grade_part2,trainval
/Users/den1shh/Documents/nornickel/miners/data/ore_photos_by_grade_part2/fine_grained/DSCN0618.JPG,1,fine,fine_grained/dscn0618,ore_photos_by_grade_part2,trainval
/Users/den1shh/Documents/nornickel/miners/data/ore_photos_by_grade_part2/fine_grained/DSCN0629.JPG,1,fine,fine_grained/dscn0629,ore_photos_by_grade_part2,trainval
/Users/den1shh/Documents/nornickel/miners/data/ore_photos_by_grade_part2/fine_grained/DSCN0646.JPG,1,fine,fine_grained/dscn0646,ore_photos_by_grade_part2,trainval
/Users/den1shh/Documents/nornickel/miners/data/ore_photos_by_grade_part2/fine_grained/DSCN0671.JPG,1,fine,fine_grained/dscn0671,ore_photos_by_grade_part2,trainval
/Users/den1shh/Documents/nornickel/miners/data/ore_photos_by_grade_part2/fine_grained/DSCN0673.JPG,1,fine,fine_grained/dscn0673,ore_photos_by_grade_part2,trainval
/Users/den1shh/Documents/nornickel/miners/data/ore_photos_by_grade_part2/fine_grained/DSCN0684.JPG,1,fine,fine_grained/dscn0684,ore_photos_by_grade_part2,trainval
/Users/den1shh/Documents/nornickel/miners/data/ore_photos_by_grade_part2/fine_grained/DSCN0997.JPG,1,fine,fine_grained/dscn0997,ore_photos_by_grade_part2,trainval
/Users/den1shh/Documents/nornickel/miners/data/ore_photos_by_grade_part2/fine_grained/DSCN1005.JPG,1,fine,fine_grained/dscn1005,ore_photos_by_grade_part2,trainval
/Users/den1shh/Documents/nornickel/miners/data/ore_photos_by_grade_part2/fine_grained/DSCN1006.JPG,1,fine,fine_grained/dscn1006,ore_photos_by_grade_part2,trainval
/Users/den1shh/Documents/nornickel/miners/data/ore_photos_by_grade_part2/fine_grained/DSCN1007.JPG,1,fine,fine_grained/dscn1007,ore_photos_by_grade_part2,trainval
/Users/den1shh/Documents/nornickel/miners/data/ore_photos_by_grade_part2/fine_grained/DSCN1008.JPG,1,fine,fine_grained/dscn1008,ore_photos_by_grade_part2,holdout
/Users/den1shh/Documents/nornickel/miners/data/ore_photos_by_grade_part2/fine_grained/DSCN1011.JPG,1,fine,fine_grained/dscn1011,ore_photos_by_grade_part2,trainval
/Users/den1shh/Documents/nornickel/miners/data/ore_photos_by_grade_part2/fine_grained/DSCN1012.JPG,1,fine,fine_grained/dscn1012,ore_photos_by_grade_part2,trainval
/Users/den1shh/Documents/nornickel/miners/data/ore_photos_by_grade_part2/fine_grained/DSCN1040.JPG,1,fine,fine_grained/dscn1040,ore_photos_by_grade_part2,trainval
/Users/den1shh/Documents/nornickel/miners/data/ore_photos_by_grade_part2/fine_grained/DSCN1041.JPG,1,fine,fine_grained/dscn1041,ore_photos_by_grade_part2,trainval
/Users/den1shh/Documents/nornickel/miners/data/ore_photos_by_grade_part2/fine_grained/DSCN1043.JPG,1,fine,fine_grained/dscn1043,ore_photos_by_grade_part2,trainval
/Users/den1shh/Documents/nornickel/miners/data/ore_photos_by_grade_part2/fine_grained/DSCN1044.JPG,1,fine,fine_grained/dscn1044,ore_photos_by_grade_part2,trainval
/Users/den1shh/Documents/nornickel/miners/data/ore_photos_by_grade_part2/fine_grained/DSCN1045.JPG,1,fine,fine_grained/dscn1045,ore_photos_by_grade_part2,trainval
/Users/den1shh/Documents/nornickel/miners/data/ore_photos_by_grade_part2/fine_grained/DSCN1050.JPG,1,fine,fine_grained/dscn1050,ore_photos_by_grade_part2,trainval
/Users/den1shh/Documents/nornickel/miners/data/ore_photos_by_grade_part2/fine_grained/DSCN1052.JPG,1,fine,fine_grained/dscn1052,ore_photos_by_grade_part2,trainval
/Users/den1shh/Documents/nornickel/miners/data/ore_photos_by_grade_part2/fine_grained/DSCN1057.JPG,1,fine,fine_grained/dscn1057,ore_photos_by_grade_part2,trainval
/Users/den1shh/Documents/nornickel/miners/data/ore_photos_by_grade_part2/fine_grained/DSCN1070.JPG,1,fine,fine_grained/dscn1070,ore_photos_by_grade_part2,trainval
/Users/den1shh/Documents/nornickel/miners/data/ore_photos_by_grade_part2/fine_grained/DSCN1071.JPG,1,fine,fine_grained/dscn1071,ore_photos_by_grade_part2,trainval
/Users/den1shh/Documents/nornickel/miners/data/ore_photos_by_grade_part2/fine_grained/DSCN1072.JPG,1,fine,fine_grained/dscn1072,ore_photos_by_grade_part2,holdout
/Users/den1shh/Documents/nornickel/miners/data/ore_photos_by_grade_part2/fine_grained/DSCN1076.JPG,1,fine,fine_grained/dscn1076,ore_photos_by_grade_part2,trainval
/Users/den1shh/Documents/nornickel/miners/data/ore_photos_by_grade_part2/fine_grained/DSCN1077.JPG,1,fine,fine_grained/dscn1077,ore_photos_by_grade_part2,trainval
/Users/den1shh/Documents/nornickel/miners/data/ore_photos_by_grade_part2/fine_grained/DSCN1090.JPG,1,fine,fine_grained/dscn1090,ore_photos_by_grade_part2,trainval
/Users/den1shh/Documents/nornickel/miners/data/ore_photos_by_grade_part2/fine_grained/DSCN1204.JPG,1,fine,fine_grained/dscn1204,ore_photos_by_grade_part2,trainval
/Users/den1shh/Documents/nornickel/miners/data/ore_photos_by_grade_part2/fine_grained/DSCN1205.JPG,1,fine,fine_grained/dscn1205,ore_photos_by_grade_part2,trainval
/Users/den1shh/Documents/nornickel/miners/data/ore_photos_by_grade_part2/fine_grained/DSCN1208.JPG,1,fine,fine_grained/dscn1208,ore_photos_by_grade_part2,trainval
/Users/den1shh/Documents/nornickel/miners/data/ore_photos_by_grade_part2/fine_grained/DSCN1209.JPG,1,fine,fine_grained/dscn1209,ore_photos_by_grade_part2,holdout
/Users/den1shh/Documents/nornickel/miners/data/ore_photos_by_grade_part2/fine_grained/DSCN1211.JPG,1,fine,fine_grained/dscn1211,ore_photos_by_grade_part2,trainval
/Users/den1shh/Documents/nornickel/miners/data/ore_photos_by_grade_part2/fine_grained/DSCN1212.JPG,1,fine,fine_grained/dscn1212,ore_photos_by_grade_part2,trainval
/Users/den1shh/Documents/nornickel/miners/data/ore_photos_by_grade_part2/fine_grained/DSCN1222.JPG,1,fine,fine_grained/dscn1222,ore_photos_by_grade_part2,trainval
/Users/den1shh/Documents/nornickel/miners/data/ore_photos_by_grade_part2/fine_grained/DSCN1377.JPG,1,fine,fine_grained/dscn1377,ore_photos_by_grade_part2,trainval
/Users/den1shh/Documents/nornickel/miners/data/ore_photos_by_grade_part2/fine_grained/DSCN1380.JPG,1,fine,fine_grained/dscn1380,ore_photos_by_grade_part2,trainval
/Users/den1shh/Documents/nornickel/miners/data/ore_photos_by_grade_part2/fine_grained/DSCN1382.JPG,1,fine,fine_grained/dscn1382,ore_photos_by_grade_part2,trainval
/Users/den1shh/Documents/nornickel/miners/data/ore_photos_by_grade_part2/fine_grained/DSCN1388.JPG,1,fine,fine_grained/dscn1388,ore_photos_by_grade_part2,holdout
/Users/den1shh/Documents/nornickel/miners/data/ore_photos_by_grade_part2/fine_grained/DSCN1412.JPG,1,fine,fine_grained/dscn1412,ore_photos_by_grade_part2,trainval
/Users/den1shh/Documents/nornickel/miners/data/ore_photos_by_grade_part2/fine_grained/DSCN1414.JPG,1,fine,fine_grained/dscn1414,ore_photos_by_grade_part2,trainval
/Users/den1shh/Documents/nornickel/miners/data/ore_photos_by_grade_part2/fine_grained/DSCN1450.JPG,1,fine,fine_grained/dscn1450,ore_photos_by_grade_part2,trainval
/Users/den1shh/Documents/nornickel/miners/data/ore_photos_by_grade_part2/fine_grained/DSCN1451.JPG,1,fine,fine_grained/dscn1451,ore_photos_by_grade_part2,trainval
/Users/den1shh/Documents/nornickel/miners/data/ore_photos_by_grade_part2/fine_grained/DSCN1452.JPG,1,fine,fine_grained/dscn1452,ore_photos_by_grade_part2,trainval
/Users/den1shh/Documents/nornickel/miners/data/ore_photos_by_grade_part2/fine_grained/DSCN1453.JPG,1,fine,fine_grained/dscn1453,ore_photos_by_grade_part2,trainval
/Users/den1shh/Documents/nornickel/miners/data/ore_photos_by_grade_part2/fine_grained/DSCN1468.JPG,1,fine,fine_grained/dscn1468,ore_photos_by_grade_part2,trainval
/Users/den1shh/Documents/nornickel/miners/data/ore_photos_by_grade_part2/fine_grained/DSCN1511.JPG,1,fine,fine_grained/dscn1511,ore_photos_by_grade_part2,trainval
/Users/den1shh/Documents/nornickel/miners/data/ore_photos_by_grade_part2/fine_grained/DSCN1512.JPG,1,fine,fine_grained/dscn1512,ore_photos_by_grade_part2,trainval
/Users/den1shh/Documents/nornickel/miners/data/ore_photos_by_grade_part2/fine_grained/DSCN1521.JPG,1,fine,fine_grained/dscn1521,ore_photos_by_grade_part2,trainval
/Users/den1shh/Documents/nornickel/miners/data/ore_photos_by_grade_part2/fine_grained/DSCN1529.JPG,1,fine,fine_grained/dscn1529,ore_photos_by_grade_part2,trainval
/Users/den1shh/Documents/nornickel/miners/data/ore_photos_by_grade_part2/fine_grained/DSCN1531.JPG,1,fine,fine_grained/dscn1531,ore_photos_by_grade_part2,trainval
/Users/den1shh/Documents/nornickel/miners/data/ore_photos_by_grade_part2/fine_grained/DSCN1537.JPG,1,fine,fine_grained/dscn1537,ore_photos_by_grade_part2,trainval
/Users/den1shh/Documents/nornickel/miners/data/ore_photos_by_grade_part2/fine_grained/DSCN1538.JPG,1,fine,fine_grained/dscn1538,ore_photos_by_grade_part2,trainval
/Users/den1shh/Documents/nornickel/miners/data/ore_photos_by_grade_part2/fine_grained/DSCN1539.JPG,1,fine,fine_grained/dscn1539,ore_photos_by_grade_part2,trainval
/Users/den1shh/Documents/nornickel/miners/data/ore_photos_by_grade_part2/fine_grained/DSCN1542.JPG,1,fine,fine_grained/dscn1542,ore_photos_by_grade_part2,trainval
/Users/den1shh/Documents/nornickel/miners/data/ore_photos_by_grade_part2/fine_grained/DSCN1552.JPG,1,fine,fine_grained/dscn1552,ore_photos_by_grade_part2,trainval
/Users/den1shh/Documents/nornickel/miners/data/ore_photos_by_grade_part2/fine_grained/DSCN1565.JPG,1,fine,fine_grained/dscn1565,ore_photos_by_grade_part2,trainval
/Users/den1shh/Documents/nornickel/miners/data/ore_photos_by_grade_part2/fine_grained/DSCN1577.JPG,1,fine,fine_grained/dscn1577,ore_photos_by_grade_part2,holdout
/Users/den1shh/Documents/nornickel/miners/data/ore_photos_by_grade_part2/fine_grained/DSCN1614.JPG,1,fine,fine_grained/dscn1614,ore_photos_by_grade_part2,trainval
/Users/den1shh/Documents/nornickel/miners/data/ore_photos_by_grade_part2/fine_grained/DSCN1738.JPG,1,fine,fine_grained/dscn1738,ore_photos_by_grade_part2,trainval
/Users/den1shh/Documents/nornickel/miners/data/ore_photos_by_grade_part2/fine_grained/DSCN1747.JPG,1,fine,fine_grained/dscn1747,ore_photos_by_grade_part2,trainval
/Users/den1shh/Documents/nornickel/miners/data/ore_photos_by_grade_part2/fine_grained/DSCN1759.JPG,1,fine,fine_grained/dscn1759,ore_photos_by_grade_part2,trainval
/Users/den1shh/Documents/nornickel/miners/data/ore_photos_by_grade_part2/fine_grained/DSCN1760.JPG,1,fine,fine_grained/dscn1760,ore_photos_by_grade_part2,holdout
/Users/den1shh/Documents/nornickel/miners/data/ore_photos_by_grade_part2/fine_grained/DSCN1780.JPG,1,fine,fine_grained/dscn1780,ore_photos_by_grade_part2,holdout
/Users/den1shh/Documents/nornickel/miners/data/ore_photos_by_grade_part2/fine_grained/DSCN1784.JPG,1,fine,fine_grained/dscn1784,ore_photos_by_grade_part2,trainval
/Users/den1shh/Documents/nornickel/miners/data/ore_photos_by_grade_part2/fine_grained/DSCN1785.JPG,1,fine,fine_grained/dscn1785,ore_photos_by_grade_part2,holdout
/Users/den1shh/Documents/nornickel/miners/data/ore_photos_by_grade_part2/fine_grained/DSCN1786.JPG,1,fine,fine_grained/dscn1786,ore_photos_by_grade_part2,trainval
/Users/den1shh/Documents/nornickel/miners/data/ore_photos_by_grade_part2/fine_grained/DSCN1787.JPG,1,fine,fine_grained/dscn1787,ore_photos_by_grade_part2,trainval
/Users/den1shh/Documents/nornickel/miners/data/ore_photos_by_grade_part2/fine_grained/DSCN1813.JPG,1,fine,fine_grained/dscn1813,ore_photos_by_grade_part2,trainval
/Users/den1shh/Documents/nornickel/miners/data/ore_photos_by_grade_part2/fine_grained/DSCN1964.JPG,1,fine,fine_grained/dscn1964,ore_photos_by_grade_part2,trainval
/Users/den1shh/Documents/nornickel/miners/data/ore_photos_by_grade_part2/fine_grained/DSCN1965.JPG,1,fine,fine_grained/dscn1965,ore_photos_by_grade_part2,trainval
/Users/den1shh/Documents/nornickel/miners/data/ore_photos_by_grade_part2/fine_grained/DSCN1972.JPG,1,fine,fine_grained/dscn1972,ore_photos_by_grade_part2,trainval
/Users/den1shh/Documents/nornickel/miners/data/ore_photos_by_grade_part2/fine_grained/DSCN1974.JPG,1,fine,fine_grained/dscn1974,ore_photos_by_grade_part2,trainval
/Users/den1shh/Documents/nornickel/miners/data/ore_photos_by_grade_part2/fine_grained/DSCN1978.JPG,1,fine,fine_grained/dscn1978,ore_photos_by_grade_part2,trainval
/Users/den1shh/Documents/nornickel/miners/data/ore_photos_by_grade_part2/fine_grained/DSCN1981.JPG,1,fine,fine_grained/dscn1981,ore_photos_by_grade_part2,trainval
/Users/den1shh/Documents/nornickel/miners/data/ore_photos_by_grade_part2/fine_grained/DSCN1982.JPG,1,fine,fine_grained/dscn1982,ore_photos_by_grade_part2,trainval
/Users/den1shh/Documents/nornickel/miners/data/ore_photos_by_grade_part2/fine_grained/DSCN1984.JPG,1,fine,fine_grained/dscn1984,ore_photos_by_grade_part2,trainval
/Users/den1shh/Documents/nornickel/miners/data/ore_photos_by_grade_part2/fine_grained/DSCN1986.JPG,1,fine,fine_grained/dscn1986,ore_photos_by_grade_part2,trainval
/Users/den1shh/Documents/nornickel/miners/data/ore_photos_by_grade_part2/fine_grained/DSCN1987.JPG,1,fine,fine_grained/dscn1987,ore_photos_by_grade_part2,trainval
/Users/den1shh/Documents/nornickel/miners/data/ore_photos_by_grade_part2/fine_grained/DSCN2008.JPG,1,fine,fine_grained/dscn2008,ore_photos_by_grade_part2,trainval
/Users/den1shh/Documents/nornickel/miners/data/ore_photos_by_grade_part2/fine_grained/DSCN2331.JPG,1,fine,fine_grained/dscn2331,ore_photos_by_grade_part2,trainval
/Users/den1shh/Documents/nornickel/miners/data/ore_photos_by_grade_part2/fine_grained/DSCN2355.JPG,1,fine,fine_grained/dscn2355,ore_photos_by_grade_part2,trainval
/Users/den1shh/Documents/nornickel/miners/data/ore_photos_by_grade_part2/fine_grained/DSCN2544.JPG,1,fine,fine_grained/dscn2544,ore_photos_by_grade_part2,trainval
/Users/den1shh/Documents/nornickel/miners/data/ore_photos_by_grade_part2/fine_grained/DSCN2551.JPG,1,fine,fine_grained/dscn2551,ore_photos_by_grade_part2,trainval
/Users/den1shh/Documents/nornickel/miners/data/ore_photos_by_grade_part2/fine_grained/DSCN2904.JPG,1,fine,fine_grained/dscn2904,ore_photos_by_grade_part2,trainval
/Users/den1shh/Documents/nornickel/miners/data/ore_photos_by_grade_part2/fine_grained/DSCN2932.JPG,1,fine,fine_grained/dscn2932,ore_photos_by_grade_part2,trainval
/Users/den1shh/Documents/nornickel/miners/data/ore_photos_by_grade_part2/fine_grained/DSCN2935.JPG,1,fine,fine_grained/dscn2935,ore_photos_by_grade_part2,trainval
/Users/den1shh/Documents/nornickel/miners/data/ore_photos_by_grade_part2/fine_grained/DSCN2960.JPG,1,fine,fine_grained/dscn2960,ore_photos_by_grade_part2,trainval
/Users/den1shh/Documents/nornickel/miners/data/ore_photos_by_grade_part2/fine_grained/DSCN3132.JPG,1,fine,fine_grained/dscn3132,ore_photos_by_grade_part2,holdout
/Users/den1shh/Documents/nornickel/miners/data/ore_photos_by_grade_part2/fine_grained/DSCN3135.JPG,1,fine,fine_grained/dscn3135,ore_photos_by_grade_part2,trainval
/Users/den1shh/Documents/nornickel/miners/data/ore_photos_by_grade_part2/fine_grained/DSCN3195.JPG,1,fine,fine_grained/dscn3195,ore_photos_by_grade_part2,trainval
/Users/den1shh/Documents/nornickel/miners/data/ore_photos_by_grade_part2/fine_grained/DSCN3196.JPG,1,fine,fine_grained/dscn3196,ore_photos_by_grade_part2,trainval
/Users/den1shh/Documents/nornickel/miners/data/ore_photos_by_grade_part2/fine_grained/DSCN3200.JPG,1,fine,fine_grained/dscn3200,ore_photos_by_grade_part2,holdout
/Users/den1shh/Documents/nornickel/miners/data/ore_photos_by_grade_part2/fine_grained/DSCN3207.JPG,1,fine,fine_grained/dscn3207,ore_photos_by_grade_part2,trainval
/Users/den1shh/Documents/nornickel/miners/data/ore_photos_by_grade_part2/fine_grained/DSCN3254.JPG,1,fine,fine_grained/dscn3254,ore_photos_by_grade_part2,trainval
/Users/den1shh/Documents/nornickel/miners/data/ore_photos_by_grade_part2/fine_grained/DSCN3265.JPG,1,fine,fine_grained/dscn3265,ore_photos_by_grade_part2,trainval
/Users/den1shh/Documents/nornickel/miners/data/ore_photos_by_grade_part2/fine_grained/DSCN3266.JPG,1,fine,fine_grained/dscn3266,ore_photos_by_grade_part2,trainval
/Users/den1shh/Documents/nornickel/miners/data/ore_photos_by_grade_part2/fine_grained/DSCN3341 — копия.JPG,1,fine,fine_grained/dscn3341 — копия,ore_photos_by_grade_part2,holdout
/Users/den1shh/Documents/nornickel/miners/data/ore_photos_by_grade_part2/fine_grained/DSCN3342 — копия.JPG,1,fine,fine_grained/dscn3342 — копия,ore_photos_by_grade_part2,trainval
/Users/den1shh/Documents/nornickel/miners/data/ore_photos_by_grade_part2/fine_grained/DSCN3358 — копия.JPG,1,fine,fine_grained/dscn3358 — копия,ore_photos_by_grade_part2,trainval
/Users/den1shh/Documents/nornickel/miners/data/ore_photos_by_grade_part2/fine_grained/DSCN3361 — копия.JPG,1,fine,fine_grained/dscn3361 — копия,ore_photos_by_grade_part2,trainval
/Users/den1shh/Documents/nornickel/miners/data/ore_photos_by_grade_part2/fine_grained/DSCN3362 — копия.JPG,1,fine,fine_grained/dscn3362 — копия,ore_photos_by_grade_part2,trainval
/Users/den1shh/Documents/nornickel/miners/data/ore_photos_by_grade_part2/fine_grained/DSCN3388 — копия.JPG,1,fine,fine_grained/dscn3388 — копия,ore_photos_by_grade_part2,trainval
/Users/den1shh/Documents/nornickel/miners/data/ore_photos_by_grade_part2/fine_grained/DSCN3444.JPG,1,fine,fine_grained/dscn3444,ore_photos_by_grade_part2,trainval
/Users/den1shh/Documents/nornickel/miners/data/ore_photos_by_grade_part2/fine_grained/DSCN3447.JPG,1,fine,fine_grained/dscn3447,ore_photos_by_grade_part2,trainval
/Users/den1shh/Documents/nornickel/miners/data/ore_photos_by_grade_part2/fine_grained/DSCN3475.JPG,1,fine,fine_grained/dscn3475,ore_photos_by_grade_part2,trainval
/Users/den1shh/Documents/nornickel/miners/data/ore_photos_by_grade_part2/fine_grained/DSCN3499.JPG,1,fine,fine_grained/dscn3499,ore_photos_by_grade_part2,trainval
/Users/den1shh/Documents/nornickel/miners/data/ore_photos_by_grade_part2/fine_grained/DSCN3511.JPG,1,fine,fine_grained/dscn3511,ore_photos_by_grade_part2,trainval
/Users/den1shh/Documents/nornickel/miners/data/ore_photos_by_grade_part2/fine_grained/DSCN3515.JPG,1,fine,fine_grained/dscn3515,ore_photos_by_grade_part2,trainval
/Users/den1shh/Documents/nornickel/miners/data/ore_photos_by_grade_part2/fine_grained/DSCN3516.JPG,1,fine,fine_grained/dscn3516,ore_photos_by_grade_part2,trainval
/Users/den1shh/Documents/nornickel/miners/data/ore_photos_by_grade_part2/fine_grained/DSCN3519.JPG,1,fine,fine_grained/dscn3519,ore_photos_by_grade_part2,trainval
/Users/den1shh/Documents/nornickel/miners/data/ore_photos_by_grade_part2/fine_grained/DSCN3522.JPG,1,fine,fine_grained/dscn3522,ore_photos_by_grade_part2,trainval
/Users/den1shh/Documents/nornickel/miners/data/ore_photos_by_grade_part2/fine_grained/DSCN3532.JPG,1,fine,fine_grained/dscn3532,ore_photos_by_grade_part2,trainval
/Users/den1shh/Documents/nornickel/miners/data/ore_photos_by_grade_part2/fine_grained/DSCN3533.JPG,1,fine,fine_grained/dscn3533,ore_photos_by_grade_part2,holdout
/Users/den1shh/Documents/nornickel/miners/data/ore_photos_by_grade_part2/fine_grained/DSCN3573.JPG,1,fine,fine_grained/dscn3573,ore_photos_by_grade_part2,trainval
/Users/den1shh/Documents/nornickel/miners/data/ore_photos_by_grade_part2/fine_grained/DSCN4244.JPG,1,fine,fine_grained/dscn4244,ore_photos_by_grade_part2,trainval
/Users/den1shh/Documents/nornickel/miners/data/ore_photos_by_grade_part2/fine_grained/DSCN4262.JPG,1,fine,fine_grained/dscn4262,ore_photos_by_grade_part2,holdout
/Users/den1shh/Documents/nornickel/miners/data/ore_photos_by_grade_part2/fine_grained/DSCN4270.JPG,1,fine,fine_grained/dscn4270,ore_photos_by_grade_part2,trainval
/Users/den1shh/Documents/nornickel/miners/data/ore_photos_by_grade_part2/fine_grained/DSCN4273.JPG,1,fine,fine_grained/dscn4273,ore_photos_by_grade_part2,trainval
/Users/den1shh/Documents/nornickel/miners/data/ore_photos_by_grade_part2/fine_grained/DSCN4277.JPG,1,fine,fine_grained/dscn4277,ore_photos_by_grade_part2,trainval
/Users/den1shh/Documents/nornickel/miners/data/ore_photos_by_grade_part2/fine_grained/DSCN4282.JPG,1,fine,fine_grained/dscn4282,ore_photos_by_grade_part2,trainval
/Users/den1shh/Documents/nornickel/miners/data/ore_photos_by_grade_part2/fine_grained/DSCN4297.JPG,1,fine,fine_grained/dscn4297,ore_photos_by_grade_part2,trainval
/Users/den1shh/Documents/nornickel/miners/data/ore_photos_by_grade_part2/fine_grained/DSCN4298.JPG,1,fine,fine_grained/dscn4298,ore_photos_by_grade_part2,trainval
/Users/den1shh/Documents/nornickel/miners/data/ore_photos_by_grade_part2/fine_grained/DSCN4299.JPG,1,fine,fine_grained/dscn4299,ore_photos_by_grade_part2,holdout
/Users/den1shh/Documents/nornickel/miners/data/ore_photos_by_grade_part2/fine_grained/DSCN4300.JPG,1,fine,fine_grained/dscn4300,ore_photos_by_grade_part2,trainval
/Users/den1shh/Documents/nornickel/miners/data/ore_photos_by_grade_part2/fine_grained/DSCN4301.JPG,1,fine,fine_grained/dscn4301,ore_photos_by_grade_part2,trainval
/Users/den1shh/Documents/nornickel/miners/data/ore_photos_by_grade_part2/fine_grained/DSCN4302.JPG,1,fine,fine_grained/dscn4302,ore_photos_by_grade_part2,trainval
/Users/den1shh/Documents/nornickel/miners/data/ore_photos_by_grade_part2/fine_grained/DSCN4314.JPG,1,fine,fine_grained/dscn4314,ore_photos_by_grade_part2,trainval
/Users/den1shh/Documents/nornickel/miners/data/ore_photos_by_grade_part2/fine_grained/DSCN4315.JPG,1,fine,fine_grained/dscn4315,ore_photos_by_grade_part2,trainval
/Users/den1shh/Documents/nornickel/miners/data/ore_photos_by_grade_part2/fine_grained/DSCN4316.JPG,1,fine,fine_grained/dscn4316,ore_photos_by_grade_part2,holdout
/Users/den1shh/Documents/nornickel/miners/data/ore_photos_by_grade_part2/fine_grained/DSCN4320.JPG,1,fine,fine_grained/dscn4320,ore_photos_by_grade_part2,trainval
/Users/den1shh/Documents/nornickel/miners/data/ore_photos_by_grade_part2/fine_grained/DSCN4322.JPG,1,fine,fine_grained/dscn4322,ore_photos_by_grade_part2,trainval
/Users/den1shh/Documents/nornickel/miners/data/ore_photos_by_grade_part2/fine_grained/DSCN4330.JPG,1,fine,fine_grained/dscn4330,ore_photos_by_grade_part2,trainval
/Users/den1shh/Documents/nornickel/miners/data/ore_photos_by_grade_part2/fine_grained/DSCN4335.JPG,1,fine,fine_grained/dscn4335,ore_photos_by_grade_part2,trainval
/Users/den1shh/Documents/nornickel/miners/data/ore_photos_by_grade_part2/fine_grained/DSCN4337.JPG,1,fine,fine_grained/dscn4337,ore_photos_by_grade_part2,trainval
/Users/den1shh/Documents/nornickel/miners/data/ore_photos_by_grade_part2/fine_grained/DSCN4338.JPG,1,fine,fine_grained/dscn4338,ore_photos_by_grade_part2,trainval
/Users/den1shh/Documents/nornickel/miners/data/ore_photos_by_grade_part2/fine_grained/DSCN4340.JPG,1,fine,fine_grained/dscn4340,ore_photos_by_grade_part2,trainval
/Users/den1shh/Documents/nornickel/miners/data/ore_photos_by_grade_part2/fine_grained/DSCN4342.JPG,1,fine,fine_grained/dscn4342,ore_photos_by_grade_part2,trainval
/Users/den1shh/Documents/nornickel/miners/data/ore_photos_by_grade_part2/fine_grained/DSCN4348.JPG,1,fine,fine_grained/dscn4348,ore_photos_by_grade_part2,trainval
/Users/den1shh/Documents/nornickel/miners/data/ore_photos_by_grade_part2/fine_grained/DSCN4349.JPG,1,fine,fine_grained/dscn4349,ore_photos_by_grade_part2,trainval
/Users/den1shh/Documents/nornickel/miners/data/ore_photos_by_grade_part2/fine_grained/DSCN4356.JPG,1,fine,fine_grained/dscn4356,ore_photos_by_grade_part2,trainval
/Users/den1shh/Documents/nornickel/miners/data/ore_photos_by_grade_part2/fine_grained/DSCN4401.JPG,1,fine,fine_grained/dscn4401,ore_photos_by_grade_part2,holdout
/Users/den1shh/Documents/nornickel/miners/data/ore_photos_by_grade_part2/fine_grained/DSCN4403.JPG,1,fine,fine_grained/dscn4403,ore_photos_by_grade_part2,trainval
/Users/den1shh/Documents/nornickel/miners/data/ore_photos_by_grade_part2/fine_grained/DSCN4406.JPG,1,fine,fine_grained/dscn4406,ore_photos_by_grade_part2,trainval
/Users/den1shh/Documents/nornickel/miners/data/ore_photos_by_grade_part2/fine_grained/DSCN4407.JPG,1,fine,fine_grained/dscn4407,ore_photos_by_grade_part2,trainval
/Users/den1shh/Documents/nornickel/miners/data/ore_photos_by_grade_part2/fine_grained/DSCN4408.JPG,1,fine,fine_grained/dscn4408,ore_photos_by_grade_part2,trainval
/Users/den1shh/Documents/nornickel/miners/data/ore_photos_by_grade_part2/fine_grained/DSCN4410.JPG,1,fine,fine_grained/dscn4410,ore_photos_by_grade_part2,trainval
/Users/den1shh/Documents/nornickel/miners/data/ore_photos_by_grade_part2/fine_grained/DSCN4415.JPG,1,fine,fine_grained/dscn4415,ore_photos_by_grade_part2,trainval
/Users/den1shh/Documents/nornickel/miners/data/ore_photos_by_grade_part2/fine_grained/DSCN4417.JPG,1,fine,fine_grained/dscn4417,ore_photos_by_grade_part2,holdout
/Users/den1shh/Documents/nornickel/miners/data/ore_photos_by_grade_part2/fine_grained/DSCN4423.JPG,1,fine,fine_grained/dscn4423,ore_photos_by_grade_part2,trainval
/Users/den1shh/Documents/nornickel/miners/data/ore_photos_by_grade_part2/fine_grained/DSCN4435.JPG,1,fine,fine_grained/dscn4435,ore_photos_by_grade_part2,trainval
/Users/den1shh/Documents/nornickel/miners/data/ore_photos_by_grade_part2/fine_grained/DSCN4442.JPG,1,fine,fine_grained/dscn4442,ore_photos_by_grade_part2,trainval
/Users/den1shh/Documents/nornickel/miners/data/ore_photos_by_grade_part2/fine_grained/DSCN4453.JPG,1,fine,fine_grained/dscn4453,ore_photos_by_grade_part2,trainval
/Users/den1shh/Documents/nornickel/miners/data/ore_photos_by_grade_part2/fine_grained/DSCN4454.JPG,1,fine,fine_grained/dscn4454,ore_photos_by_grade_part2,trainval
/Users/den1shh/Documents/nornickel/miners/data/ore_photos_by_grade_part2/fine_grained/DSCN4457.JPG,1,fine,fine_grained/dscn4457,ore_photos_by_grade_part2,trainval
/Users/den1shh/Documents/nornickel/miners/data/ore_photos_by_grade_part2/fine_grained/DSCN4458.JPG,1,fine,fine_grained/dscn4458,ore_photos_by_grade_part2,trainval
/Users/den1shh/Documents/nornickel/miners/data/ore_photos_by_grade_part2/fine_grained/DSCN4467.JPG,1,fine,fine_grained/dscn4467,ore_photos_by_grade_part2,trainval
/Users/den1shh/Documents/nornickel/miners/data/ore_photos_by_grade_part2/fine_grained/DSCN4478.JPG,1,fine,fine_grained/dscn4478,ore_photos_by_grade_part2,trainval
/Users/den1shh/Documents/nornickel/miners/data/ore_photos_by_grade_part2/fine_grained/DSCN4481.JPG,1,fine,fine_grained/dscn4481,ore_photos_by_grade_part2,trainval
/Users/den1shh/Documents/nornickel/miners/data/ore_photos_by_grade_part2/fine_grained/DSCN4483.JPG,1,fine,fine_grained/dscn4483,ore_photos_by_grade_part2,trainval
/Users/den1shh/Documents/nornickel/miners/data/ore_photos_by_grade_part2/fine_grained/DSCN4487.JPG,1,fine,fine_grained/dscn4487,ore_photos_by_grade_part2,holdout
/Users/den1shh/Documents/nornickel/miners/data/ore_photos_by_grade_part2/fine_grained/DSCN4495.JPG,1,fine,fine_grained/dscn4495,ore_photos_by_grade_part2,trainval
/Users/den1shh/Documents/nornickel/miners/data/ore_photos_by_grade_part2/fine_grained/DSCN4497.JPG,1,fine,fine_grained/dscn4497,ore_photos_by_grade_part2,trainval
/Users/den1shh/Documents/nornickel/miners/data/ore_photos_by_grade_part2/fine_grained/DSCN4702.JPG,1,fine,fine_grained/dscn4702,ore_photos_by_grade_part2,trainval
/Users/den1shh/Documents/nornickel/miners/data/ore_photos_by_grade_part2/fine_grained/DSCN4739.JPG,1,fine,fine_grained/dscn4739,ore_photos_by_grade_part2,holdout
/Users/den1shh/Documents/nornickel/miners/data/ore_photos_by_grade_part2/fine_grained/DSCN4743.JPG,1,fine,fine_grained/dscn4743,ore_photos_by_grade_part2,trainval
/Users/den1shh/Documents/nornickel/miners/data/ore_photos_by_grade_part2/fine_grained/DSCN4749.JPG,1,fine,fine_grained/dscn4749,ore_photos_by_grade_part2,trainval
/Users/den1shh/Documents/nornickel/miners/data/ore_photos_by_grade_part2/fine_grained/DSCN4750.JPG,1,fine,fine_grained/dscn4750,ore_photos_by_grade_part2,trainval
/Users/den1shh/Documents/nornickel/miners/data/ore_photos_by_grade_part2/fine_grained/DSCN4757.JPG,1,fine,fine_grained/dscn4757,ore_photos_by_grade_part2,trainval
/Users/den1shh/Documents/nornickel/miners/data/ore_photos_by_grade_part2/fine_grained/DSCN4763.JPG,1,fine,fine_grained/dscn4763,ore_photos_by_grade_part2,holdout
/Users/den1shh/Documents/nornickel/miners/data/ore_photos_by_grade_part2/fine_grained/DSCN4769.JPG,1,fine,fine_grained/dscn4769,ore_photos_by_grade_part2,trainval
/Users/den1shh/Documents/nornickel/miners/data/ore_photos_by_grade_part2/fine_grained/DSCN4774.JPG,1,fine,fine_grained/dscn4774,ore_photos_by_grade_part2,trainval
/Users/den1shh/Documents/nornickel/miners/data/ore_photos_by_grade_part2/fine_grained/DSCN4781.JPG,1,fine,fine_grained/dscn4781,ore_photos_by_grade_part2,trainval
/Users/den1shh/Documents/nornickel/miners/data/ore_photos_by_grade_part2/fine_grained/DSCN4785.JPG,1,fine,fine_grained/dscn4785,ore_photos_by_grade_part2,holdout
/Users/den1shh/Documents/nornickel/miners/data/ore_photos_by_grade_part2/fine_grained/DSCN6123.JPG,1,fine,fine_grained/dscn6123,ore_photos_by_grade_part2,trainval
/Users/den1shh/Documents/nornickel/miners/data/ore_photos_by_grade_part2/fine_grained/DSCN6133.JPG,1,fine,fine_grained/dscn6133,ore_photos_by_grade_part2,trainval
/Users/den1shh/Documents/nornickel/miners/data/ore_photos_by_grade_part2/fine_grained/DSCN6135.JPG,1,fine,fine_grained/dscn6135,ore_photos_by_grade_part2,trainval
/Users/den1shh/Documents/nornickel/miners/data/ore_photos_by_grade_part2/fine_grained/DSCN6166.JPG,1,fine,fine_grained/dscn6166,ore_photos_by_grade_part2,trainval
/Users/den1shh/Documents/nornickel/miners/data/ore_photos_by_grade_part2/fine_grained/DSCN6185.JPG,1,fine,fine_grained/dscn6185,ore_photos_by_grade_part2,trainval
/Users/den1shh/Documents/nornickel/miners/data/ore_photos_by_grade_part2/fine_grained/DSCN6192.JPG,1,fine,fine_grained/dscn6192,ore_photos_by_grade_part2,trainval
/Users/den1shh/Documents/nornickel/miners/data/ore_photos_by_grade_part2/fine_grained/DSCN6202.JPG,1,fine,fine_grained/dscn6202,ore_photos_by_grade_part2,trainval
/Users/den1shh/Documents/nornickel/miners/data/ore_photos_by_grade_part2/fine_grained/DSCN6207.JPG,1,fine,fine_grained/dscn6207,ore_photos_by_grade_part2,trainval
/Users/den1shh/Documents/nornickel/miners/data/ore_photos_by_grade_part2/fine_grained/DSCN6217.JPG,1,fine,fine_grained/dscn6217,ore_photos_by_grade_part2,trainval
/Users/den1shh/Documents/nornickel/miners/data/ore_photos_by_grade_part2/fine_grained/DSCN6269.JPG,1,fine,fine_grained/dscn6269,ore_photos_by_grade_part2,trainval
/Users/den1shh/Documents/nornickel/miners/data/ore_photos_by_grade_part2/fine_grained/DSCN6289.JPG,1,fine,fine_grained/dscn6289,ore_photos_by_grade_part2,trainval
/Users/den1shh/Documents/nornickel/miners/data/ore_photos_by_grade_part2/fine_grained/DSCN6292.JPG,1,fine,fine_grained/dscn6292,ore_photos_by_grade_part2,trainval
/Users/den1shh/Documents/nornickel/miners/data/ore_photos_by_grade_part2/fine_grained/DSCN6293.JPG,1,fine,fine_grained/dscn6293,ore_photos_by_grade_part2,trainval
/Users/den1shh/Documents/nornickel/miners/data/ore_photos_by_grade_part2/fine_grained/DSCN8611.JPG,1,fine,fine_grained/dscn8611,ore_photos_by_grade_part2,trainval
/Users/den1shh/Documents/nornickel/miners/data/ore_photos_by_grade_part2/fine_grained/DSCN8641.JPG,1,fine,fine_grained/dscn8641,ore_photos_by_grade_part2,trainval
/Users/den1shh/Documents/nornickel/miners/data/ore_photos_by_grade_part2/fine_grained/DSCN8644.JPG,1,fine,fine_grained/dscn8644,ore_photos_by_grade_part2,trainval
/Users/den1shh/Documents/nornickel/miners/data/ore_photos_by_grade_part2/fine_grained/DSCN8645.JPG,1,fine,fine_grained/dscn8645,ore_photos_by_grade_part2,trainval
/Users/den1shh/Documents/nornickel/miners/data/ore_photos_by_grade_part2/fine_grained/DSCN8646.JPG,1,fine,fine_grained/dscn8646,ore_photos_by_grade_part2,trainval
/Users/den1shh/Documents/nornickel/miners/data/ore_photos_by_grade_part2/fine_grained/DSCN8647.JPG,1,fine,fine_grained/dscn8647,ore_photos_by_grade_part2,trainval
/Users/den1shh/Documents/nornickel/miners/data/ore_photos_by_grade_part2/fine_grained/DSCN8651.JPG,1,fine,fine_grained/dscn8651,ore_photos_by_grade_part2,trainval
/Users/den1shh/Documents/nornickel/miners/data/ore_photos_by_grade_part2/fine_grained/DSCN8652 (2).JPG,1,fine,fine_grained/dscn8652,ore_photos_by_grade_part2,trainval
/Users/den1shh/Documents/nornickel/miners/data/ore_photos_by_grade_part2/fine_grained/DSCN8652.JPG,1,fine,fine_grained/dscn8652,ore_photos_by_grade_part2,trainval
/Users/den1shh/Documents/nornickel/miners/data/ore_photos_by_grade_part2/fine_grained/DSCN8653.JPG,1,fine,fine_grained/dscn8653,ore_photos_by_grade_part2,trainval
/Users/den1shh/Documents/nornickel/miners/data/ore_photos_by_grade_part2/fine_grained/DSCN8654.JPG,1,fine,fine_grained/dscn8654,ore_photos_by_grade_part2,trainval
/Users/den1shh/Documents/nornickel/miners/data/ore_photos_by_grade_part2/fine_grained/DSCN8718.JPG,1,fine,fine_grained/dscn8718,ore_photos_by_grade_part2,trainval
/Users/den1shh/Documents/nornickel/miners/data/ore_photos_by_grade_part2/fine_grained/DSCN8752.JPG,1,fine,fine_grained/dscn8752,ore_photos_by_grade_part2,trainval
/Users/den1shh/Documents/nornickel/miners/data/ore_photos_by_grade_part2/fine_grained/DSCN8753.JPG,1,fine,fine_grained/dscn8753,ore_photos_by_grade_part2,trainval
/Users/den1shh/Documents/nornickel/miners/data/ore_photos_by_grade_part2/fine_grained/DSCN8758.JPG,1,fine,fine_grained/dscn8758,ore_photos_by_grade_part2,trainval
/Users/den1shh/Documents/nornickel/miners/data/ore_photos_by_grade_part2/fine_grained/DSCN8763.JPG,1,fine,fine_grained/dscn8763,ore_photos_by_grade_part2,trainval
/Users/den1shh/Documents/nornickel/miners/data/ore_photos_by_grade_part2/fine_grained/DSCN8765.JPG,1,fine,fine_grained/dscn8765,ore_photos_by_grade_part2,trainval
/Users/den1shh/Documents/nornickel/miners/data/ore_photos_by_grade_part2/fine_grained/DSCN8766.JPG,1,fine,fine_grained/dscn8766,ore_photos_by_grade_part2,trainval
/Users/den1shh/Documents/nornickel/miners/data/ore_photos_by_grade_part2/fine_grained/DSCN8767.JPG,1,fine,fine_grained/dscn8767,ore_photos_by_grade_part2,trainval
/Users/den1shh/Documents/nornickel/miners/data/ore_photos_by_grade_part2/fine_grained/DSCN8772.JPG,1,fine,fine_grained/dscn8772,ore_photos_by_grade_part2,trainval
/Users/den1shh/Documents/nornickel/miners/data/ore_photos_by_grade_part2/fine_grained/DSCN8775.JPG,1,fine,fine_grained/dscn8775,ore_photos_by_grade_part2,trainval
/Users/den1shh/Documents/nornickel/miners/data/ore_photos_by_grade_part2/run_of_mine/-30.jpg,0,normal,run_of_mine/-30,ore_photos_by_grade_part2,holdout
/Users/den1shh/Documents/nornickel/miners/data/ore_photos_by_grade_part2/run_of_mine/-31.jpg,0,normal,run_of_mine/-31,ore_photos_by_grade_part2,trainval
/Users/den1shh/Documents/nornickel/miners/data/ore_photos_by_grade_part2/run_of_mine/-32.jpg,0,normal,run_of_mine/-32,ore_photos_by_grade_part2,trainval
/Users/den1shh/Documents/nornickel/miners/data/ore_photos_by_grade_part2/run_of_mine/1.jpg,0,normal,run_of_mine/1,ore_photos_by_grade_part2,trainval
/Users/den1shh/Documents/nornickel/miners/data/ore_photos_by_grade_part2/run_of_mine/10.jpg,0,normal,run_of_mine/10,ore_photos_by_grade_part2,trainval
/Users/den1shh/Documents/nornickel/miners/data/ore_photos_by_grade_part2/run_of_mine/100.JPG,0,normal,run_of_mine/100,ore_photos_by_grade_part2,trainval
/Users/den1shh/Documents/nornickel/miners/data/ore_photos_by_grade_part2/run_of_mine/100_.jpg,0,normal,run_of_mine/100,ore_photos_by_grade_part2,trainval
/Users/den1shh/Documents/nornickel/miners/data/ore_photos_by_grade_part2/run_of_mine/101.JPG,0,normal,run_of_mine/101,ore_photos_by_grade_part2,trainval
/Users/den1shh/Documents/nornickel/miners/data/ore_photos_by_grade_part2/run_of_mine/101_.jpg,0,normal,run_of_mine/101,ore_photos_by_grade_part2,trainval
/Users/den1shh/Documents/nornickel/miners/data/ore_photos_by_grade_part2/run_of_mine/102.JPG,0,normal,run_of_mine/102,ore_photos_by_grade_part2,trainval
/Users/den1shh/Documents/nornickel/miners/data/ore_photos_by_grade_part2/run_of_mine/103.JPG,0,normal,run_of_mine/103,ore_photos_by_grade_part2,trainval
/Users/den1shh/Documents/nornickel/miners/data/ore_photos_by_grade_part2/run_of_mine/104.JPG,0,normal,run_of_mine/104,ore_photos_by_grade_part2,trainval
/Users/den1shh/Documents/nornickel/miners/data/ore_photos_by_grade_part2/run_of_mine/105.JPG,0,normal,run_of_mine/105,ore_photos_by_grade_part2,trainval
/Users/den1shh/Documents/nornickel/miners/data/ore_photos_by_grade_part2/run_of_mine/107.JPG,0,normal,run_of_mine/107,ore_photos_by_grade_part2,trainval
/Users/den1shh/Documents/nornickel/miners/data/ore_photos_by_grade_part2/run_of_mine/108.JPG,0,normal,run_of_mine/108,ore_photos_by_grade_part2,trainval
/Users/den1shh/Documents/nornickel/miners/data/ore_photos_by_grade_part2/run_of_mine/109.JPG,0,normal,run_of_mine/109,ore_photos_by_grade_part2,trainval
/Users/den1shh/Documents/nornickel/miners/data/ore_photos_by_grade_part2/run_of_mine/11.jpg,0,normal,run_of_mine/11,ore_photos_by_grade_part2,trainval
/Users/den1shh/Documents/nornickel/miners/data/ore_photos_by_grade_part2/run_of_mine/110.JPG,0,normal,run_of_mine/110,ore_photos_by_grade_part2,trainval
/Users/den1shh/Documents/nornickel/miners/data/ore_photos_by_grade_part2/run_of_mine/111.JPG,0,normal,run_of_mine/111,ore_photos_by_grade_part2,trainval
/Users/den1shh/Documents/nornickel/miners/data/ore_photos_by_grade_part2/run_of_mine/112.JPG,0,normal,run_of_mine/112,ore_photos_by_grade_part2,trainval
/Users/den1shh/Documents/nornickel/miners/data/ore_photos_by_grade_part2/run_of_mine/113.JPG,0,normal,run_of_mine/113,ore_photos_by_grade_part2,trainval
/Users/den1shh/Documents/nornickel/miners/data/ore_photos_by_grade_part2/run_of_mine/114.JPG,0,normal,run_of_mine/114,ore_photos_by_grade_part2,trainval
/Users/den1shh/Documents/nornickel/miners/data/ore_photos_by_grade_part2/run_of_mine/115.JPG,0,normal,run_of_mine/115,ore_photos_by_grade_part2,trainval
/Users/den1shh/Documents/nornickel/miners/data/ore_photos_by_grade_part2/run_of_mine/116.JPG,0,normal,run_of_mine/116,ore_photos_by_grade_part2,trainval
/Users/den1shh/Documents/nornickel/miners/data/ore_photos_by_grade_part2/run_of_mine/117.JPG,0,normal,run_of_mine/117,ore_photos_by_grade_part2,trainval
/Users/den1shh/Documents/nornickel/miners/data/ore_photos_by_grade_part2/run_of_mine/118.JPG,0,normal,run_of_mine/118,ore_photos_by_grade_part2,trainval
/Users/den1shh/Documents/nornickel/miners/data/ore_photos_by_grade_part2/run_of_mine/119.JPG,0,normal,run_of_mine/119,ore_photos_by_grade_part2,trainval
/Users/den1shh/Documents/nornickel/miners/data/ore_photos_by_grade_part2/run_of_mine/12.jpg,0,normal,run_of_mine/12,ore_photos_by_grade_part2,trainval
/Users/den1shh/Documents/nornickel/miners/data/ore_photos_by_grade_part2/run_of_mine/120.JPG,0,normal,run_of_mine/120,ore_photos_by_grade_part2,trainval
/Users/den1shh/Documents/nornickel/miners/data/ore_photos_by_grade_part2/run_of_mine/120_.jpg,0,normal,run_of_mine/120,ore_photos_by_grade_part2,trainval
/Users/den1shh/Documents/nornickel/miners/data/ore_photos_by_grade_part2/run_of_mine/121.JPG,0,normal,run_of_mine/121,ore_photos_by_grade_part2,trainval
/Users/den1shh/Documents/nornickel/miners/data/ore_photos_by_grade_part2/run_of_mine/121_.jpg,0,normal,run_of_mine/121,ore_photos_by_grade_part2,trainval
/Users/den1shh/Documents/nornickel/miners/data/ore_photos_by_grade_part2/run_of_mine/122.JPG,0,normal,run_of_mine/122,ore_photos_by_grade_part2,trainval
/Users/den1shh/Documents/nornickel/miners/data/ore_photos_by_grade_part2/run_of_mine/122_.jpg,0,normal,run_of_mine/122,ore_photos_by_grade_part2,trainval
/Users/den1shh/Documents/nornickel/miners/data/ore_photos_by_grade_part2/run_of_mine/123.JPG,0,normal,run_of_mine/123,ore_photos_by_grade_part2,trainval
/Users/den1shh/Documents/nornickel/miners/data/ore_photos_by_grade_part2/run_of_mine/123_.jpg,0,normal,run_of_mine/123,ore_photos_by_grade_part2,trainval
/Users/den1shh/Documents/nornickel/miners/data/ore_photos_by_grade_part2/run_of_mine/124.JPG,0,normal,run_of_mine/124,ore_photos_by_grade_part2,trainval
/Users/den1shh/Documents/nornickel/miners/data/ore_photos_by_grade_part2/run_of_mine/124_.jpg,0,normal,run_of_mine/124,ore_photos_by_grade_part2,trainval
/Users/den1shh/Documents/nornickel/miners/data/ore_photos_by_grade_part2/run_of_mine/125.JPG,0,normal,run_of_mine/125,ore_photos_by_grade_part2,trainval
/Users/den1shh/Documents/nornickel/miners/data/ore_photos_by_grade_part2/run_of_mine/126.JPG,0,normal,run_of_mine/126,ore_photos_by_grade_part2,trainval
/Users/den1shh/Documents/nornickel/miners/data/ore_photos_by_grade_part2/run_of_mine/127.JPG,0,normal,run_of_mine/127,ore_photos_by_grade_part2,trainval
/Users/den1shh/Documents/nornickel/miners/data/ore_photos_by_grade_part2/run_of_mine/128.JPG,0,normal,run_of_mine/128,ore_photos_by_grade_part2,trainval
/Users/den1shh/Documents/nornickel/miners/data/ore_photos_by_grade_part2/run_of_mine/129.JPG,0,normal,run_of_mine/129,ore_photos_by_grade_part2,trainval
/Users/den1shh/Documents/nornickel/miners/data/ore_photos_by_grade_part2/run_of_mine/13.jpg,0,normal,run_of_mine/13,ore_photos_by_grade_part2,trainval
/Users/den1shh/Documents/nornickel/miners/data/ore_photos_by_grade_part2/run_of_mine/130.JPG,0,normal,run_of_mine/130,ore_photos_by_grade_part2,trainval
/Users/den1shh/Documents/nornickel/miners/data/ore_photos_by_grade_part2/run_of_mine/131.JPG,0,normal,run_of_mine/131,ore_photos_by_grade_part2,trainval
/Users/den1shh/Documents/nornickel/miners/data/ore_photos_by_grade_part2/run_of_mine/132.JPG,0,normal,run_of_mine/132,ore_photos_by_grade_part2,trainval
/Users/den1shh/Documents/nornickel/miners/data/ore_photos_by_grade_part2/run_of_mine/133.JPG,0,normal,run_of_mine/133,ore_photos_by_grade_part2,trainval
/Users/den1shh/Documents/nornickel/miners/data/ore_photos_by_grade_part2/run_of_mine/134.JPG,0,normal,run_of_mine/134,ore_photos_by_grade_part2,trainval
/Users/den1shh/Documents/nornickel/miners/data/ore_photos_by_grade_part2/run_of_mine/135.JPG,0,normal,run_of_mine/135,ore_photos_by_grade_part2,trainval
/Users/den1shh/Documents/nornickel/miners/data/ore_photos_by_grade_part2/run_of_mine/136.JPG,0,normal,run_of_mine/136,ore_photos_by_grade_part2,trainval
/Users/den1shh/Documents/nornickel/miners/data/ore_photos_by_grade_part2/run_of_mine/137.JPG,0,normal,run_of_mine/137,ore_photos_by_grade_part2,trainval
/Users/den1shh/Documents/nornickel/miners/data/ore_photos_by_grade_part2/run_of_mine/138.JPG,0,normal,run_of_mine/138,ore_photos_by_grade_part2,holdout
/Users/den1shh/Documents/nornickel/miners/data/ore_photos_by_grade_part2/run_of_mine/139.JPG,0,normal,run_of_mine/139,ore_photos_by_grade_part2,holdout
/Users/den1shh/Documents/nornickel/miners/data/ore_photos_by_grade_part2/run_of_mine/14.jpg,0,normal,run_of_mine/14,ore_photos_by_grade_part2,trainval
/Users/den1shh/Documents/nornickel/miners/data/ore_photos_by_grade_part2/run_of_mine/140.JPG,0,normal,run_of_mine/140,ore_photos_by_grade_part2,trainval
/Users/den1shh/Documents/nornickel/miners/data/ore_photos_by_grade_part2/run_of_mine/141.JPG,0,normal,run_of_mine/141,ore_photos_by_grade_part2,trainval
/Users/den1shh/Documents/nornickel/miners/data/ore_photos_by_grade_part2/run_of_mine/142.JPG,0,normal,run_of_mine/142,ore_photos_by_grade_part2,trainval
/Users/den1shh/Documents/nornickel/miners/data/ore_photos_by_grade_part2/run_of_mine/143.JPG,0,normal,run_of_mine/143,ore_photos_by_grade_part2,holdout
/Users/den1shh/Documents/nornickel/miners/data/ore_photos_by_grade_part2/run_of_mine/144.JPG,0,normal,run_of_mine/144,ore_photos_by_grade_part2,trainval
/Users/den1shh/Documents/nornickel/miners/data/ore_photos_by_grade_part2/run_of_mine/145.JPG,0,normal,run_of_mine/145,ore_photos_by_grade_part2,holdout
/Users/den1shh/Documents/nornickel/miners/data/ore_photos_by_grade_part2/run_of_mine/146.JPG,0,normal,run_of_mine/146,ore_photos_by_grade_part2,trainval
/Users/den1shh/Documents/nornickel/miners/data/ore_photos_by_grade_part2/run_of_mine/147.JPG,0,normal,run_of_mine/147,ore_photos_by_grade_part2,holdout
/Users/den1shh/Documents/nornickel/miners/data/ore_photos_by_grade_part2/run_of_mine/148.JPG,0,normal,run_of_mine/148,ore_photos_by_grade_part2,trainval
/Users/den1shh/Documents/nornickel/miners/data/ore_photos_by_grade_part2/run_of_mine/149.JPG,0,normal,run_of_mine/149,ore_photos_by_grade_part2,trainval
/Users/den1shh/Documents/nornickel/miners/data/ore_photos_by_grade_part2/run_of_mine/15.jpg,0,normal,run_of_mine/15,ore_photos_by_grade_part2,trainval
/Users/den1shh/Documents/nornickel/miners/data/ore_photos_by_grade_part2/run_of_mine/150.JPG,0,normal,run_of_mine/150,ore_photos_by_grade_part2,trainval
/Users/den1shh/Documents/nornickel/miners/data/ore_photos_by_grade_part2/run_of_mine/151.JPG,0,normal,run_of_mine/151,ore_photos_by_grade_part2,trainval
/Users/den1shh/Documents/nornickel/miners/data/ore_photos_by_grade_part2/run_of_mine/152.JPG,0,normal,run_of_mine/152,ore_photos_by_grade_part2,trainval
/Users/den1shh/Documents/nornickel/miners/data/ore_photos_by_grade_part2/run_of_mine/153.JPG,0,normal,run_of_mine/153,ore_photos_by_grade_part2,trainval
/Users/den1shh/Documents/nornickel/miners/data/ore_photos_by_grade_part2/run_of_mine/154.JPG,0,normal,run_of_mine/154,ore_photos_by_grade_part2,trainval
/Users/den1shh/Documents/nornickel/miners/data/ore_photos_by_grade_part2/run_of_mine/155.JPG,0,normal,run_of_mine/155,ore_photos_by_grade_part2,trainval
/Users/den1shh/Documents/nornickel/miners/data/ore_photos_by_grade_part2/run_of_mine/156.JPG,0,normal,run_of_mine/156,ore_photos_by_grade_part2,trainval
/Users/den1shh/Documents/nornickel/miners/data/ore_photos_by_grade_part2/run_of_mine/157.JPG,0,normal,run_of_mine/157,ore_photos_by_grade_part2,trainval
/Users/den1shh/Documents/nornickel/miners/data/ore_photos_by_grade_part2/run_of_mine/158.JPG,0,normal,run_of_mine/158,ore_photos_by_grade_part2,trainval
/Users/den1shh/Documents/nornickel/miners/data/ore_photos_by_grade_part2/run_of_mine/159.JPG,0,normal,run_of_mine/159,ore_photos_by_grade_part2,trainval
/Users/den1shh/Documents/nornickel/miners/data/ore_photos_by_grade_part2/run_of_mine/16.jpg,0,normal,run_of_mine/16,ore_photos_by_grade_part2,trainval
/Users/den1shh/Documents/nornickel/miners/data/ore_photos_by_grade_part2/run_of_mine/160.JPG,0,normal,run_of_mine/160,ore_photos_by_grade_part2,trainval
/Users/den1shh/Documents/nornickel/miners/data/ore_photos_by_grade_part2/run_of_mine/161.JPG,0,normal,run_of_mine/161,ore_photos_by_grade_part2,trainval
/Users/den1shh/Documents/nornickel/miners/data/ore_photos_by_grade_part2/run_of_mine/162.JPG,0,normal,run_of_mine/162,ore_photos_by_grade_part2,trainval
/Users/den1shh/Documents/nornickel/miners/data/ore_photos_by_grade_part2/run_of_mine/163.JPG,0,normal,run_of_mine/163,ore_photos_by_grade_part2,trainval
/Users/den1shh/Documents/nornickel/miners/data/ore_photos_by_grade_part2/run_of_mine/164.JPG,0,normal,run_of_mine/164,ore_photos_by_grade_part2,trainval
/Users/den1shh/Documents/nornickel/miners/data/ore_photos_by_grade_part2/run_of_mine/165.JPG,0,normal,run_of_mine/165,ore_photos_by_grade_part2,trainval
/Users/den1shh/Documents/nornickel/miners/data/ore_photos_by_grade_part2/run_of_mine/166.JPG,0,normal,run_of_mine/166,ore_photos_by_grade_part2,trainval
/Users/den1shh/Documents/nornickel/miners/data/ore_photos_by_grade_part2/run_of_mine/167.JPG,0,normal,run_of_mine/167,ore_photos_by_grade_part2,trainval
/Users/den1shh/Documents/nornickel/miners/data/ore_photos_by_grade_part2/run_of_mine/168.JPG,0,normal,run_of_mine/168,ore_photos_by_grade_part2,trainval
/Users/den1shh/Documents/nornickel/miners/data/ore_photos_by_grade_part2/run_of_mine/169.JPG,0,normal,run_of_mine/169,ore_photos_by_grade_part2,trainval
/Users/den1shh/Documents/nornickel/miners/data/ore_photos_by_grade_part2/run_of_mine/17.jpg,0,normal,run_of_mine/17,ore_photos_by_grade_part2,trainval
/Users/den1shh/Documents/nornickel/miners/data/ore_photos_by_grade_part2/run_of_mine/170.JPG,0,normal,run_of_mine/170,ore_photos_by_grade_part2,trainval
/Users/den1shh/Documents/nornickel/miners/data/ore_photos_by_grade_part2/run_of_mine/171.JPG,0,normal,run_of_mine/171,ore_photos_by_grade_part2,trainval
/Users/den1shh/Documents/nornickel/miners/data/ore_photos_by_grade_part2/run_of_mine/172.JPG,0,normal,run_of_mine/172,ore_photos_by_grade_part2,holdout
/Users/den1shh/Documents/nornickel/miners/data/ore_photos_by_grade_part2/run_of_mine/173.JPG,0,normal,run_of_mine/173,ore_photos_by_grade_part2,trainval
/Users/den1shh/Documents/nornickel/miners/data/ore_photos_by_grade_part2/run_of_mine/174.JPG,0,normal,run_of_mine/174,ore_photos_by_grade_part2,trainval
/Users/den1shh/Documents/nornickel/miners/data/ore_photos_by_grade_part2/run_of_mine/175.JPG,0,normal,run_of_mine/175,ore_photos_by_grade_part2,trainval
/Users/den1shh/Documents/nornickel/miners/data/ore_photos_by_grade_part2/run_of_mine/176.JPG,0,normal,run_of_mine/176,ore_photos_by_grade_part2,trainval
/Users/den1shh/Documents/nornickel/miners/data/ore_photos_by_grade_part2/run_of_mine/177.JPG,0,normal,run_of_mine/177,ore_photos_by_grade_part2,trainval
/Users/den1shh/Documents/nornickel/miners/data/ore_photos_by_grade_part2/run_of_mine/178.JPG,0,normal,run_of_mine/178,ore_photos_by_grade_part2,trainval
/Users/den1shh/Documents/nornickel/miners/data/ore_photos_by_grade_part2/run_of_mine/179.JPG,0,normal,run_of_mine/179,ore_photos_by_grade_part2,trainval
/Users/den1shh/Documents/nornickel/miners/data/ore_photos_by_grade_part2/run_of_mine/18.jpg,0,normal,run_of_mine/18,ore_photos_by_grade_part2,holdout
/Users/den1shh/Documents/nornickel/miners/data/ore_photos_by_grade_part2/run_of_mine/180.JPG,0,normal,run_of_mine/180,ore_photos_by_grade_part2,trainval
/Users/den1shh/Documents/nornickel/miners/data/ore_photos_by_grade_part2/run_of_mine/181.JPG,0,normal,run_of_mine/181,ore_photos_by_grade_part2,trainval
/Users/den1shh/Documents/nornickel/miners/data/ore_photos_by_grade_part2/run_of_mine/182.JPG,0,normal,run_of_mine/182,ore_photos_by_grade_part2,trainval
/Users/den1shh/Documents/nornickel/miners/data/ore_photos_by_grade_part2/run_of_mine/1820343 3.jpg,0,normal,slide_1820343,ore_photos_by_grade_part2,holdout
/Users/den1shh/Documents/nornickel/miners/data/ore_photos_by_grade_part2/run_of_mine/1820355 2.jpg,0,normal,slide_1820355,ore_photos_by_grade_part2,holdout
/Users/den1shh/Documents/nornickel/miners/data/ore_photos_by_grade_part2/run_of_mine/1820355 4.jpg,0,normal,slide_1820355,ore_photos_by_grade_part2,holdout
/Users/den1shh/Documents/nornickel/miners/data/ore_photos_by_grade_part2/run_of_mine/1820356 1.jpg,0,normal,slide_1820356,ore_photos_by_grade_part2,holdout
/Users/den1shh/Documents/nornickel/miners/data/ore_photos_by_grade_part2/run_of_mine/1820357 1.jpg,0,normal,slide_1820357,ore_photos_by_grade_part2,holdout
/Users/den1shh/Documents/nornickel/miners/data/ore_photos_by_grade_part2/run_of_mine/1820358 3.jpg,0,normal,slide_1820358,ore_photos_by_grade_part2,holdout
/Users/den1shh/Documents/nornickel/miners/data/ore_photos_by_grade_part2/run_of_mine/1820362 1.jpg,0,normal,slide_1820362,ore_photos_by_grade_part2,holdout
/Users/den1shh/Documents/nornickel/miners/data/ore_photos_by_grade_part2/run_of_mine/1822096 4.jpg,0,normal,slide_1822096,ore_photos_by_grade_part2,holdout
/Users/den1shh/Documents/nornickel/miners/data/ore_photos_by_grade_part2/run_of_mine/1822096 х5.jpg,0,normal,slide_1822096,ore_photos_by_grade_part2,holdout
/Users/den1shh/Documents/nornickel/miners/data/ore_photos_by_grade_part2/run_of_mine/1822097 2.jpg,0,normal,slide_1822097,ore_photos_by_grade_part2,holdout
/Users/den1shh/Documents/nornickel/miners/data/ore_photos_by_grade_part2/run_of_mine/1822097 cp1.jpg,0,normal,slide_1822097,ore_photos_by_grade_part2,holdout
/Users/den1shh/Documents/nornickel/miners/data/ore_photos_by_grade_part2/run_of_mine/1822097.jpg,0,normal,slide_1822097,ore_photos_by_grade_part2,holdout
/Users/den1shh/Documents/nornickel/miners/data/ore_photos_by_grade_part2/run_of_mine/1822098 2.jpg,0,normal,slide_1822098,ore_photos_by_grade_part2,holdout
/Users/den1shh/Documents/nornickel/miners/data/ore_photos_by_grade_part2/run_of_mine/1822099 val 3.jpg,0,normal,slide_1822099,ore_photos_by_grade_part2,holdout
/Users/den1shh/Documents/nornickel/miners/data/ore_photos_by_grade_part2/run_of_mine/1822099 val.jpg,0,normal,slide_1822099,ore_photos_by_grade_part2,holdout
/Users/den1shh/Documents/nornickel/miners/data/ore_photos_by_grade_part2/run_of_mine/1822215.jpg,0,normal,slide_1822215,ore_photos_by_grade_part2,holdout
/Users/den1shh/Documents/nornickel/miners/data/ore_photos_by_grade_part2/run_of_mine/1822216 3.jpg,0,normal,slide_1822216,ore_photos_by_grade_part2,holdout
/Users/den1shh/Documents/nornickel/miners/data/ore_photos_by_grade_part2/run_of_mine/1822216.jpg,0,normal,slide_1822216,ore_photos_by_grade_part2,holdout
/Users/den1shh/Documents/nornickel/miners/data/ore_photos_by_grade_part2/run_of_mine/1822217 1.jpg,0,normal,slide_1822217,ore_photos_by_grade_part2,holdout
/Users/den1shh/Documents/nornickel/miners/data/ore_photos_by_grade_part2/run_of_mine/1822217 3.jpg,0,normal,slide_1822217,ore_photos_by_grade_part2,holdout
/Users/den1shh/Documents/nornickel/miners/data/ore_photos_by_grade_part2/run_of_mine/183.JPG,0,normal,run_of_mine/183,ore_photos_by_grade_part2,trainval
/Users/den1shh/Documents/nornickel/miners/data/ore_photos_by_grade_part2/run_of_mine/19.jpg,0,normal,run_of_mine/19,ore_photos_by_grade_part2,trainval
/Users/den1shh/Documents/nornickel/miners/data/ore_photos_by_grade_part2/run_of_mine/19_.jpg,0,normal,run_of_mine/19,ore_photos_by_grade_part2,trainval
/Users/den1shh/Documents/nornickel/miners/data/ore_photos_by_grade_part2/run_of_mine/2.jpg,0,normal,run_of_mine/2,ore_photos_by_grade_part2,trainval
/Users/den1shh/Documents/nornickel/miners/data/ore_photos_by_grade_part2/run_of_mine/20.jpg,0,normal,run_of_mine/20,ore_photos_by_grade_part2,trainval
/Users/den1shh/Documents/nornickel/miners/data/ore_photos_by_grade_part2/run_of_mine/21.jpg,0,normal,run_of_mine/21,ore_photos_by_grade_part2,trainval
/Users/den1shh/Documents/nornickel/miners/data/ore_photos_by_grade_part2/run_of_mine/22.jpg,0,normal,run_of_mine/22,ore_photos_by_grade_part2,trainval
/Users/den1shh/Documents/nornickel/miners/data/ore_photos_by_grade_part2/run_of_mine/22_.jpg,0,normal,run_of_mine/22,ore_photos_by_grade_part2,trainval
/Users/den1shh/Documents/nornickel/miners/data/ore_photos_by_grade_part2/run_of_mine/23.jpg,0,normal,run_of_mine/23,ore_photos_by_grade_part2,trainval
/Users/den1shh/Documents/nornickel/miners/data/ore_photos_by_grade_part2/run_of_mine/23_.jpg,0,normal,run_of_mine/23,ore_photos_by_grade_part2,trainval
/Users/den1shh/Documents/nornickel/miners/data/ore_photos_by_grade_part2/run_of_mine/25.jpg,0,normal,run_of_mine/25,ore_photos_by_grade_part2,trainval
/Users/den1shh/Documents/nornickel/miners/data/ore_photos_by_grade_part2/run_of_mine/25_.jpg,0,normal,run_of_mine/25,ore_photos_by_grade_part2,trainval
/Users/den1shh/Documents/nornickel/miners/data/ore_photos_by_grade_part2/run_of_mine/26.jpg,0,normal,run_of_mine/26,ore_photos_by_grade_part2,trainval
/Users/den1shh/Documents/nornickel/miners/data/ore_photos_by_grade_part2/run_of_mine/26_.jpg,0,normal,run_of_mine/26,ore_photos_by_grade_part2,trainval
/Users/den1shh/Documents/nornickel/miners/data/ore_photos_by_grade_part2/run_of_mine/27.jpg,0,normal,run_of_mine/27,ore_photos_by_grade_part2,trainval
/Users/den1shh/Documents/nornickel/miners/data/ore_photos_by_grade_part2/run_of_mine/27_.jpg,0,normal,run_of_mine/27,ore_photos_by_grade_part2,trainval
/Users/den1shh/Documents/nornickel/miners/data/ore_photos_by_grade_part2/run_of_mine/28.jpg,0,normal,run_of_mine/28,ore_photos_by_grade_part2,trainval
/Users/den1shh/Documents/nornickel/miners/data/ore_photos_by_grade_part2/run_of_mine/29.jpg,0,normal,run_of_mine/29,ore_photos_by_grade_part2,trainval
/Users/den1shh/Documents/nornickel/miners/data/ore_photos_by_grade_part2/run_of_mine/29_.jpg,0,normal,run_of_mine/29,ore_photos_by_grade_part2,trainval
/Users/den1shh/Documents/nornickel/miners/data/ore_photos_by_grade_part2/run_of_mine/3.jpg,0,normal,run_of_mine/3,ore_photos_by_grade_part2,trainval
/Users/den1shh/Documents/nornickel/miners/data/ore_photos_by_grade_part2/run_of_mine/30_.jpg,0,normal,run_of_mine/30,ore_photos_by_grade_part2,holdout
/Users/den1shh/Documents/nornickel/miners/data/ore_photos_by_grade_part2/run_of_mine/31.jpg,0,normal,run_of_mine/31,ore_photos_by_grade_part2,trainval
/Users/den1shh/Documents/nornickel/miners/data/ore_photos_by_grade_part2/run_of_mine/31_.jpg,0,normal,run_of_mine/31,ore_photos_by_grade_part2,trainval
/Users/den1shh/Documents/nornickel/miners/data/ore_photos_by_grade_part2/run_of_mine/32_.jpg,0,normal,run_of_mine/32,ore_photos_by_grade_part2,trainval
/Users/den1shh/Documents/nornickel/miners/data/ore_photos_by_grade_part2/run_of_mine/33.jpg,0,normal,run_of_mine/33,ore_photos_by_grade_part2,trainval
/Users/den1shh/Documents/nornickel/miners/data/ore_photos_by_grade_part2/run_of_mine/33_ (2).jpg,0,normal,run_of_mine/33,ore_photos_by_grade_part2,trainval
/Users/den1shh/Documents/nornickel/miners/data/ore_photos_by_grade_part2/run_of_mine/33_.jpg,0,normal,run_of_mine/33,ore_photos_by_grade_part2,trainval
/Users/den1shh/Documents/nornickel/miners/data/ore_photos_by_grade_part2/run_of_mine/34.jpg,0,normal,run_of_mine/34,ore_photos_by_grade_part2,trainval
/Users/den1shh/Documents/nornickel/miners/data/ore_photos_by_grade_part2/run_of_mine/35.jpg,0,normal,run_of_mine/35,ore_photos_by_grade_part2,trainval
/Users/den1shh/Documents/nornickel/miners/data/ore_photos_by_grade_part2/run_of_mine/36.jpg,0,normal,run_of_mine/36,ore_photos_by_grade_part2,trainval
/Users/den1shh/Documents/nornickel/miners/data/ore_photos_by_grade_part2/run_of_mine/36_.jpg,0,normal,run_of_mine/36,ore_photos_by_grade_part2,trainval
/Users/den1shh/Documents/nornickel/miners/data/ore_photos_by_grade_part2/run_of_mine/37.jpg,0,normal,run_of_mine/37,ore_photos_by_grade_part2,trainval
/Users/den1shh/Documents/nornickel/miners/data/ore_photos_by_grade_part2/run_of_mine/38.jpg,0,normal,run_of_mine/38,ore_photos_by_grade_part2,trainval
/Users/den1shh/Documents/nornickel/miners/data/ore_photos_by_grade_part2/run_of_mine/38_.jpg,0,normal,run_of_mine/38,ore_photos_by_grade_part2,trainval
/Users/den1shh/Documents/nornickel/miners/data/ore_photos_by_grade_part2/run_of_mine/39.jpg,0,normal,run_of_mine/39,ore_photos_by_grade_part2,trainval
/Users/den1shh/Documents/nornickel/miners/data/ore_photos_by_grade_part2/run_of_mine/4.jpg,0,normal,run_of_mine/4,ore_photos_by_grade_part2,trainval
/Users/den1shh/Documents/nornickel/miners/data/ore_photos_by_grade_part2/run_of_mine/40.jpg,0,normal,run_of_mine/40,ore_photos_by_grade_part2,trainval
/Users/den1shh/Documents/nornickel/miners/data/ore_photos_by_grade_part2/run_of_mine/41.jpg,0,normal,run_of_mine/41,ore_photos_by_grade_part2,trainval
/Users/den1shh/Documents/nornickel/miners/data/ore_photos_by_grade_part2/run_of_mine/42.jpg,0,normal,run_of_mine/42,ore_photos_by_grade_part2,trainval
/Users/den1shh/Documents/nornickel/miners/data/ore_photos_by_grade_part2/run_of_mine/42_.jpg,0,normal,run_of_mine/42,ore_photos_by_grade_part2,trainval
/Users/den1shh/Documents/nornickel/miners/data/ore_photos_by_grade_part2/run_of_mine/43.jpg,0,normal,run_of_mine/43,ore_photos_by_grade_part2,trainval
/Users/den1shh/Documents/nornickel/miners/data/ore_photos_by_grade_part2/run_of_mine/44.jpg,0,normal,run_of_mine/44,ore_photos_by_grade_part2,trainval
/Users/den1shh/Documents/nornickel/miners/data/ore_photos_by_grade_part2/run_of_mine/45.jpg,0,normal,run_of_mine/45,ore_photos_by_grade_part2,trainval
/Users/den1shh/Documents/nornickel/miners/data/ore_photos_by_grade_part2/run_of_mine/45_.jpg,0,normal,run_of_mine/45,ore_photos_by_grade_part2,trainval
/Users/den1shh/Documents/nornickel/miners/data/ore_photos_by_grade_part2/run_of_mine/47.jpg,0,normal,run_of_mine/47,ore_photos_by_grade_part2,trainval
/Users/den1shh/Documents/nornickel/miners/data/ore_photos_by_grade_part2/run_of_mine/48.jpg,0,normal,run_of_mine/48,ore_photos_by_grade_part2,trainval
/Users/den1shh/Documents/nornickel/miners/data/ore_photos_by_grade_part2/run_of_mine/49.jpg,0,normal,run_of_mine/49,ore_photos_by_grade_part2,trainval
/Users/den1shh/Documents/nornickel/miners/data/ore_photos_by_grade_part2/run_of_mine/5.jpg,0,normal,run_of_mine/5,ore_photos_by_grade_part2,trainval
/Users/den1shh/Documents/nornickel/miners/data/ore_photos_by_grade_part2/run_of_mine/50.jpg,0,normal,run_of_mine/50,ore_photos_by_grade_part2,trainval
/Users/den1shh/Documents/nornickel/miners/data/ore_photos_by_grade_part2/run_of_mine/50_.jpg,0,normal,run_of_mine/50,ore_photos_by_grade_part2,trainval
/Users/den1shh/Documents/nornickel/miners/data/ore_photos_by_grade_part2/run_of_mine/51.jpg,0,normal,run_of_mine/51,ore_photos_by_grade_part2,trainval
/Users/den1shh/Documents/nornickel/miners/data/ore_photos_by_grade_part2/run_of_mine/53.jpg,0,normal,run_of_mine/53,ore_photos_by_grade_part2,trainval
/Users/den1shh/Documents/nornickel/miners/data/ore_photos_by_grade_part2/run_of_mine/54.jpg,0,normal,run_of_mine/54,ore_photos_by_grade_part2,trainval
/Users/den1shh/Documents/nornickel/miners/data/ore_photos_by_grade_part2/run_of_mine/55.jpg,0,normal,run_of_mine/55,ore_photos_by_grade_part2,trainval
/Users/den1shh/Documents/nornickel/miners/data/ore_photos_by_grade_part2/run_of_mine/56.jpg,0,normal,run_of_mine/56,ore_photos_by_grade_part2,trainval
/Users/den1shh/Documents/nornickel/miners/data/ore_photos_by_grade_part2/run_of_mine/57.jpg,0,normal,run_of_mine/57,ore_photos_by_grade_part2,trainval
/Users/den1shh/Documents/nornickel/miners/data/ore_photos_by_grade_part2/run_of_mine/58.jpg,0,normal,run_of_mine/58,ore_photos_by_grade_part2,trainval
/Users/den1shh/Documents/nornickel/miners/data/ore_photos_by_grade_part2/run_of_mine/59.jpg,0,normal,run_of_mine/59,ore_photos_by_grade_part2,trainval
/Users/den1shh/Documents/nornickel/miners/data/ore_photos_by_grade_part2/run_of_mine/6.jpg,0,normal,run_of_mine/6,ore_photos_by_grade_part2,holdout
/Users/den1shh/Documents/nornickel/miners/data/ore_photos_by_grade_part2/run_of_mine/60.jpg,0,normal,run_of_mine/60,ore_photos_by_grade_part2,trainval
/Users/den1shh/Documents/nornickel/miners/data/ore_photos_by_grade_part2/run_of_mine/61.jpg,0,normal,run_of_mine/61,ore_photos_by_grade_part2,trainval
/Users/den1shh/Documents/nornickel/miners/data/ore_photos_by_grade_part2/run_of_mine/61_.jpg,0,normal,run_of_mine/61,ore_photos_by_grade_part2,trainval
/Users/den1shh/Documents/nornickel/miners/data/ore_photos_by_grade_part2/run_of_mine/62.jpg,0,normal,run_of_mine/62,ore_photos_by_grade_part2,trainval
/Users/den1shh/Documents/nornickel/miners/data/ore_photos_by_grade_part2/run_of_mine/62_.jpg,0,normal,run_of_mine/62,ore_photos_by_grade_part2,trainval
/Users/den1shh/Documents/nornickel/miners/data/ore_photos_by_grade_part2/run_of_mine/63.jpg,0,normal,run_of_mine/63,ore_photos_by_grade_part2,trainval
/Users/den1shh/Documents/nornickel/miners/data/ore_photos_by_grade_part2/run_of_mine/63_.jpg,0,normal,run_of_mine/63,ore_photos_by_grade_part2,trainval
/Users/den1shh/Documents/nornickel/miners/data/ore_photos_by_grade_part2/run_of_mine/64.jpg,0,normal,run_of_mine/64,ore_photos_by_grade_part2,trainval
/Users/den1shh/Documents/nornickel/miners/data/ore_photos_by_grade_part2/run_of_mine/65.jpg,0,normal,run_of_mine/65,ore_photos_by_grade_part2,holdout
/Users/den1shh/Documents/nornickel/miners/data/ore_photos_by_grade_part2/run_of_mine/66.jpg,0,normal,run_of_mine/66,ore_photos_by_grade_part2,trainval
/Users/den1shh/Documents/nornickel/miners/data/ore_photos_by_grade_part2/run_of_mine/66_.jpg,0,normal,run_of_mine/66,ore_photos_by_grade_part2,trainval
/Users/den1shh/Documents/nornickel/miners/data/ore_photos_by_grade_part2/run_of_mine/67.jpg,0,normal,run_of_mine/67,ore_photos_by_grade_part2,trainval
/Users/den1shh/Documents/nornickel/miners/data/ore_photos_by_grade_part2/run_of_mine/67_.jpg,0,normal,run_of_mine/67,ore_photos_by_grade_part2,trainval
/Users/den1shh/Documents/nornickel/miners/data/ore_photos_by_grade_part2/run_of_mine/68.jpg,0,normal,run_of_mine/68,ore_photos_by_grade_part2,trainval
/Users/den1shh/Documents/nornickel/miners/data/ore_photos_by_grade_part2/run_of_mine/68_.jpg,0,normal,run_of_mine/68,ore_photos_by_grade_part2,trainval
/Users/den1shh/Documents/nornickel/miners/data/ore_photos_by_grade_part2/run_of_mine/69.jpg,0,normal,run_of_mine/69,ore_photos_by_grade_part2,trainval
/Users/den1shh/Documents/nornickel/miners/data/ore_photos_by_grade_part2/run_of_mine/69_.jpg,0,normal,run_of_mine/69,ore_photos_by_grade_part2,trainval
/Users/den1shh/Documents/nornickel/miners/data/ore_photos_by_grade_part2/run_of_mine/70.jpg,0,normal,run_of_mine/70,ore_photos_by_grade_part2,trainval
/Users/den1shh/Documents/nornickel/miners/data/ore_photos_by_grade_part2/run_of_mine/70_.jpg,0,normal,run_of_mine/70,ore_photos_by_grade_part2,trainval
/Users/den1shh/Documents/nornickel/miners/data/ore_photos_by_grade_part2/run_of_mine/72.jpg,0,normal,run_of_mine/72,ore_photos_by_grade_part2,holdout
/Users/den1shh/Documents/nornickel/miners/data/ore_photos_by_grade_part2/run_of_mine/73.jpg,0,normal,run_of_mine/73,ore_photos_by_grade_part2,holdout
/Users/den1shh/Documents/nornickel/miners/data/ore_photos_by_grade_part2/run_of_mine/74.JPG,0,normal,run_of_mine/74,ore_photos_by_grade_part2,holdout
/Users/den1shh/Documents/nornickel/miners/data/ore_photos_by_grade_part2/run_of_mine/75.JPG,0,normal,run_of_mine/75,ore_photos_by_grade_part2,trainval
/Users/den1shh/Documents/nornickel/miners/data/ore_photos_by_grade_part2/run_of_mine/75_.jpg,0,normal,run_of_mine/75,ore_photos_by_grade_part2,trainval
/Users/den1shh/Documents/nornickel/miners/data/ore_photos_by_grade_part2/run_of_mine/76.JPG,0,normal,run_of_mine/76,ore_photos_by_grade_part2,trainval
/Users/den1shh/Documents/nornickel/miners/data/ore_photos_by_grade_part2/run_of_mine/77.JPG,0,normal,run_of_mine/77,ore_photos_by_grade_part2,trainval
/Users/den1shh/Documents/nornickel/miners/data/ore_photos_by_grade_part2/run_of_mine/78.JPG,0,normal,run_of_mine/78,ore_photos_by_grade_part2,trainval
/Users/den1shh/Documents/nornickel/miners/data/ore_photos_by_grade_part2/run_of_mine/79.JPG,0,normal,run_of_mine/79,ore_photos_by_grade_part2,trainval
/Users/den1shh/Documents/nornickel/miners/data/ore_photos_by_grade_part2/run_of_mine/8.jpg,0,normal,run_of_mine/8,ore_photos_by_grade_part2,trainval
/Users/den1shh/Documents/nornickel/miners/data/ore_photos_by_grade_part2/run_of_mine/80.JPG,0,normal,run_of_mine/80,ore_photos_by_grade_part2,trainval
/Users/den1shh/Documents/nornickel/miners/data/ore_photos_by_grade_part2/run_of_mine/81.JPG,0,normal,run_of_mine/81,ore_photos_by_grade_part2,trainval
/Users/den1shh/Documents/nornickel/miners/data/ore_photos_by_grade_part2/run_of_mine/81_.jpg,0,normal,run_of_mine/81,ore_photos_by_grade_part2,trainval
/Users/den1shh/Documents/nornickel/miners/data/ore_photos_by_grade_part2/run_of_mine/83.JPG,0,normal,run_of_mine/83,ore_photos_by_grade_part2,trainval
/Users/den1shh/Documents/nornickel/miners/data/ore_photos_by_grade_part2/run_of_mine/84.JPG,0,normal,run_of_mine/84,ore_photos_by_grade_part2,trainval
/Users/den1shh/Documents/nornickel/miners/data/ore_photos_by_grade_part2/run_of_mine/85.JPG,0,normal,run_of_mine/85,ore_photos_by_grade_part2,holdout
/Users/den1shh/Documents/nornickel/miners/data/ore_photos_by_grade_part2/run_of_mine/86.JPG,0,normal,run_of_mine/86,ore_photos_by_grade_part2,trainval
/Users/den1shh/Documents/nornickel/miners/data/ore_photos_by_grade_part2/run_of_mine/87.JPG,0,normal,run_of_mine/87,ore_photos_by_grade_part2,trainval
/Users/den1shh/Documents/nornickel/miners/data/ore_photos_by_grade_part2/run_of_mine/87_.jpg,0,normal,run_of_mine/87,ore_photos_by_grade_part2,trainval
/Users/den1shh/Documents/nornickel/miners/data/ore_photos_by_grade_part2/run_of_mine/88.JPG,0,normal,run_of_mine/88,ore_photos_by_grade_part2,holdout
/Users/den1shh/Documents/nornickel/miners/data/ore_photos_by_grade_part2/run_of_mine/88_.jpg,0,normal,run_of_mine/88,ore_photos_by_grade_part2,holdout
/Users/den1shh/Documents/nornickel/miners/data/ore_photos_by_grade_part2/run_of_mine/89.JPG,0,normal,run_of_mine/89,ore_photos_by_grade_part2,trainval
/Users/den1shh/Documents/nornickel/miners/data/ore_photos_by_grade_part2/run_of_mine/9.jpg,0,normal,run_of_mine/9,ore_photos_by_grade_part2,trainval
/Users/den1shh/Documents/nornickel/miners/data/ore_photos_by_grade_part2/run_of_mine/90.JPG,0,normal,run_of_mine/90,ore_photos_by_grade_part2,trainval
/Users/den1shh/Documents/nornickel/miners/data/ore_photos_by_grade_part2/run_of_mine/91.JPG,0,normal,run_of_mine/91,ore_photos_by_grade_part2,trainval
/Users/den1shh/Documents/nornickel/miners/data/ore_photos_by_grade_part2/run_of_mine/93.JPG,0,normal,run_of_mine/93,ore_photos_by_grade_part2,trainval
/Users/den1shh/Documents/nornickel/miners/data/ore_photos_by_grade_part2/run_of_mine/93_.jpg,0,normal,run_of_mine/93,ore_photos_by_grade_part2,trainval
/Users/den1shh/Documents/nornickel/miners/data/ore_photos_by_grade_part2/run_of_mine/94.JPG,0,normal,run_of_mine/94,ore_photos_by_grade_part2,trainval
/Users/den1shh/Documents/nornickel/miners/data/ore_photos_by_grade_part2/run_of_mine/95.JPG,0,normal,run_of_mine/95,ore_photos_by_grade_part2,trainval
/Users/den1shh/Documents/nornickel/miners/data/ore_photos_by_grade_part2/run_of_mine/96.JPG,0,normal,run_of_mine/96,ore_photos_by_grade_part2,holdout
/Users/den1shh/Documents/nornickel/miners/data/ore_photos_by_grade_part2/run_of_mine/97.JPG,0,normal,run_of_mine/97,ore_photos_by_grade_part2,trainval
/Users/den1shh/Documents/nornickel/miners/data/ore_photos_by_grade_part2/run_of_mine/98.JPG,0,normal,run_of_mine/98,ore_photos_by_grade_part2,trainval
/Users/den1shh/Documents/nornickel/miners/data/ore_photos_by_grade_part2/run_of_mine/99.JPG,0,normal,run_of_mine/99,ore_photos_by_grade_part2,trainval
/Users/den1shh/Documents/nornickel/miners/data/ore_photos_by_grade_part2/run_of_mine/DSCN0454.JPG,0,normal,run_of_mine/dscn0454,ore_photos_by_grade_part2,trainval
/Users/den1shh/Documents/nornickel/miners/data/ore_photos_by_grade_part2/run_of_mine/DSCN0455.JPG,0,normal,run_of_mine/dscn0455,ore_photos_by_grade_part2,trainval
/Users/den1shh/Documents/nornickel/miners/data/ore_photos_by_grade_part2/run_of_mine/DSCN0459.JPG,0,normal,run_of_mine/dscn0459,ore_photos_by_grade_part2,trainval
/Users/den1shh/Documents/nornickel/miners/data/ore_photos_by_grade_part2/run_of_mine/DSCN0471.JPG,0,normal,run_of_mine/dscn0471,ore_photos_by_grade_part2,trainval
/Users/den1shh/Documents/nornickel/miners/data/ore_photos_by_grade_part2/run_of_mine/DSCN0474.JPG,0,normal,run_of_mine/dscn0474,ore_photos_by_grade_part2,trainval
/Users/den1shh/Documents/nornickel/miners/data/ore_photos_by_grade_part2/run_of_mine/DSCN0477.JPG,0,normal,run_of_mine/dscn0477,ore_photos_by_grade_part2,trainval
/Users/den1shh/Documents/nornickel/miners/data/ore_photos_by_grade_part2/run_of_mine/DSCN0479.JPG,0,normal,run_of_mine/dscn0479,ore_photos_by_grade_part2,trainval
/Users/den1shh/Documents/nornickel/miners/data/ore_photos_by_grade_part2/run_of_mine/DSCN0631.JPG,0,normal,run_of_mine/dscn0631,ore_photos_by_grade_part2,trainval
/Users/den1shh/Documents/nornickel/miners/data/ore_photos_by_grade_part2/run_of_mine/DSCN0634.JPG,0,normal,run_of_mine/dscn0634,ore_photos_by_grade_part2,trainval
/Users/den1shh/Documents/nornickel/miners/data/ore_photos_by_grade_part2/run_of_mine/DSCN0636.JPG,0,normal,run_of_mine/dscn0636,ore_photos_by_grade_part2,trainval
/Users/den1shh/Documents/nornickel/miners/data/ore_photos_by_grade_part2/run_of_mine/DSCN0638.JPG,0,normal,run_of_mine/dscn0638,ore_photos_by_grade_part2,trainval
/Users/den1shh/Documents/nornickel/miners/data/ore_photos_by_grade_part2/run_of_mine/DSCN0639.JPG,0,normal,run_of_mine/dscn0639,ore_photos_by_grade_part2,trainval
/Users/den1shh/Documents/nornickel/miners/data/ore_photos_by_grade_part2/run_of_mine/DSCN0677.JPG,0,normal,run_of_mine/dscn0677,ore_photos_by_grade_part2,trainval
/Users/den1shh/Documents/nornickel/miners/data/ore_photos_by_grade_part2/run_of_mine/DSCN0685.JPG,0,normal,run_of_mine/dscn0685,ore_photos_by_grade_part2,holdout
/Users/den1shh/Documents/nornickel/miners/data/ore_photos_by_grade_part2/run_of_mine/DSCN0687.JPG,0,normal,run_of_mine/dscn0687,ore_photos_by_grade_part2,holdout
/Users/den1shh/Documents/nornickel/miners/data/ore_photos_by_grade_part2/run_of_mine/DSCN0693.JPG,0,normal,run_of_mine/dscn0693,ore_photos_by_grade_part2,trainval
/Users/den1shh/Documents/nornickel/miners/data/ore_photos_by_grade_part2/run_of_mine/DSCN0994.JPG,0,normal,run_of_mine/dscn0994,ore_photos_by_grade_part2,trainval
/Users/den1shh/Documents/nornickel/miners/data/ore_photos_by_grade_part2/run_of_mine/DSCN1031.JPG,0,normal,run_of_mine/dscn1031,ore_photos_by_grade_part2,trainval
/Users/den1shh/Documents/nornickel/miners/data/ore_photos_by_grade_part2/run_of_mine/DSCN1032.JPG,0,normal,run_of_mine/dscn1032,ore_photos_by_grade_part2,trainval
/Users/den1shh/Documents/nornickel/miners/data/ore_photos_by_grade_part2/run_of_mine/DSCN1033.JPG,0,normal,run_of_mine/dscn1033,ore_photos_by_grade_part2,trainval
/Users/den1shh/Documents/nornickel/miners/data/ore_photos_by_grade_part2/run_of_mine/DSCN1034.JPG,0,normal,run_of_mine/dscn1034,ore_photos_by_grade_part2,trainval
/Users/den1shh/Documents/nornickel/miners/data/ore_photos_by_grade_part2/run_of_mine/DSCN1039.JPG,0,normal,run_of_mine/dscn1039,ore_photos_by_grade_part2,trainval
/Users/den1shh/Documents/nornickel/miners/data/ore_photos_by_grade_part2/run_of_mine/DSCN1048.JPG,0,normal,run_of_mine/dscn1048,ore_photos_by_grade_part2,trainval
/Users/den1shh/Documents/nornickel/miners/data/ore_photos_by_grade_part2/run_of_mine/DSCN1049.JPG,0,normal,run_of_mine/dscn1049,ore_photos_by_grade_part2,trainval
/Users/den1shh/Documents/nornickel/miners/data/ore_photos_by_grade_part2/run_of_mine/DSCN1061.JPG,0,normal,run_of_mine/dscn1061,ore_photos_by_grade_part2,holdout
/Users/den1shh/Documents/nornickel/miners/data/ore_photos_by_grade_part2/run_of_mine/DSCN1063.JPG,0,normal,run_of_mine/dscn1063,ore_photos_by_grade_part2,holdout
/Users/den1shh/Documents/nornickel/miners/data/ore_photos_by_grade_part2/run_of_mine/DSCN1064.JPG,0,normal,run_of_mine/dscn1064,ore_photos_by_grade_part2,holdout
/Users/den1shh/Documents/nornickel/miners/data/ore_photos_by_grade_part2/run_of_mine/DSCN1066.JPG,0,normal,run_of_mine/dscn1066,ore_photos_by_grade_part2,trainval
/Users/den1shh/Documents/nornickel/miners/data/ore_photos_by_grade_part2/run_of_mine/DSCN1080.JPG,0,normal,run_of_mine/dscn1080,ore_photos_by_grade_part2,trainval
/Users/den1shh/Documents/nornickel/miners/data/ore_photos_by_grade_part2/run_of_mine/DSCN1085.JPG,0,normal,run_of_mine/dscn1085,ore_photos_by_grade_part2,trainval
/Users/den1shh/Documents/nornickel/miners/data/ore_photos_by_grade_part2/run_of_mine/DSCN1086.JPG,0,normal,run_of_mine/dscn1086,ore_photos_by_grade_part2,trainval
/Users/den1shh/Documents/nornickel/miners/data/ore_photos_by_grade_part2/run_of_mine/DSCN1087.JPG,0,normal,run_of_mine/dscn1087,ore_photos_by_grade_part2,trainval
/Users/den1shh/Documents/nornickel/miners/data/ore_photos_by_grade_part2/run_of_mine/DSCN1089.JPG,0,normal,run_of_mine/dscn1089,ore_photos_by_grade_part2,trainval
/Users/den1shh/Documents/nornickel/miners/data/ore_photos_by_grade_part2/run_of_mine/DSCN1097.JPG,0,normal,run_of_mine/dscn1097,ore_photos_by_grade_part2,trainval
/Users/den1shh/Documents/nornickel/miners/data/ore_photos_by_grade_part2/run_of_mine/DSCN1196.JPG,0,normal,run_of_mine/dscn1196,ore_photos_by_grade_part2,trainval
/Users/den1shh/Documents/nornickel/miners/data/ore_photos_by_grade_part2/run_of_mine/DSCN1201.JPG,0,normal,run_of_mine/dscn1201,ore_photos_by_grade_part2,trainval
/Users/den1shh/Documents/nornickel/miners/data/ore_photos_by_grade_part2/run_of_mine/DSCN1202.JPG,0,normal,run_of_mine/dscn1202,ore_photos_by_grade_part2,trainval
/Users/den1shh/Documents/nornickel/miners/data/ore_photos_by_grade_part2/run_of_mine/DSCN1224.JPG,0,normal,run_of_mine/dscn1224,ore_photos_by_grade_part2,trainval
/Users/den1shh/Documents/nornickel/miners/data/ore_photos_by_grade_part2/run_of_mine/DSCN1228.JPG,0,normal,run_of_mine/dscn1228,ore_photos_by_grade_part2,trainval
/Users/den1shh/Documents/nornickel/miners/data/ore_photos_by_grade_part2/run_of_mine/DSCN1232.JPG,0,normal,run_of_mine/dscn1232,ore_photos_by_grade_part2,trainval
/Users/den1shh/Documents/nornickel/miners/data/ore_photos_by_grade_part2/run_of_mine/DSCN1368.JPG,0,normal,run_of_mine/dscn1368,ore_photos_by_grade_part2,trainval
/Users/den1shh/Documents/nornickel/miners/data/ore_photos_by_grade_part2/run_of_mine/DSCN1402.JPG,0,normal,run_of_mine/dscn1402,ore_photos_by_grade_part2,trainval
/Users/den1shh/Documents/nornickel/miners/data/ore_photos_by_grade_part2/run_of_mine/DSCN1404.JPG,0,normal,run_of_mine/dscn1404,ore_photos_by_grade_part2,trainval
/Users/den1shh/Documents/nornickel/miners/data/ore_photos_by_grade_part2/run_of_mine/DSCN1406.JPG,0,normal,run_of_mine/dscn1406,ore_photos_by_grade_part2,trainval
/Users/den1shh/Documents/nornickel/miners/data/ore_photos_by_grade_part2/run_of_mine/DSCN1407.JPG,0,normal,run_of_mine/dscn1407,ore_photos_by_grade_part2,trainval
/Users/den1shh/Documents/nornickel/miners/data/ore_photos_by_grade_part2/run_of_mine/DSCN1428.JPG,0,normal,run_of_mine/dscn1428,ore_photos_by_grade_part2,trainval
/Users/den1shh/Documents/nornickel/miners/data/ore_photos_by_grade_part2/run_of_mine/DSCN1429.JPG,0,normal,run_of_mine/dscn1429,ore_photos_by_grade_part2,trainval
/Users/den1shh/Documents/nornickel/miners/data/ore_photos_by_grade_part2/run_of_mine/DSCN1432.JPG,0,normal,run_of_mine/dscn1432,ore_photos_by_grade_part2,trainval
/Users/den1shh/Documents/nornickel/miners/data/ore_photos_by_grade_part2/run_of_mine/DSCN1434.JPG,0,normal,run_of_mine/dscn1434,ore_photos_by_grade_part2,trainval
/Users/den1shh/Documents/nornickel/miners/data/ore_photos_by_grade_part2/run_of_mine/DSCN1435.JPG,0,normal,run_of_mine/dscn1435,ore_photos_by_grade_part2,trainval
/Users/den1shh/Documents/nornickel/miners/data/ore_photos_by_grade_part2/run_of_mine/DSCN1436.JPG,0,normal,run_of_mine/dscn1436,ore_photos_by_grade_part2,trainval
/Users/den1shh/Documents/nornickel/miners/data/ore_photos_by_grade_part2/run_of_mine/DSCN1438.JPG,0,normal,run_of_mine/dscn1438,ore_photos_by_grade_part2,trainval
/Users/den1shh/Documents/nornickel/miners/data/ore_photos_by_grade_part2/run_of_mine/DSCN1439.JPG,0,normal,run_of_mine/dscn1439,ore_photos_by_grade_part2,trainval
/Users/den1shh/Documents/nornickel/miners/data/ore_photos_by_grade_part2/run_of_mine/DSCN1461.JPG,0,normal,run_of_mine/dscn1461,ore_photos_by_grade_part2,trainval
/Users/den1shh/Documents/nornickel/miners/data/ore_photos_by_grade_part2/run_of_mine/DSCN1462.JPG,0,normal,run_of_mine/dscn1462,ore_photos_by_grade_part2,trainval
/Users/den1shh/Documents/nornickel/miners/data/ore_photos_by_grade_part2/run_of_mine/DSCN1464.JPG,0,normal,run_of_mine/dscn1464,ore_photos_by_grade_part2,trainval
/Users/den1shh/Documents/nornickel/miners/data/ore_photos_by_grade_part2/run_of_mine/DSCN1472.JPG,0,normal,run_of_mine/dscn1472,ore_photos_by_grade_part2,holdout
/Users/den1shh/Documents/nornickel/miners/data/ore_photos_by_grade_part2/run_of_mine/DSCN1473.JPG,0,normal,run_of_mine/dscn1473,ore_photos_by_grade_part2,trainval
/Users/den1shh/Documents/nornickel/miners/data/ore_photos_by_grade_part2/run_of_mine/DSCN1477.JPG,0,normal,run_of_mine/dscn1477,ore_photos_by_grade_part2,holdout
/Users/den1shh/Documents/nornickel/miners/data/ore_photos_by_grade_part2/run_of_mine/DSCN1489.JPG,0,normal,run_of_mine/dscn1489,ore_photos_by_grade_part2,trainval
/Users/den1shh/Documents/nornickel/miners/data/ore_photos_by_grade_part2/run_of_mine/DSCN1514.JPG,0,normal,run_of_mine/dscn1514,ore_photos_by_grade_part2,trainval
/Users/den1shh/Documents/nornickel/miners/data/ore_photos_by_grade_part2/run_of_mine/DSCN1515.JPG,0,normal,run_of_mine/dscn1515,ore_photos_by_grade_part2,trainval
/Users/den1shh/Documents/nornickel/miners/data/ore_photos_by_grade_part2/run_of_mine/DSCN1517.JPG,0,normal,run_of_mine/dscn1517,ore_photos_by_grade_part2,trainval
/Users/den1shh/Documents/nornickel/miners/data/ore_photos_by_grade_part2/run_of_mine/DSCN1536.JPG,0,normal,run_of_mine/dscn1536,ore_photos_by_grade_part2,trainval
/Users/den1shh/Documents/nornickel/miners/data/ore_photos_by_grade_part2/run_of_mine/DSCN1541.JPG,0,normal,run_of_mine/dscn1541,ore_photos_by_grade_part2,trainval
/Users/den1shh/Documents/nornickel/miners/data/ore_photos_by_grade_part2/run_of_mine/DSCN1548.JPG,0,normal,run_of_mine/dscn1548,ore_photos_by_grade_part2,trainval
/Users/den1shh/Documents/nornickel/miners/data/ore_photos_by_grade_part2/run_of_mine/DSCN1568.JPG,0,normal,run_of_mine/dscn1568,ore_photos_by_grade_part2,trainval
/Users/den1shh/Documents/nornickel/miners/data/ore_photos_by_grade_part2/run_of_mine/DSCN1570.JPG,0,normal,run_of_mine/dscn1570,ore_photos_by_grade_part2,trainval
/Users/den1shh/Documents/nornickel/miners/data/ore_photos_by_grade_part2/run_of_mine/DSCN1571.JPG,0,normal,run_of_mine/dscn1571,ore_photos_by_grade_part2,trainval
/Users/den1shh/Documents/nornickel/miners/data/ore_photos_by_grade_part2/run_of_mine/DSCN1583.JPG,0,normal,run_of_mine/dscn1583,ore_photos_by_grade_part2,trainval
/Users/den1shh/Documents/nornickel/miners/data/ore_photos_by_grade_part2/run_of_mine/DSCN1589.JPG,0,normal,run_of_mine/dscn1589,ore_photos_by_grade_part2,trainval
/Users/den1shh/Documents/nornickel/miners/data/ore_photos_by_grade_part2/run_of_mine/DSCN1592.JPG,0,normal,run_of_mine/dscn1592,ore_photos_by_grade_part2,holdout
/Users/den1shh/Documents/nornickel/miners/data/ore_photos_by_grade_part2/run_of_mine/DSCN1593.JPG,0,normal,run_of_mine/dscn1593,ore_photos_by_grade_part2,trainval
/Users/den1shh/Documents/nornickel/miners/data/ore_photos_by_grade_part2/run_of_mine/DSCN1604.JPG,0,normal,run_of_mine/dscn1604,ore_photos_by_grade_part2,trainval
/Users/den1shh/Documents/nornickel/miners/data/ore_photos_by_grade_part2/run_of_mine/DSCN1612.JPG,0,normal,run_of_mine/dscn1612,ore_photos_by_grade_part2,trainval
/Users/den1shh/Documents/nornickel/miners/data/ore_photos_by_grade_part2/run_of_mine/DSCN1730.JPG,0,normal,run_of_mine/dscn1730,ore_photos_by_grade_part2,trainval
/Users/den1shh/Documents/nornickel/miners/data/ore_photos_by_grade_part2/run_of_mine/DSCN1734.JPG,0,normal,run_of_mine/dscn1734,ore_photos_by_grade_part2,holdout
/Users/den1shh/Documents/nornickel/miners/data/ore_photos_by_grade_part2/run_of_mine/DSCN1740.JPG,0,normal,run_of_mine/dscn1740,ore_photos_by_grade_part2,trainval
/Users/den1shh/Documents/nornickel/miners/data/ore_photos_by_grade_part2/run_of_mine/DSCN1748.JPG,0,normal,run_of_mine/dscn1748,ore_photos_by_grade_part2,trainval
/Users/den1shh/Documents/nornickel/miners/data/ore_photos_by_grade_part2/run_of_mine/DSCN1764.JPG,0,normal,run_of_mine/dscn1764,ore_photos_by_grade_part2,trainval
/Users/den1shh/Documents/nornickel/miners/data/ore_photos_by_grade_part2/run_of_mine/DSCN1768.JPG,0,normal,run_of_mine/dscn1768,ore_photos_by_grade_part2,trainval
/Users/den1shh/Documents/nornickel/miners/data/ore_photos_by_grade_part2/run_of_mine/DSCN1775.JPG,0,normal,run_of_mine/dscn1775,ore_photos_by_grade_part2,trainval
/Users/den1shh/Documents/nornickel/miners/data/ore_photos_by_grade_part2/run_of_mine/DSCN1811.JPG,0,normal,run_of_mine/dscn1811,ore_photos_by_grade_part2,trainval
/Users/den1shh/Documents/nornickel/miners/data/ore_photos_by_grade_part2/run_of_mine/DSCN1959.JPG,0,normal,run_of_mine/dscn1959,ore_photos_by_grade_part2,trainval
/Users/den1shh/Documents/nornickel/miners/data/ore_photos_by_grade_part2/run_of_mine/DSCN1961.JPG,0,normal,run_of_mine/dscn1961,ore_photos_by_grade_part2,trainval
/Users/den1shh/Documents/nornickel/miners/data/ore_photos_by_grade_part2/run_of_mine/DSCN1970.JPG,0,normal,run_of_mine/dscn1970,ore_photos_by_grade_part2,trainval
/Users/den1shh/Documents/nornickel/miners/data/ore_photos_by_grade_part2/run_of_mine/DSCN1989.JPG,0,normal,run_of_mine/dscn1989,ore_photos_by_grade_part2,trainval
/Users/den1shh/Documents/nornickel/miners/data/ore_photos_by_grade_part2/run_of_mine/DSCN1990.JPG,0,normal,run_of_mine/dscn1990,ore_photos_by_grade_part2,trainval
/Users/den1shh/Documents/nornickel/miners/data/ore_photos_by_grade_part2/run_of_mine/DSCN1992.JPG,0,normal,run_of_mine/dscn1992,ore_photos_by_grade_part2,trainval
/Users/den1shh/Documents/nornickel/miners/data/ore_photos_by_grade_part2/run_of_mine/DSCN1993.JPG,0,normal,run_of_mine/dscn1993,ore_photos_by_grade_part2,trainval
/Users/den1shh/Documents/nornickel/miners/data/ore_photos_by_grade_part2/run_of_mine/DSCN1995.JPG,0,normal,run_of_mine/dscn1995,ore_photos_by_grade_part2,trainval
/Users/den1shh/Documents/nornickel/miners/data/ore_photos_by_grade_part2/run_of_mine/DSCN2011.JPG,0,normal,run_of_mine/dscn2011,ore_photos_by_grade_part2,trainval
/Users/den1shh/Documents/nornickel/miners/data/ore_photos_by_grade_part2/run_of_mine/DSCN2015.JPG,0,normal,run_of_mine/dscn2015,ore_photos_by_grade_part2,trainval
/Users/den1shh/Documents/nornickel/miners/data/ore_photos_by_grade_part2/run_of_mine/DSCN2335.JPG,0,normal,run_of_mine/dscn2335,ore_photos_by_grade_part2,trainval
/Users/den1shh/Documents/nornickel/miners/data/ore_photos_by_grade_part2/run_of_mine/DSCN2338.JPG,0,normal,run_of_mine/dscn2338,ore_photos_by_grade_part2,trainval
/Users/den1shh/Documents/nornickel/miners/data/ore_photos_by_grade_part2/run_of_mine/DSCN2339.JPG,0,normal,run_of_mine/dscn2339,ore_photos_by_grade_part2,trainval
/Users/den1shh/Documents/nornickel/miners/data/ore_photos_by_grade_part2/run_of_mine/DSCN2347.JPG,0,normal,run_of_mine/dscn2347,ore_photos_by_grade_part2,trainval
/Users/den1shh/Documents/nornickel/miners/data/ore_photos_by_grade_part2/run_of_mine/DSCN2352.JPG,0,normal,run_of_mine/dscn2352,ore_photos_by_grade_part2,trainval
/Users/den1shh/Documents/nornickel/miners/data/ore_photos_by_grade_part2/run_of_mine/DSCN2353.JPG,0,normal,run_of_mine/dscn2353,ore_photos_by_grade_part2,trainval
/Users/den1shh/Documents/nornickel/miners/data/ore_photos_by_grade_part2/run_of_mine/DSCN2354.JPG,0,normal,run_of_mine/dscn2354,ore_photos_by_grade_part2,trainval
/Users/den1shh/Documents/nornickel/miners/data/ore_photos_by_grade_part2/run_of_mine/DSCN2356.JPG,0,normal,run_of_mine/dscn2356,ore_photos_by_grade_part2,trainval
/Users/den1shh/Documents/nornickel/miners/data/ore_photos_by_grade_part2/run_of_mine/DSCN2361.JPG,0,normal,run_of_mine/dscn2361,ore_photos_by_grade_part2,trainval
/Users/den1shh/Documents/nornickel/miners/data/ore_photos_by_grade_part2/run_of_mine/DSCN2363.JPG,0,normal,run_of_mine/dscn2363,ore_photos_by_grade_part2,trainval
/Users/den1shh/Documents/nornickel/miners/data/ore_photos_by_grade_part2/run_of_mine/DSCN2368.JPG,0,normal,run_of_mine/dscn2368,ore_photos_by_grade_part2,trainval
/Users/den1shh/Documents/nornickel/miners/data/ore_photos_by_grade_part2/run_of_mine/DSCN2901.JPG,0,normal,run_of_mine/dscn2901,ore_photos_by_grade_part2,trainval
/Users/den1shh/Documents/nornickel/miners/data/ore_photos_by_grade_part2/run_of_mine/DSCN2931.JPG,0,normal,run_of_mine/dscn2931,ore_photos_by_grade_part2,trainval
/Users/den1shh/Documents/nornickel/miners/data/ore_photos_by_grade_part2/run_of_mine/DSCN2936.JPG,0,normal,run_of_mine/dscn2936,ore_photos_by_grade_part2,trainval
/Users/den1shh/Documents/nornickel/miners/data/ore_photos_by_grade_part2/run_of_mine/DSCN2947.JPG,0,normal,run_of_mine/dscn2947,ore_photos_by_grade_part2,trainval
/Users/den1shh/Documents/nornickel/miners/data/ore_photos_by_grade_part2/run_of_mine/DSCN2949.JPG,0,normal,run_of_mine/dscn2949,ore_photos_by_grade_part2,trainval
/Users/den1shh/Documents/nornickel/miners/data/ore_photos_by_grade_part2/run_of_mine/DSCN2966.JPG,0,normal,run_of_mine/dscn2966,ore_photos_by_grade_part2,trainval
/Users/den1shh/Documents/nornickel/miners/data/ore_photos_by_grade_part2/run_of_mine/DSCN2967.JPG,0,normal,run_of_mine/dscn2967,ore_photos_by_grade_part2,trainval
/Users/den1shh/Documents/nornickel/miners/data/ore_photos_by_grade_part2/run_of_mine/DSCN3083.JPG,0,normal,run_of_mine/dscn3083,ore_photos_by_grade_part2,holdout
/Users/den1shh/Documents/nornickel/miners/data/ore_photos_by_grade_part2/run_of_mine/DSCN3084.JPG,0,normal,run_of_mine/dscn3084,ore_photos_by_grade_part2,trainval
/Users/den1shh/Documents/nornickel/miners/data/ore_photos_by_grade_part2/run_of_mine/DSCN3085.JPG,0,normal,run_of_mine/dscn3085,ore_photos_by_grade_part2,trainval
/Users/den1shh/Documents/nornickel/miners/data/ore_photos_by_grade_part2/run_of_mine/DSCN3086.JPG,0,normal,run_of_mine/dscn3086,ore_photos_by_grade_part2,trainval
/Users/den1shh/Documents/nornickel/miners/data/ore_photos_by_grade_part2/run_of_mine/DSCN3091.JPG,0,normal,run_of_mine/dscn3091,ore_photos_by_grade_part2,trainval
/Users/den1shh/Documents/nornickel/miners/data/ore_photos_by_grade_part2/run_of_mine/DSCN3092.JPG,0,normal,run_of_mine/dscn3092,ore_photos_by_grade_part2,trainval
/Users/den1shh/Documents/nornickel/miners/data/ore_photos_by_grade_part2/run_of_mine/DSCN3095.JPG,0,normal,run_of_mine/dscn3095,ore_photos_by_grade_part2,trainval
/Users/den1shh/Documents/nornickel/miners/data/ore_photos_by_grade_part2/run_of_mine/DSCN3097.JPG,0,normal,run_of_mine/dscn3097,ore_photos_by_grade_part2,trainval
/Users/den1shh/Documents/nornickel/miners/data/ore_photos_by_grade_part2/run_of_mine/DSCN3099.JPG,0,normal,run_of_mine/dscn3099,ore_photos_by_grade_part2,trainval
/Users/den1shh/Documents/nornickel/miners/data/ore_photos_by_grade_part2/run_of_mine/DSCN3105.JPG,0,normal,run_of_mine/dscn3105,ore_photos_by_grade_part2,holdout
/Users/den1shh/Documents/nornickel/miners/data/ore_photos_by_grade_part2/run_of_mine/DSCN3106.JPG,0,normal,run_of_mine/dscn3106,ore_photos_by_grade_part2,trainval
/Users/den1shh/Documents/nornickel/miners/data/ore_photos_by_grade_part2/run_of_mine/DSCN3107.JPG,0,normal,run_of_mine/dscn3107,ore_photos_by_grade_part2,trainval
/Users/den1shh/Documents/nornickel/miners/data/ore_photos_by_grade_part2/run_of_mine/DSCN3114.JPG,0,normal,run_of_mine/dscn3114,ore_photos_by_grade_part2,trainval
/Users/den1shh/Documents/nornickel/miners/data/ore_photos_by_grade_part2/run_of_mine/DSCN3115.JPG,0,normal,run_of_mine/dscn3115,ore_photos_by_grade_part2,trainval
/Users/den1shh/Documents/nornickel/miners/data/ore_photos_by_grade_part2/run_of_mine/DSCN3116.JPG,0,normal,run_of_mine/dscn3116,ore_photos_by_grade_part2,trainval
/Users/den1shh/Documents/nornickel/miners/data/ore_photos_by_grade_part2/run_of_mine/DSCN3123.JPG,0,normal,run_of_mine/dscn3123,ore_photos_by_grade_part2,trainval
/Users/den1shh/Documents/nornickel/miners/data/ore_photos_by_grade_part2/run_of_mine/DSCN3124.JPG,0,normal,run_of_mine/dscn3124,ore_photos_by_grade_part2,trainval
/Users/den1shh/Documents/nornickel/miners/data/ore_photos_by_grade_part2/run_of_mine/DSCN3125.JPG,0,normal,run_of_mine/dscn3125,ore_photos_by_grade_part2,trainval
/Users/den1shh/Documents/nornickel/miners/data/ore_photos_by_grade_part2/run_of_mine/DSCN3127.JPG,0,normal,run_of_mine/dscn3127,ore_photos_by_grade_part2,trainval
/Users/den1shh/Documents/nornickel/miners/data/ore_photos_by_grade_part2/run_of_mine/DSCN3128.JPG,0,normal,run_of_mine/dscn3128,ore_photos_by_grade_part2,trainval
/Users/den1shh/Documents/nornickel/miners/data/ore_photos_by_grade_part2/run_of_mine/DSCN3129.JPG,0,normal,run_of_mine/dscn3129,ore_photos_by_grade_part2,trainval
/Users/den1shh/Documents/nornickel/miners/data/ore_photos_by_grade_part2/run_of_mine/DSCN3134.JPG,0,normal,run_of_mine/dscn3134,ore_photos_by_grade_part2,trainval
/Users/den1shh/Documents/nornickel/miners/data/ore_photos_by_grade_part2/run_of_mine/DSCN3193.JPG,0,normal,run_of_mine/dscn3193,ore_photos_by_grade_part2,trainval
/Users/den1shh/Documents/nornickel/miners/data/ore_photos_by_grade_part2/run_of_mine/DSCN3194.JPG,0,normal,run_of_mine/dscn3194,ore_photos_by_grade_part2,trainval
/Users/den1shh/Documents/nornickel/miners/data/ore_photos_by_grade_part2/run_of_mine/DSCN3200.JPG,0,normal,run_of_mine/dscn3200,ore_photos_by_grade_part2,trainval
/Users/den1shh/Documents/nornickel/miners/data/ore_photos_by_grade_part2/run_of_mine/DSCN3208.JPG,0,normal,run_of_mine/dscn3208,ore_photos_by_grade_part2,trainval
/Users/den1shh/Documents/nornickel/miners/data/ore_photos_by_grade_part2/run_of_mine/DSCN3209.JPG,0,normal,run_of_mine/dscn3209,ore_photos_by_grade_part2,trainval
/Users/den1shh/Documents/nornickel/miners/data/ore_photos_by_grade_part2/run_of_mine/DSCN3255.JPG,0,normal,run_of_mine/dscn3255,ore_photos_by_grade_part2,trainval
/Users/den1shh/Documents/nornickel/miners/data/ore_photos_by_grade_part2/run_of_mine/DSCN3256.JPG,0,normal,run_of_mine/dscn3256,ore_photos_by_grade_part2,trainval
/Users/den1shh/Documents/nornickel/miners/data/ore_photos_by_grade_part2/run_of_mine/DSCN3264.JPG,0,normal,run_of_mine/dscn3264,ore_photos_by_grade_part2,trainval
/Users/den1shh/Documents/nornickel/miners/data/ore_photos_by_grade_part2/run_of_mine/DSCN3289.JPG,0,normal,run_of_mine/dscn3289,ore_photos_by_grade_part2,holdout
/Users/den1shh/Documents/nornickel/miners/data/ore_photos_by_grade_part2/run_of_mine/DSCN3290.JPG,0,normal,run_of_mine/dscn3290,ore_photos_by_grade_part2,trainval
/Users/den1shh/Documents/nornickel/miners/data/ore_photos_by_grade_part2/run_of_mine/DSCN3296.JPG,0,normal,run_of_mine/dscn3296,ore_photos_by_grade_part2,holdout
/Users/den1shh/Documents/nornickel/miners/data/ore_photos_by_grade_part2/run_of_mine/DSCN3343 — копия.JPG,0,normal,run_of_mine/dscn3343 — копия,ore_photos_by_grade_part2,holdout
/Users/den1shh/Documents/nornickel/miners/data/ore_photos_by_grade_part2/run_of_mine/DSCN3345 — копия.JPG,0,normal,run_of_mine/dscn3345 — копия,ore_photos_by_grade_part2,trainval
/Users/den1shh/Documents/nornickel/miners/data/ore_photos_by_grade_part2/run_of_mine/DSCN3346 — копия.JPG,0,normal,run_of_mine/dscn3346 — копия,ore_photos_by_grade_part2,trainval
/Users/den1shh/Documents/nornickel/miners/data/ore_photos_by_grade_part2/run_of_mine/DSCN3347 — копия.JPG,0,normal,run_of_mine/dscn3347 — копия,ore_photos_by_grade_part2,trainval
/Users/den1shh/Documents/nornickel/miners/data/ore_photos_by_grade_part2/run_of_mine/DSCN3349 — копия.JPG,0,normal,run_of_mine/dscn3349 — копия,ore_photos_by_grade_part2,trainval
/Users/den1shh/Documents/nornickel/miners/data/ore_photos_by_grade_part2/run_of_mine/DSCN3350 — копия.JPG,0,normal,run_of_mine/dscn3350 — копия,ore_photos_by_grade_part2,trainval
/Users/den1shh/Documents/nornickel/miners/data/ore_photos_by_grade_part2/run_of_mine/DSCN3364 — копия.JPG,0,normal,run_of_mine/dscn3364 — копия,ore_photos_by_grade_part2,trainval
/Users/den1shh/Documents/nornickel/miners/data/ore_photos_by_grade_part2/run_of_mine/DSCN3365 — копия.JPG,0,normal,run_of_mine/dscn3365 — копия,ore_photos_by_grade_part2,trainval
/Users/den1shh/Documents/nornickel/miners/data/ore_photos_by_grade_part2/run_of_mine/DSCN3373 — копия.JPG,0,normal,run_of_mine/dscn3373 — копия,ore_photos_by_grade_part2,holdout
/Users/den1shh/Documents/nornickel/miners/data/ore_photos_by_grade_part2/run_of_mine/DSCN3376 — копия.JPG,0,normal,run_of_mine/dscn3376 — копия,ore_photos_by_grade_part2,trainval
/Users/den1shh/Documents/nornickel/miners/data/ore_photos_by_grade_part2/run_of_mine/DSCN3443.JPG,0,normal,run_of_mine/dscn3443,ore_photos_by_grade_part2,trainval
/Users/den1shh/Documents/nornickel/miners/data/ore_photos_by_grade_part2/run_of_mine/DSCN3444.JPG,0,normal,run_of_mine/dscn3444,ore_photos_by_grade_part2,trainval
/Users/den1shh/Documents/nornickel/miners/data/ore_photos_by_grade_part2/run_of_mine/DSCN3447.JPG,0,normal,run_of_mine/dscn3447,ore_photos_by_grade_part2,holdout
/Users/den1shh/Documents/nornickel/miners/data/ore_photos_by_grade_part2/run_of_mine/DSCN3449.JPG,0,normal,run_of_mine/dscn3449,ore_photos_by_grade_part2,trainval
/Users/den1shh/Documents/nornickel/miners/data/ore_photos_by_grade_part2/run_of_mine/DSCN3499.JPG,0,normal,run_of_mine/dscn3499,ore_photos_by_grade_part2,trainval
/Users/den1shh/Documents/nornickel/miners/data/ore_photos_by_grade_part2/run_of_mine/DSCN3512.JPG,0,normal,run_of_mine/dscn3512,ore_photos_by_grade_part2,trainval
/Users/den1shh/Documents/nornickel/miners/data/ore_photos_by_grade_part2/run_of_mine/DSCN3513.JPG,0,normal,run_of_mine/dscn3513,ore_photos_by_grade_part2,trainval
/Users/den1shh/Documents/nornickel/miners/data/ore_photos_by_grade_part2/run_of_mine/DSCN3515.JPG,0,normal,run_of_mine/dscn3515,ore_photos_by_grade_part2,trainval
/Users/den1shh/Documents/nornickel/miners/data/ore_photos_by_grade_part2/run_of_mine/DSCN3520.JPG,0,normal,run_of_mine/dscn3520,ore_photos_by_grade_part2,trainval
/Users/den1shh/Documents/nornickel/miners/data/ore_photos_by_grade_part2/run_of_mine/DSCN3548.JPG,0,normal,run_of_mine/dscn3548,ore_photos_by_grade_part2,trainval
/Users/den1shh/Documents/nornickel/miners/data/ore_photos_by_grade_part2/run_of_mine/DSCN3558.JPG,0,normal,run_of_mine/dscn3558,ore_photos_by_grade_part2,trainval
/Users/den1shh/Documents/nornickel/miners/data/ore_photos_by_grade_part2/run_of_mine/DSCN3565.JPG,0,normal,run_of_mine/dscn3565,ore_photos_by_grade_part2,trainval
/Users/den1shh/Documents/nornickel/miners/data/ore_photos_by_grade_part2/run_of_mine/DSCN3566.JPG,0,normal,run_of_mine/dscn3566,ore_photos_by_grade_part2,trainval
/Users/den1shh/Documents/nornickel/miners/data/ore_photos_by_grade_part2/run_of_mine/DSCN3571.JPG,0,normal,run_of_mine/dscn3571,ore_photos_by_grade_part2,trainval
/Users/den1shh/Documents/nornickel/miners/data/ore_photos_by_grade_part2/run_of_mine/DSCN3596.JPG,0,normal,run_of_mine/dscn3596,ore_photos_by_grade_part2,trainval
/Users/den1shh/Documents/nornickel/miners/data/ore_photos_by_grade_part2/run_of_mine/DSCN3608.JPG,0,normal,run_of_mine/dscn3608,ore_photos_by_grade_part2,trainval
/Users/den1shh/Documents/nornickel/miners/data/ore_photos_by_grade_part2/run_of_mine/DSCN3615.JPG,0,normal,run_of_mine/dscn3615,ore_photos_by_grade_part2,trainval
/Users/den1shh/Documents/nornickel/miners/data/ore_photos_by_grade_part2/run_of_mine/DSCN3616.JPG,0,normal,run_of_mine/dscn3616,ore_photos_by_grade_part2,trainval
/Users/den1shh/Documents/nornickel/miners/data/ore_photos_by_grade_part2/run_of_mine/DSCN3621.JPG,0,normal,run_of_mine/dscn3621,ore_photos_by_grade_part2,trainval
/Users/den1shh/Documents/nornickel/miners/data/ore_photos_by_grade_part2/run_of_mine/DSCN4240.JPG,0,normal,run_of_mine/dscn4240,ore_photos_by_grade_part2,trainval
/Users/den1shh/Documents/nornickel/miners/data/ore_photos_by_grade_part2/run_of_mine/DSCN4241.JPG,0,normal,run_of_mine/dscn4241,ore_photos_by_grade_part2,trainval
/Users/den1shh/Documents/nornickel/miners/data/ore_photos_by_grade_part2/run_of_mine/DSCN4243.JPG,0,normal,run_of_mine/dscn4243,ore_photos_by_grade_part2,trainval
/Users/den1shh/Documents/nornickel/miners/data/ore_photos_by_grade_part2/run_of_mine/DSCN4245.JPG,0,normal,run_of_mine/dscn4245,ore_photos_by_grade_part2,trainval
/Users/den1shh/Documents/nornickel/miners/data/ore_photos_by_grade_part2/run_of_mine/DSCN4264.JPG,0,normal,run_of_mine/dscn4264,ore_photos_by_grade_part2,trainval
/Users/den1shh/Documents/nornickel/miners/data/ore_photos_by_grade_part2/run_of_mine/DSCN4274.JPG,0,normal,run_of_mine/dscn4274,ore_photos_by_grade_part2,trainval
/Users/den1shh/Documents/nornickel/miners/data/ore_photos_by_grade_part2/run_of_mine/DSCN4279.JPG,0,normal,run_of_mine/dscn4279,ore_photos_by_grade_part2,holdout
/Users/den1shh/Documents/nornickel/miners/data/ore_photos_by_grade_part2/run_of_mine/DSCN4289.JPG,0,normal,run_of_mine/dscn4289,ore_photos_by_grade_part2,trainval
/Users/den1shh/Documents/nornickel/miners/data/ore_photos_by_grade_part2/run_of_mine/DSCN4290.JPG,0,normal,run_of_mine/dscn4290,ore_photos_by_grade_part2,trainval
/Users/den1shh/Documents/nornickel/miners/data/ore_photos_by_grade_part2/run_of_mine/DSCN4291.JPG,0,normal,run_of_mine/dscn4291,ore_photos_by_grade_part2,trainval
/Users/den1shh/Documents/nornickel/miners/data/ore_photos_by_grade_part2/run_of_mine/DSCN4303.JPG,0,normal,run_of_mine/dscn4303,ore_photos_by_grade_part2,holdout
/Users/den1shh/Documents/nornickel/miners/data/ore_photos_by_grade_part2/run_of_mine/DSCN4306.JPG,0,normal,run_of_mine/dscn4306,ore_photos_by_grade_part2,trainval
/Users/den1shh/Documents/nornickel/miners/data/ore_photos_by_grade_part2/run_of_mine/DSCN4309.JPG,0,normal,run_of_mine/dscn4309,ore_photos_by_grade_part2,trainval
/Users/den1shh/Documents/nornickel/miners/data/ore_photos_by_grade_part2/run_of_mine/DSCN4319.JPG,0,normal,run_of_mine/dscn4319,ore_photos_by_grade_part2,trainval
/Users/den1shh/Documents/nornickel/miners/data/ore_photos_by_grade_part2/run_of_mine/DSCN4328.JPG,0,normal,run_of_mine/dscn4328,ore_photos_by_grade_part2,trainval
/Users/den1shh/Documents/nornickel/miners/data/ore_photos_by_grade_part2/run_of_mine/DSCN4332.JPG,0,normal,run_of_mine/dscn4332,ore_photos_by_grade_part2,trainval
/Users/den1shh/Documents/nornickel/miners/data/ore_photos_by_grade_part2/run_of_mine/DSCN4354.JPG,0,normal,run_of_mine/dscn4354,ore_photos_by_grade_part2,trainval
/Users/den1shh/Documents/nornickel/miners/data/ore_photos_by_grade_part2/run_of_mine/DSCN4358.JPG,0,normal,run_of_mine/dscn4358,ore_photos_by_grade_part2,trainval
/Users/den1shh/Documents/nornickel/miners/data/ore_photos_by_grade_part2/run_of_mine/DSCN4389.JPG,0,normal,run_of_mine/dscn4389,ore_photos_by_grade_part2,trainval
/Users/den1shh/Documents/nornickel/miners/data/ore_photos_by_grade_part2/run_of_mine/DSCN4390.JPG,0,normal,run_of_mine/dscn4390,ore_photos_by_grade_part2,trainval
/Users/den1shh/Documents/nornickel/miners/data/ore_photos_by_grade_part2/run_of_mine/DSCN4391.JPG,0,normal,run_of_mine/dscn4391,ore_photos_by_grade_part2,trainval
/Users/den1shh/Documents/nornickel/miners/data/ore_photos_by_grade_part2/run_of_mine/DSCN4392.JPG,0,normal,run_of_mine/dscn4392,ore_photos_by_grade_part2,trainval
/Users/den1shh/Documents/nornickel/miners/data/ore_photos_by_grade_part2/run_of_mine/DSCN4396.JPG,0,normal,run_of_mine/dscn4396,ore_photos_by_grade_part2,trainval
/Users/den1shh/Documents/nornickel/miners/data/ore_photos_by_grade_part2/run_of_mine/DSCN4397.JPG,0,normal,run_of_mine/dscn4397,ore_photos_by_grade_part2,trainval
/Users/den1shh/Documents/nornickel/miners/data/ore_photos_by_grade_part2/run_of_mine/DSCN4399.JPG,0,normal,run_of_mine/dscn4399,ore_photos_by_grade_part2,trainval
/Users/den1shh/Documents/nornickel/miners/data/ore_photos_by_grade_part2/run_of_mine/DSCN4400.JPG,0,normal,run_of_mine/dscn4400,ore_photos_by_grade_part2,trainval
/Users/den1shh/Documents/nornickel/miners/data/ore_photos_by_grade_part2/run_of_mine/DSCN4404.JPG,0,normal,run_of_mine/dscn4404,ore_photos_by_grade_part2,trainval
/Users/den1shh/Documents/nornickel/miners/data/ore_photos_by_grade_part2/run_of_mine/DSCN4407.JPG,0,normal,run_of_mine/dscn4407,ore_photos_by_grade_part2,trainval
/Users/den1shh/Documents/nornickel/miners/data/ore_photos_by_grade_part2/run_of_mine/DSCN4417.JPG,0,normal,run_of_mine/dscn4417,ore_photos_by_grade_part2,trainval
/Users/den1shh/Documents/nornickel/miners/data/ore_photos_by_grade_part2/run_of_mine/DSCN4418.JPG,0,normal,run_of_mine/dscn4418,ore_photos_by_grade_part2,trainval
/Users/den1shh/Documents/nornickel/miners/data/ore_photos_by_grade_part2/run_of_mine/DSCN4420.JPG,0,normal,run_of_mine/dscn4420,ore_photos_by_grade_part2,trainval
/Users/den1shh/Documents/nornickel/miners/data/ore_photos_by_grade_part2/run_of_mine/DSCN4421.JPG,0,normal,run_of_mine/dscn4421,ore_photos_by_grade_part2,trainval
/Users/den1shh/Documents/nornickel/miners/data/ore_photos_by_grade_part2/run_of_mine/DSCN4423.JPG,0,normal,run_of_mine/dscn4423,ore_photos_by_grade_part2,trainval
/Users/den1shh/Documents/nornickel/miners/data/ore_photos_by_grade_part2/run_of_mine/DSCN4426.JPG,0,normal,run_of_mine/dscn4426,ore_photos_by_grade_part2,trainval
/Users/den1shh/Documents/nornickel/miners/data/ore_photos_by_grade_part2/run_of_mine/DSCN4433.JPG,0,normal,run_of_mine/dscn4433,ore_photos_by_grade_part2,trainval
/Users/den1shh/Documents/nornickel/miners/data/ore_photos_by_grade_part2/run_of_mine/DSCN4434.JPG,0,normal,run_of_mine/dscn4434,ore_photos_by_grade_part2,trainval
/Users/den1shh/Documents/nornickel/miners/data/ore_photos_by_grade_part2/run_of_mine/DSCN4436.JPG,0,normal,run_of_mine/dscn4436,ore_photos_by_grade_part2,trainval
/Users/den1shh/Documents/nornickel/miners/data/ore_photos_by_grade_part2/run_of_mine/DSCN4441.JPG,0,normal,run_of_mine/dscn4441,ore_photos_by_grade_part2,trainval
/Users/den1shh/Documents/nornickel/miners/data/ore_photos_by_grade_part2/run_of_mine/DSCN4446.JPG,0,normal,run_of_mine/dscn4446,ore_photos_by_grade_part2,trainval
/Users/den1shh/Documents/nornickel/miners/data/ore_photos_by_grade_part2/run_of_mine/DSCN4450.JPG,0,normal,run_of_mine/dscn4450,ore_photos_by_grade_part2,trainval
/Users/den1shh/Documents/nornickel/miners/data/ore_photos_by_grade_part2/run_of_mine/DSCN4451.JPG,0,normal,run_of_mine/dscn4451,ore_photos_by_grade_part2,trainval
/Users/den1shh/Documents/nornickel/miners/data/ore_photos_by_grade_part2/run_of_mine/DSCN4459.JPG,0,normal,run_of_mine/dscn4459,ore_photos_by_grade_part2,trainval
/Users/den1shh/Documents/nornickel/miners/data/ore_photos_by_grade_part2/run_of_mine/DSCN4467.JPG,0,normal,run_of_mine/dscn4467,ore_photos_by_grade_part2,trainval
/Users/den1shh/Documents/nornickel/miners/data/ore_photos_by_grade_part2/run_of_mine/DSCN4478.JPG,0,normal,run_of_mine/dscn4478,ore_photos_by_grade_part2,trainval
/Users/den1shh/Documents/nornickel/miners/data/ore_photos_by_grade_part2/run_of_mine/DSCN4481.JPG,0,normal,run_of_mine/dscn4481,ore_photos_by_grade_part2,trainval
/Users/den1shh/Documents/nornickel/miners/data/ore_photos_by_grade_part2/run_of_mine/DSCN4482.JPG,0,normal,run_of_mine/dscn4482,ore_photos_by_grade_part2,trainval
/Users/den1shh/Documents/nornickel/miners/data/ore_photos_by_grade_part2/run_of_mine/DSCN4483.JPG,0,normal,run_of_mine/dscn4483,ore_photos_by_grade_part2,trainval
/Users/den1shh/Documents/nornickel/miners/data/ore_photos_by_grade_part2/run_of_mine/DSCN4487.JPG,0,normal,run_of_mine/dscn4487,ore_photos_by_grade_part2,trainval
/Users/den1shh/Documents/nornickel/miners/data/ore_photos_by_grade_part2/run_of_mine/DSCN4489.JPG,0,normal,run_of_mine/dscn4489,ore_photos_by_grade_part2,trainval
/Users/den1shh/Documents/nornickel/miners/data/ore_photos_by_grade_part2/run_of_mine/DSCN4490.JPG,0,normal,run_of_mine/dscn4490,ore_photos_by_grade_part2,trainval
/Users/den1shh/Documents/nornickel/miners/data/ore_photos_by_grade_part2/run_of_mine/DSCN4695.JPG,0,normal,run_of_mine/dscn4695,ore_photos_by_grade_part2,trainval
/Users/den1shh/Documents/nornickel/miners/data/ore_photos_by_grade_part2/run_of_mine/DSCN4696.JPG,0,normal,run_of_mine/dscn4696,ore_photos_by_grade_part2,trainval
/Users/den1shh/Documents/nornickel/miners/data/ore_photos_by_grade_part2/run_of_mine/DSCN4703.JPG,0,normal,run_of_mine/dscn4703,ore_photos_by_grade_part2,trainval
/Users/den1shh/Documents/nornickel/miners/data/ore_photos_by_grade_part2/run_of_mine/DSCN4710.JPG,0,normal,run_of_mine/dscn4710,ore_photos_by_grade_part2,trainval
/Users/den1shh/Documents/nornickel/miners/data/ore_photos_by_grade_part2/run_of_mine/DSCN4717.JPG,0,normal,run_of_mine/dscn4717,ore_photos_by_grade_part2,trainval
/Users/den1shh/Documents/nornickel/miners/data/ore_photos_by_grade_part2/run_of_mine/DSCN4721.JPG,0,normal,run_of_mine/dscn4721,ore_photos_by_grade_part2,trainval
/Users/den1shh/Documents/nornickel/miners/data/ore_photos_by_grade_part2/run_of_mine/DSCN4731.JPG,0,normal,run_of_mine/dscn4731,ore_photos_by_grade_part2,trainval
/Users/den1shh/Documents/nornickel/miners/data/ore_photos_by_grade_part2/run_of_mine/DSCN4732.JPG,0,normal,run_of_mine/dscn4732,ore_photos_by_grade_part2,trainval
/Users/den1shh/Documents/nornickel/miners/data/ore_photos_by_grade_part2/run_of_mine/DSCN4735.JPG,0,normal,run_of_mine/dscn4735,ore_photos_by_grade_part2,trainval
/Users/den1shh/Documents/nornickel/miners/data/ore_photos_by_grade_part2/run_of_mine/DSCN4755.JPG,0,normal,run_of_mine/dscn4755,ore_photos_by_grade_part2,trainval
/Users/den1shh/Documents/nornickel/miners/data/ore_photos_by_grade_part2/run_of_mine/DSCN6161.JPG,0,normal,run_of_mine/dscn6161,ore_photos_by_grade_part2,trainval
/Users/den1shh/Documents/nornickel/miners/data/ore_photos_by_grade_part2/run_of_mine/DSCN6164.JPG,0,normal,run_of_mine/dscn6164,ore_photos_by_grade_part2,trainval
/Users/den1shh/Documents/nornickel/miners/data/ore_photos_by_grade_part2/run_of_mine/DSCN6165.JPG,0,normal,run_of_mine/dscn6165,ore_photos_by_grade_part2,trainval
/Users/den1shh/Documents/nornickel/miners/data/ore_photos_by_grade_part2/run_of_mine/DSCN6168.JPG,0,normal,run_of_mine/dscn6168,ore_photos_by_grade_part2,trainval
/Users/den1shh/Documents/nornickel/miners/data/ore_photos_by_grade_part2/run_of_mine/DSCN6169.JPG,0,normal,run_of_mine/dscn6169,ore_photos_by_grade_part2,trainval
/Users/den1shh/Documents/nornickel/miners/data/ore_photos_by_grade_part2/run_of_mine/DSCN6170.JPG,0,normal,run_of_mine/dscn6170,ore_photos_by_grade_part2,trainval
/Users/den1shh/Documents/nornickel/miners/data/ore_photos_by_grade_part2/run_of_mine/DSCN6174.JPG,0,normal,run_of_mine/dscn6174,ore_photos_by_grade_part2,trainval
/Users/den1shh/Documents/nornickel/miners/data/ore_photos_by_grade_part2/run_of_mine/DSCN6177.JPG,0,normal,run_of_mine/dscn6177,ore_photos_by_grade_part2,trainval
/Users/den1shh/Documents/nornickel/miners/data/ore_photos_by_grade_part2/run_of_mine/DSCN6182.JPG,0,normal,run_of_mine/dscn6182,ore_photos_by_grade_part2,trainval
/Users/den1shh/Documents/nornickel/miners/data/ore_photos_by_grade_part2/run_of_mine/DSCN6183.JPG,0,normal,run_of_mine/dscn6183,ore_photos_by_grade_part2,trainval
/Users/den1shh/Documents/nornickel/miners/data/ore_photos_by_grade_part2/run_of_mine/DSCN6187.JPG,0,normal,run_of_mine/dscn6187,ore_photos_by_grade_part2,trainval
/Users/den1shh/Documents/nornickel/miners/data/ore_photos_by_grade_part2/run_of_mine/DSCN6188.JPG,0,normal,run_of_mine/dscn6188,ore_photos_by_grade_part2,trainval
/Users/den1shh/Documents/nornickel/miners/data/ore_photos_by_grade_part2/run_of_mine/DSCN6191.JPG,0,normal,run_of_mine/dscn6191,ore_photos_by_grade_part2,trainval
/Users/den1shh/Documents/nornickel/miners/data/ore_photos_by_grade_part2/run_of_mine/DSCN6205.JPG,0,normal,run_of_mine/dscn6205,ore_photos_by_grade_part2,trainval
/Users/den1shh/Documents/nornickel/miners/data/ore_photos_by_grade_part2/run_of_mine/DSCN6219.JPG,0,normal,run_of_mine/dscn6219,ore_photos_by_grade_part2,holdout
/Users/den1shh/Documents/nornickel/miners/data/ore_photos_by_grade_part2/run_of_mine/DSCN6286.JPG,0,normal,run_of_mine/dscn6286,ore_photos_by_grade_part2,trainval
/Users/den1shh/Documents/nornickel/miners/data/ore_photos_by_grade_part2/run_of_mine/DSCN6287.JPG,0,normal,run_of_mine/dscn6287,ore_photos_by_grade_part2,trainval
/Users/den1shh/Documents/nornickel/miners/data/ore_photos_by_grade_part2/run_of_mine/DSCN6288.JPG,0,normal,run_of_mine/dscn6288,ore_photos_by_grade_part2,trainval
/Users/den1shh/Documents/nornickel/miners/data/ore_photos_by_grade_part2/run_of_mine/DSCN8599.JPG,0,normal,run_of_mine/dscn8599,ore_photos_by_grade_part2,trainval
/Users/den1shh/Documents/nornickel/miners/data/ore_photos_by_grade_part2/run_of_mine/DSCN8601.JPG,0,normal,run_of_mine/dscn8601,ore_photos_by_grade_part2,holdout
/Users/den1shh/Documents/nornickel/miners/data/ore_photos_by_grade_part2/run_of_mine/DSCN8602.JPG,0,normal,run_of_mine/dscn8602,ore_photos_by_grade_part2,trainval
/Users/den1shh/Documents/nornickel/miners/data/ore_photos_by_grade_part2/run_of_mine/DSCN8604.JPG,0,normal,run_of_mine/dscn8604,ore_photos_by_grade_part2,trainval
/Users/den1shh/Documents/nornickel/miners/data/ore_photos_by_grade_part2/run_of_mine/DSCN8607.JPG,0,normal,run_of_mine/dscn8607,ore_photos_by_grade_part2,trainval
/Users/den1shh/Documents/nornickel/miners/data/ore_photos_by_grade_part2/run_of_mine/DSCN8635.JPG,0,normal,run_of_mine/dscn8635,ore_photos_by_grade_part2,trainval
/Users/den1shh/Documents/nornickel/miners/data/ore_photos_by_grade_part2/run_of_mine/DSCN8639.JPG,0,normal,run_of_mine/dscn8639,ore_photos_by_grade_part2,trainval
/Users/den1shh/Documents/nornickel/miners/data/ore_photos_by_grade_part2/run_of_mine/DSCN8672.JPG,0,normal,run_of_mine/dscn8672,ore_photos_by_grade_part2,trainval
/Users/den1shh/Documents/nornickel/miners/data/ore_photos_by_grade_part2/run_of_mine/DSCN8689.JPG,0,normal,run_of_mine/dscn8689,ore_photos_by_grade_part2,trainval
/Users/den1shh/Documents/nornickel/miners/data/ore_photos_by_grade_part2/run_of_mine/DSCN8693.JPG,0,normal,run_of_mine/dscn8693,ore_photos_by_grade_part2,holdout
/Users/den1shh/Documents/nornickel/miners/data/ore_photos_by_grade_part2/run_of_mine/DSCN8761.JPG,0,normal,run_of_mine/dscn8761,ore_photos_by_grade_part2,trainval
/Users/den1shh/Documents/nornickel/miners/data/ore_photos_by_grade_part2/run_of_mine/DSCN8773.JPG,0,normal,run_of_mine/dscn8773,ore_photos_by_grade_part2,trainval
/Users/den1shh/Documents/nornickel/miners/data/ore_photos_by_grade_part2/run_of_mine/DSCN8777.JPG,0,normal,run_of_mine/dscn8777,ore_photos_by_grade_part2,trainval
