segment_id,class,area_px,area_pct,confidence,conf_sulfide,cx,cy
1989,normal,479356,0.32375,0.6331,0.9707,5279,7809
1950,normal,310193,0.2095,0.5112,0.9741,4029,7442
836,normal,235047,0.15875,0.5967,0.966,13572,3392
2874,fine,200134,0.13517,0.6476,0.9629,9110,10553
1586,fine,153987,0.104,0.8761,0.9727,11261,5917
1148,fine,117909,0.07963,0.7416,0.9718,10719,4064
126,fine,112590,0.07604,0.6675,0.9758,5681,601
1996,normal,107352,0.0725,0.5568,0.9727,3367,7485
1465,fine,92965,0.06279,0.6524,0.9708,7433,5210
1505,normal,90766,0.0613,0.6145,0.9706,6150,5438
2830,normal,88977,0.06009,0.5968,0.9781,8007,10287
753,fine,81493,0.05504,0.5935,0.9672,995,2782
2155,fine,81432,0.055,0.6593,0.9666,6737,7972
2745,fine,80790,0.05456,0.7534,0.9715,2573,9689
323,normal,71016,0.04796,0.6467,0.9689,9350,1255
692,fine,64119,0.04331,0.6074,0.9715,7848,2417
120,normal,63185,0.04267,0.5115,0.9702,9673,574
1018,fine,60038,0.04055,0.8059,0.9647,9440,3574
1687,fine,59136,0.03994,0.5994,0.9657,11880,6347
2809,fine,54190,0.0366,0.7166,0.961,2909,10107
2153,fine,53877,0.03639,0.5647,0.97,9216,7973
1722,fine,53534,0.03616,0.518,0.9696,13648,6542
2177,normal,53378,0.03605,0.6002,0.9698,10459,8028
1066,fine,52061,0.03516,0.8222,0.97,7189,3736
251,fine,51167,0.03456,0.7707,0.9679,5096,935
2469,fine,51046,0.03448,0.8577,0.9621,12528,8916
1906,fine,50333,0.03399,0.5065,0.9685,9143,7010
2718,fine,49603,0.0335,0.5353,0.9758,5047,9614
2181,fine,46299,0.03127,0.636,0.9671,2643,8011
2074,fine,41320,0.02791,0.5349,0.974,2998,7666
2452,fine,40776,0.02754,0.8589,0.9594,6538,8891
773,fine,39300,0.02654,0.7008,0.9707,4031,2783
615,fine,37294,0.02519,0.618,0.9722,982,2013
2151,fine,36986,0.02498,0.7321,0.9789,781,7944
2215,fine,35539,0.024,0.684,0.9814,408,8137
1493,fine,34296,0.02316,0.588,0.9701,5459,5292
1310,fine,33885,0.02289,0.6317,0.9694,10422,4505
1270,fine,33157,0.02239,0.7401,0.9657,8179,4301
2826,fine,33111,0.02236,0.7376,0.9485,6648,10150
268,normal,32921,0.02223,0.5792,0.9641,11988,995
2056,fine,32355,0.02185,0.5466,0.9533,7015,7680
1663,fine,31989,0.02161,0.6885,0.9772,1027,6210
470,fine,30230,0.02042,0.8129,0.958,763,1584
2276,fine,30155,0.02037,0.7896,0.9668,4336,8421
82,fine,30086,0.02032,0.7851,0.9555,3102,291
1089,fine,29426,0.01987,0.8898,0.9608,6528,3720
1151,fine,28800,0.01945,0.5554,0.9658,777,3938
2701,fine,28227,0.01906,0.6509,0.9637,2881,9599
2752,fine,27318,0.01845,0.7848,0.9716,6053,9663
1087,fine,26845,0.01813,0.9114,0.9734,4108,3753
2633,fine,26580,0.01795,0.6225,0.9711,2898,9255
2865,normal,25920,0.01751,0.5334,0.9545,4278,10285
2363,fine,24673,0.01666,0.7981,0.9552,10184,8566
1933,normal,23907,0.01615,0.5604,0.9666,5718,7142
1007,fine,22885,0.01546,0.6469,0.9662,10522,3488
2731,fine,22676,0.01532,0.6326,0.9814,12470,9589
1843,fine,22541,0.01522,0.6457,0.9645,3039,6706
2539,fine,21411,0.01446,0.6632,0.9583,4726,9019
2296,fine,21170,0.0143,0.7704,0.9579,10311,8375
759,fine,20851,0.01408,0.7396,0.9687,5395,2649
254,fine,20176,0.01363,0.6073,0.9688,10163,846
738,fine,19853,0.01341,0.5202,0.9701,8383,2535
1,fine,19681,0.01329,0.6108,0.9645,1016,64
1220,fine,19396,0.0131,0.8335,0.9588,13645,4115
2444,fine,19304,0.01304,0.5969,0.9564,4239,8783
527,fine,19230,0.01299,0.6298,0.9624,6283,1668
2168,normal,18637,0.01259,0.6583,0.9636,10319,7888
366,fine,18388,0.01242,0.8172,0.9578,5207,1234
1076,fine,18369,0.01241,0.7691,0.964,770,3671
890,fine,17927,0.01211,0.6773,0.9641,1914,3095
2199,fine,17818,0.01203,0.7365,0.9636,4613,7993
2379,fine,17802,0.01202,0.7593,0.9615,267,8658
2205,fine,17597,0.01188,0.7162,0.9671,4029,8023
671,fine,17390,0.01175,0.7062,0.971,6816,2231
2009,fine,17138,0.01157,0.8847,0.9577,10058,7417
2559,fine,17118,0.01156,0.936,0.965,11906,9061
1942,fine,16980,0.01147,0.6167,0.9529,5133,7105
2447,fine,16596,0.01121,0.7614,0.9591,12883,8792
1159,fine,16466,0.01112,0.6336,0.9604,400,3895
674,fine,16405,0.01108,0.7507,0.9437,6571,2256
2442,fine,16219,0.01095,0.8676,0.9616,6996,8757
2377,fine,16129,0.01089,0.6748,0.9505,3972,8613
800,fine,15751,0.01064,0.9671,0.9717,2781,2807
2223,fine,15555,0.01051,0.9011,0.9687,5914,8128
1878,fine,14854,0.01003,0.7658,0.9695,11709,6775
1510,fine,14777,0.00998,0.6879,0.9654,8752,5345
1423,normal,14540,0.00982,0.5196,0.9423,256,4947
2212,fine,14533,0.00982,0.8581,0.9753,1001,8076
2802,fine,14115,0.00953,0.71,0.9544,7300,9949
2929,fine,13910,0.00939,0.8244,0.9249,10765,10645
980,fine,13737,0.00928,0.7912,0.9662,3697,3335
2505,fine,13640,0.00921,0.6389,0.9616,2499,8932
1835,fine,13539,0.00914,0.6394,0.9626,9501,6653
1736,fine,13537,0.00914,0.7499,0.9547,1058,6406
1432,fine,13443,0.00908,0.6168,0.9682,5128,4986
1462,fine,13381,0.00904,0.6041,0.9615,4547,5129
2241,fine,13344,0.00901,0.6288,0.9612,9620,8196
947,fine,12871,0.00869,0.7846,0.9718,3545,3234
2786,fine,12817,0.00866,0.5211,0.9385,4493,9816
2018,fine,12775,0.00863,0.9117,0.9695,4587,7427
635,fine,12734,0.0086,0.7457,0.9588,10874,2062
2279,fine,12674,0.00856,0.8114,0.9279,4105,8343
1333,fine,12641,0.00854,0.5586,0.9459,9948,4508
679,fine,12510,0.00845,0.6357,0.948,2921,2315
2697,fine,12238,0.00827,0.6508,0.9438,3009,9484
227,fine,12093,0.00817,0.6582,0.961,11092,744
2200,fine,11841,0.008,0.7185,0.9673,9029,7957
2829,fine,11805,0.00797,0.7534,0.9551,6346,10096
1285,fine,11799,0.00797,0.7504,0.9579,10899,4333
469,fine,11688,0.00789,0.8227,0.9645,5224,1463
1073,fine,11645,0.00786,0.865,0.9562,1726,3673
1058,fine,11619,0.00785,0.8897,0.9584,2149,3615
514,fine,11464,0.00774,0.6966,0.9672,4933,1590
2783,fine,11342,0.00766,0.7226,0.9776,9498,9799
1926,fine,10984,0.00742,0.9105,0.9502,9676,7015
848,fine,10973,0.00741,0.9462,0.9549,5305,2977
578,fine,10856,0.00733,0.6998,0.952,495,1825
212,fine,10840,0.00732,0.7397,0.9558,5169,687
1176,fine,10766,0.00727,0.8209,0.9536,3031,3955
238,fine,10749,0.00726,0.8314,0.9566,7408,759
708,fine,10740,0.00725,0.8209,0.9624,6352,2424
2082,fine,10714,0.00724,0.6545,0.9568,2752,7646
1485,fine,10649,0.00719,0.5948,0.9645,5342,5184
1427,fine,10405,0.00703,0.662,0.9575,8447,4953
1725,fine,10124,0.00684,0.7872,0.9582,10568,6380
1026,fine,10105,0.00682,0.9116,0.9526,5332,3520
705,fine,9997,0.00675,0.6766,0.9516,8057,2354
1521,fine,9966,0.00673,0.9471,0.9733,3769,5449
95,fine,9795,0.00662,0.8189,0.9421,5278,277
17,fine,9616,0.00649,0.8026,0.9681,5158,67
2163,fine,9453,0.00638,0.693,0.9578,2438,7838
2824,fine,9301,0.00628,0.7813,0.9596,9839,10043
2288,fine,9195,0.00621,0.8274,0.9725,36,8366
967,fine,9166,0.00619,0.9243,0.9508,2988,3319
1330,fine,9026,0.0061,0.7158,0.9451,10836,4498
2605,fine,8801,0.00594,0.8526,0.9554,9801,9183
2071,fine,8783,0.00593,0.8395,0.9555,4813,7593
2324,fine,8699,0.00588,0.9341,0.9695,6080,8474
295,fine,8686,0.00587,0.5243,0.9589,9357,948
1816,fine,8612,0.00582,0.8017,0.9491,7085,6619
36,fine,8387,0.00566,0.6018,0.9536,11814,112
2902,fine,8360,0.00565,0.846,0.9456,5939,10450
2629,fine,8212,0.00555,0.5717,0.9604,4397,9217
1365,fine,8183,0.00553,0.6975,0.9522,5238,4664
2705,fine,8124,0.00549,0.715,0.9696,12356,9462
965,fine,8109,0.00548,0.9235,0.9649,5169,3270
2003,fine,8090,0.00546,0.7607,0.9525,8809,7350
1279,fine,8015,0.00541,0.7081,0.9599,1746,4275
2387,fine,7996,0.0054,0.7702,0.9534,554,8630
1404,fine,7937,0.00536,0.8394,0.9456,11311,4861
744,fine,7887,0.00533,0.9509,0.9361,6103,2566
2197,fine,7849,0.0053,0.8197,0.9683,2220,7931
2715,fine,7772,0.00525,0.6671,0.9547,12244,9502
2487,fine,7725,0.00522,0.7858,0.9556,2280,8853
78,fine,7714,0.00521,0.7496,0.963,5834,227
2950,fine,7584,0.00512,0.7775,0.9411,10926,10747
1138,fine,7550,0.0051,0.7127,0.9549,593,3828
1490,fine,7521,0.00508,0.866,0.9616,1252,5246
86,fine,7485,0.00506,0.7336,0.9659,2577,259
1114,fine,7434,0.00502,0.849,0.976,3505,3769
2660,fine,7334,0.00495,0.9024,0.9647,12314,9297
1907,fine,7330,0.00495,0.8562,0.9607,3660,6872
236,fine,7316,0.00494,0.7223,0.9656,8743,750
1165,fine,7213,0.00487,0.8456,0.9555,1955,3887
1862,fine,7118,0.00481,0.7825,0.9781,615,6703
2645,fine,7105,0.0048,0.7554,0.9416,661,9259
2237,fine,7028,0.00475,0.9198,0.9663,805,8166
1636,fine,6866,0.00464,0.6948,0.9501,10760,6005
2631,fine,6855,0.00463,0.8165,0.9504,10059,9211
2130,fine,6828,0.00461,0.5341,0.9568,3733,7769
1894,fine,6819,0.00461,0.7252,0.9644,46,6824
1239,fine,6792,0.00459,0.5516,0.9464,9580,4160
2361,fine,6721,0.00454,0.8802,0.9551,8128,8528
736,fine,6632,0.00448,0.5015,0.932,8572,2520
820,fine,6531,0.00441,0.8166,0.966,8017,2852
2858,normal,6519,0.0044,0.5388,0.9342,644,10212
1476,fine,6489,0.00438,0.7274,0.9507,4251,5159
1701,fine,6422,0.00434,0.9267,0.9606,11242,6329
167,fine,6420,0.00434,0.7336,0.9584,4795,512
180,fine,6409,0.00433,0.8063,0.9551,8786,546
2843,fine,6396,0.00432,0.572,0.9289,3220,10132
2440,fine,6383,0.00431,0.8247,0.9382,10214,8739
1337,fine,6377,0.00431,0.5173,0.9353,613,4502
2703,fine,6278,0.00424,0.6204,0.9388,3926,9458
91,fine,6228,0.00421,0.7256,0.9531,5469,240
935,fine,6182,0.00418,0.7739,0.9554,12353,3176
1157,fine,6154,0.00416,0.85,0.9518,5210,3881
1013,fine,6129,0.00414,0.9099,0.9652,4059,3452
959,fine,6062,0.00409,0.9183,0.9677,485,3262
1726,fine,6045,0.00408,0.5497,0.9376,4318,6371
395,fine,6034,0.00408,0.9566,0.9611,7528,1272
51,fine,6033,0.00407,0.7305,0.9627,12422,168
2247,fine,5991,0.00405,0.8277,0.9579,2313,8200
1804,fine,5883,0.00397,0.8058,0.9684,7826,6547
1925,fine,5812,0.00393,0.8136,0.9555,3763,6993
952,fine,5763,0.00389,0.7584,0.9601,2414,3231
2888,fine,5750,0.00388,0.559,0.95,2748,10380
1961,fine,5746,0.00388,0.6663,0.9537,6873,7126
2708,fine,5705,0.00385,0.8709,0.907,11046,9494
1053,fine,5698,0.00385,0.8458,0.9629,3128,3579
1861,fine,5667,0.00383,0.7703,0.9494,275,6697
16,fine,5616,0.00379,0.7638,0.9591,12342,23
1059,fine,5598,0.00378,0.6024,0.9549,10130,3583
2184,fine,5594,0.00378,0.564,0.9511,7934,7881
1903,fine,5551,0.00375,0.8469,0.9754,6682,6854
1190,fine,5502,0.00372,0.8026,0.9464,1641,3988
641,fine,5496,0.00371,0.771,0.9548,542,2082
1273,fine,5493,0.00371,0.8228,0.9527,12911,4263
1519,fine,5444,0.00368,0.8497,0.9668,3375,5369
1867,fine,5389,0.00364,0.819,0.9573,3395,6714
2431,fine,5323,0.0036,0.7396,0.9418,3086,8704
300,fine,5310,0.00359,0.8239,0.9637,4842,967
985,fine,5304,0.00358,0.8872,0.9637,4032,3349
2674,fine,5230,0.00353,0.6653,0.9329,173,9340
40,fine,5230,0.00353,0.844,0.9619,4603,136
2152,fine,5220,0.00353,0.6412,0.9512,7911,7778
2827,fine,5220,0.00353,0.8638,0.952,2504,10048
2224,fine,5177,0.0035,0.714,0.9616,3540,8107
1931,fine,5150,0.00348,0.7087,0.9587,6140,7012
1249,fine,5130,0.00346,0.5546,0.9498,9717,4166
2628,fine,5118,0.00346,0.8111,0.9374,9722,9255
2162,fine,5100,0.00344,0.6092,0.9587,2749,7813
2803,fine,5080,0.00343,0.5393,0.9277,3163,9889
1257,fine,5077,0.00343,0.8517,0.9613,5356,4214
2545,fine,5050,0.00341,0.8911,0.9433,5982,8989
510,fine,5047,0.00341,0.5929,0.948,5744,1584
177,fine,5038,0.0034,0.7657,0.9614,9135,526
715,fine,5033,0.0034,0.5473,0.9407,8513,2392
2035,fine,5022,0.00339,0.6721,0.9259,2592,7442
2424,fine,5018,0.00339,0.7,0.9493,4363,8684
1918,fine,4967,0.00335,0.7117,0.952,128,6939
526,fine,4943,0.00334,0.7073,0.9563,9800,1641
44,fine,4941,0.00334,0.796,0.9532,6950,131
786,fine,4927,0.00333,0.7658,0.948,11221,2746
1653,fine,4906,0.00331,0.9672,0.9176,6993,6098
2508,fine,4858,0.00328,0.8414,0.9585,1614,8865
1037,fine,4846,0.00327,0.8184,0.9464,2384,3550
1079,fine,4819,0.00325,0.9292,0.9432,5249,3645
2726,fine,4787,0.00323,0.8372,0.9641,11165,9511
655,fine,4786,0.00323,0.5007,0.934,8528,2126
223,fine,4785,0.00323,0.7745,0.9552,4840,698
1982,fine,4780,0.00323,0.9681,0.9381,9908,7239
1340,fine,4719,0.00319,0.7097,0.9461,13684,4509
1997,fine,4702,0.00318,0.9677,0.9514,9981,7284
2640,fine,4642,0.00314,0.9193,0.9482,12020,9232
549,fine,4614,0.00312,0.7492,0.9254,3344,1718
1517,fine,4611,0.00311,0.8996,0.9656,3980,5374
2307,fine,4565,0.00308,0.9102,0.9599,2031,8355
2131,fine,4546,0.00307,0.61,0.9311,8738,7744
1480,fine,4544,0.00307,0.6609,0.9418,6926,5127
1540,fine,4538,0.00306,0.8919,0.9559,4022,5549
471,fine,4520,0.00305,0.8366,0.9513,4003,1473
1010,fine,4507,0.00304,0.6034,0.9497,8312,3423
1559,fine,4503,0.00304,0.8393,0.9693,4069,5594
559,fine,4465,0.00302,0.709,0.9419,1931,1743
2104,fine,4458,0.00301,0.8167,0.9579,13180,7652
2647,fine,4452,0.00301,0.7391,0.9219,185,9252
2050,fine,4429,0.00299,0.542,0.9634,4213,7514
972,fine,4410,0.00298,0.9145,0.9758,6946,3302
2382,fine,4410,0.00298,0.8396,0.9452,8321,8601
2538,fine,4382,0.00296,0.9756,0.9577,12009,8949
1315,fine,4355,0.00294,0.8228,0.9504,13336,4429
1491,fine,4347,0.00294,0.8331,0.9379,11182,5217
2019,fine,4344,0.00293,0.798,0.9526,12860,7384
2512,fine,4335,0.00293,0.8334,0.953,13003,8863
2169,fine,4258,0.00288,0.6433,0.9547,3560,7838
2267,fine,4233,0.00286,0.8577,0.9638,709,8284
1210,fine,4186,0.00283,0.8993,0.9624,6810,4039
1819,fine,4156,0.00281,0.6586,0.9403,9405,6593
1968,fine,4151,0.0028,0.7634,0.9638,4571,7151
2230,fine,4133,0.00279,0.7041,0.953,8998,8133
2758,fine,4124,0.00279,0.8835,0.9511,10939,9617
2913,fine,4118,0.00278,0.857,0.9355,11930,10550
716,fine,4096,0.00277,0.9577,0.953,6080,2392
279,fine,4093,0.00276,0.8403,0.9587,4736,876
2771,fine,4064,0.00274,0.8534,0.9532,10796,9704
116,fine,4050,0.00274,0.849,0.9588,5916,324
824,fine,4035,0.00273,0.6426,0.9584,10436,2878
850,fine,4021,0.00272,0.8578,0.952,2092,2984
1689,fine,4012,0.00271,0.9873,0.9508,6599,6235
1657,fine,4012,0.00271,0.8122,0.9334,13033,6129
1431,fine,4005,0.0027,0.8101,0.9478,7829,4922
2249,fine,4000,0.0027,0.6996,0.957,8799,8183
2446,fine,3999,0.0027,0.6665,0.9244,4698,8739
1390,fine,3979,0.00269,0.7844,0.9589,8483,4792
6,fine,3963,0.00268,0.7729,0.9651,5409,28
2314,fine,3910,0.00264,0.8056,0.9429,227,8414
830,fine,3861,0.00261,0.8045,0.9372,4329,2898
475,fine,3847,0.0026,0.8778,0.9295,3318,1502
2793,fine,3841,0.00259,0.7892,0.9385,6278,9821
2699,fine,3840,0.00259,0.6754,0.9667,6108,9428
2498,fine,3830,0.00259,0.8592,0.9485,1936,8821
2393,fine,3781,0.00255,0.8041,0.9498,16,8674
2900,fine,3778,0.00255,0.8552,0.9687,10286,10413
30,fine,3770,0.00255,0.784,0.9605,2738,91
1478,fine,3770,0.00255,0.8346,0.9543,3925,5122
1112,fine,3713,0.00251,0.8629,0.9552,5680,3722
2281,fine,3712,0.00251,0.8945,0.952,2117,8287
804,fine,3710,0.00251,0.8342,0.9147,5539,2794
174,fine,3685,0.00249,0.7758,0.9533,3100,516
910,fine,3677,0.00248,0.7741,0.9545,657,3093
2138,fine,3672,0.00248,0.8866,0.9289,12438,7754
740,fine,3659,0.00247,0.7162,0.9584,6602,2508
1749,fine,3646,0.00246,0.7892,0.9445,12994,6393
1884,fine,3636,0.00246,0.764,0.9529,12097,6766
2337,fine,3600,0.00243,0.8634,0.9326,6915,8475
928,fine,3599,0.00243,0.6946,0.9589,3314,3141
1408,fine,3597,0.00243,0.7368,0.9433,6181,4857
1043,fine,3563,0.00241,0.955,0.9136,5015,3590
2006,fine,3517,0.00238,0.7315,0.9562,12648,7314
1367,fine,3484,0.00235,0.8625,0.9317,7415,4622
2439,fine,3476,0.00235,0.7186,0.9532,10438,8704
2847,fine,3467,0.00234,0.8567,0.9521,9619,10132
2428,fine,3467,0.00234,0.7014,0.9467,4180,8680
260,fine,3437,0.00232,0.8069,0.9389,6833,828
2046,fine,3436,0.00232,0.9262,0.9564,12255,7477
2373,fine,3417,0.00231,0.7649,0.9315,3043,8557
213,fine,3413,0.00231,0.7665,0.9522,4931,651
1054,fine,3390,0.00229,0.7747,0.9414,3377,3558
2173,fine,3389,0.00229,0.7962,0.9544,4238,7834
1167,fine,3379,0.00228,0.8832,0.9438,7103,3886
1915,fine,3376,0.00228,0.7844,0.9478,3945,6905
2293,fine,3361,0.00227,0.839,0.9549,875,8311
24,fine,3344,0.00226,0.6567,0.9419,3746,61
2421,fine,3341,0.00226,0.8654,0.9527,1954,8678
1032,fine,3336,0.00225,0.7425,0.9496,3675,3517
1456,fine,3333,0.00225,0.6092,0.9544,5819,5047
2375,fine,3323,0.00224,0.6236,0.9354,7617,8548
1594,fine,3315,0.00224,0.7437,0.9376,11735,5749
1422,fine,3310,0.00224,0.6887,0.9396,5054,4911
1798,fine,3302,0.00223,0.6753,0.9177,8999,6513
437,fine,3301,0.00223,0.9531,0.9456,7401,1368
1105,fine,3288,0.00222,0.9648,0.9557,4765,3690
1203,fine,3286,0.00222,0.8121,0.9271,13207,4013
2951,fine,3253,0.0022,0.7849,0.9093,11082,10739
676,fine,3250,0.0022,0.8702,0.9563,5922,2203
1304,fine,3241,0.00219,0.8545,0.9559,5396,4386
2600,fine,3219,0.00217,0.9583,0.9474,12346,9138
1761,fine,3211,0.00217,0.8059,0.9506,11530,6435
1217,fine,3192,0.00216,0.6325,0.9429,10438,4058
923,fine,3176,0.00215,0.8051,0.9587,3532,3119
1874,fine,3171,0.00214,0.6811,0.9448,7444,6730
839,fine,3169,0.00214,0.6898,0.9446,11467,2910
58,fine,3168,0.00214,0.7509,0.9539,12308,153
749,fine,3161,0.00213,0.7797,0.9589,8099,2553
2331,fine,3120,0.00211,0.9771,0.9478,1762,8437
2610,fine,3113,0.0021,0.7764,0.9486,6517,9155
2357,fine,3091,0.00209,0.972,0.9389,5912,8523
954,fine,3086,0.00208,0.8861,0.9577,6878,3228
379,fine,3068,0.00207,0.833,0.9565,5298,1203
2584,fine,3064,0.00207,0.8705,0.9503,221,9116
2449,fine,3057,0.00206,0.8404,0.9454,8380,8736
171,fine,3045,0.00206,0.7775,0.9498,9265,488
745,fine,3037,0.00205,0.7249,0.9412,12954,2526
2639,fine,3035,0.00205,0.8118,0.976,4991,9221
1002,fine,3030,0.00205,0.8182,0.9515,3815,3398
2595,fine,3026,0.00204,0.7075,0.9388,1841,9129
2497,fine,3022,0.00204,0.8268,0.9316,13148,8820
2696,fine,3006,0.00203,0.7088,0.9242,1315,9433
712,fine,2992,0.00202,0.7503,0.9308,4086,2353
887,fine,2980,0.00201,0.7653,0.948,3251,3010
2047,fine,2972,0.00201,0.8301,0.9069,10181,7505
1738,fine,2968,0.002,0.766,0.9455,12411,6377
2790,fine,2965,0.002,0.8426,0.9568,5660,9794
1067,fine,2949,0.00199,0.7929,0.9588,7448,3590
2514,fine,2948,0.00199,0.7773,0.9318,13233,8881
1213,fine,2934,0.00198,0.8421,0.9192,13313,4068
1604,fine,2916,0.00197,0.8636,0.9327,13254,5862
1669,fine,2910,0.00197,0.6579,0.9277,262,6166
2965,fine,2880,0.00195,0.8926,0.9531,11895,10775
1573,fine,2879,0.00194,0.957,0.8937,3760,5621
249,fine,2873,0.00194,0.6711,0.9494,9487,789
2290,fine,2872,0.00194,0.7052,0.944,3340,8300
531,fine,2853,0.00193,0.8741,0.9428,3935,1629
2233,fine,2832,0.00191,0.8726,0.9559,11826,8119
341,fine,2831,0.00191,0.6865,0.9358,9047,1101
656,fine,2827,0.00191,0.7794,0.9417,679,2115
1795,fine,2819,0.0019,0.6706,0.9202,8883,6531
913,fine,2817,0.0019,0.9462,0.9223,2998,3100
2534,fine,2815,0.0019,0.6257,0.9301,3507,8930
81,fine,2792,0.00189,0.6445,0.9254,12587,209
1561,fine,2786,0.00188,0.737,0.9688,1642,5565
2040,fine,2780,0.00188,0.7556,0.9438,10518,7437
377,fine,2769,0.00187,0.8367,0.9554,4317,1202
2795,fine,2755,0.00186,0.7103,0.9439,13435,9845
2755,fine,2752,0.00186,0.7674,0.9324,13617,9610
793,fine,2741,0.00185,0.5793,0.9169,9720,2742
1654,fine,2725,0.00184,0.7526,0.9508,5636,6071
1575,fine,2725,0.00184,0.7896,0.9505,12867,5616
2351,fine,2725,0.00184,0.7929,0.95,10417,8483
1897,fine,2717,0.00184,0.7083,0.9679,7141,6812
1181,fine,2714,0.00183,0.5783,0.9438,1303,3922
467,fine,2710,0.00183,0.8078,0.9334,4167,1478
2049,fine,2704,0.00183,0.7644,0.921,10409,7495
920,fine,2692,0.00182,0.9308,0.9589,543,3129
681,fine,2691,0.00182,0.7271,0.9463,3527,2227
1882,fine,2683,0.00181,0.6051,0.9447,4215,6759
1958,normal,2683,0.00181,0.5753,0.9412,4160,7111
2544,fine,2666,0.0018,0.6956,0.9411,2131,8977
509,fine,2665,0.0018,0.8659,0.9521,3459,1564
1520,fine,2665,0.0018,0.871,0.9724,3548,5357
1129,fine,2659,0.0018,0.7963,0.9384,2505,3790
2397,fine,2653,0.00179,0.7443,0.9434,4260,8623
1921,fine,2638,0.00178,0.7822,0.9346,10560,6947
2627,fine,2624,0.00177,0.7878,0.9348,907,9187
2051,fine,2621,0.00177,0.8938,0.9515,12440,7494
2264,fine,2616,0.00177,0.7635,0.9226,90,8223
2355,fine,2607,0.00176,0.8731,0.9449,8254,8512
97,fine,2599,0.00176,0.9224,0.9485,6242,254
308,fine,2581,0.00174,0.6263,0.9504,1739,990
1891,fine,2579,0.00174,0.682,0.9388,9394,6787
1139,fine,2576,0.00174,0.673,0.9553,838,3796
2305,fine,2570,0.00174,0.7298,0.9013,4571,8350
2316,fine,2567,0.00173,0.8221,0.9426,2433,8378
758,fine,2567,0.00173,0.9857,0.9103,2537,2567
31,fine,2564,0.00173,0.7702,0.9492,5054,94
147,fine,2563,0.00173,0.933,0.9291,6319,418
2390,fine,2549,0.00172,0.7851,0.9056,11362,8630
995,fine,2525,0.00171,0.6448,0.9425,10083,3375
1313,fine,2508,0.00169,0.7319,0.9417,10764,4409
1496,fine,2505,0.00169,0.7455,0.9336,868,5206
292,fine,2502,0.00169,0.8692,0.9345,7710,925
600,fine,2502,0.00169,0.8233,0.9218,8118,1866
507,fine,2499,0.00169,0.7573,0.936,5158,1563
2007,fine,2498,0.00169,0.8786,0.9285,10201,7320
808,fine,2496,0.00169,0.9445,0.9303,2173,2821
65,fine,2496,0.00169,0.6666,0.9354,861,169
328,fine,2489,0.00168,0.849,0.9486,7062,1073
1715,fine,2487,0.00168,0.9851,0.9289,6791,6329
1920,fine,2479,0.00167,0.7097,0.966,14,6974
819,fine,2463,0.00166,0.8975,0.942,6125,2863
1256,fine,2462,0.00166,0.7539,0.9351,1793,4169
2560,fine,2461,0.00166,0.8867,0.9545,13167,9022
1320,fine,2461,0.00166,0.695,0.9395,8071,4439
2005,fine,2457,0.00166,0.8839,0.9599,4666,7309
2303,fine,2454,0.00166,0.7231,0.9527,10405,8337
168,fine,2444,0.00165,0.6633,0.9563,5529,482
2807,fine,2414,0.00163,0.7185,0.9496,12642,9932
1616,fine,2412,0.00163,0.6917,0.9502,11707,5897
1386,fine,2409,0.00163,0.665,0.9496,44,4756
63,fine,2402,0.00162,0.7691,0.9487,1767,166
1356,fine,2388,0.00161,0.8341,0.9381,4571,4572
945,fine,2375,0.0016,0.9097,0.942,5264,3214
1116,fine,2369,0.0016,0.8149,0.9405,5771,3741
2908,normal,2368,0.0016,0.6246,0.9203,7742,10505
2066,fine,2363,0.0016,0.8374,0.9304,11698,7544
1762,fine,2347,0.00159,0.7908,0.9376,3087,6434
596,fine,2346,0.00158,0.9308,0.949,2895,1863
1946,fine,2344,0.00158,0.7666,0.9455,12976,7072
2232,fine,2341,0.00158,0.9528,0.9488,5682,8120
2712,fine,2335,0.00158,0.6675,0.9383,628,9478
2932,fine,2327,0.00157,0.9202,0.9643,9507,10644
301,fine,2322,0.00157,0.7975,0.9347,4939,948
297,fine,2317,0.00156,0.8271,0.938,5627,952
2567,fine,2306,0.00156,0.8385,0.9408,550,9066
1321,fine,2281,0.00154,0.7941,0.9429,12535,4425
1038,fine,2278,0.00154,0.979,0.9545,4604,3532
495,fine,2277,0.00154,0.9461,0.9444,7505,1563
2672,fine,2271,0.00153,0.5234,0.935,3477,9326
2806,fine,2269,0.00153,0.7852,0.944,6095,9918
1236,fine,2259,0.00153,0.7192,0.9413,4027,4125
365,fine,2258,0.00153,0.7217,0.9658,12717,1160
1716,fine,2255,0.00152,0.8067,0.9382,11505,6331
460,fine,2255,0.00152,0.8413,0.9461,4947,1430
1078,fine,2248,0.00152,0.9753,0.958,4398,3632
1807,fine,2247,0.00152,0.8339,0.9265,11528,6543
2706,fine,2225,0.0015,0.8192,0.9559,13517,9441
2871,fine,2222,0.0015,0.6287,0.926,5488,10230
2918,fine,2219,0.0015,0.8978,0.9569,9655,10552
1850,fine,2215,0.0015,0.7777,0.9267,229,6644
486,fine,2213,0.00149,0.9573,0.9201,7585,1519
1088,fine,2210,0.00149,0.9561,0.9438,4953,3654
1179,fine,2204,0.00149,0.8348,0.9469,7683,3910
1183,fine,2201,0.00149,0.9086,0.9384,4468,3947
971,fine,2191,0.00148,0.8363,0.9508,3093,3271
506,fine,2184,0.00148,0.8435,0.9272,3691,1556
1006,fine,2169,0.00146,0.8984,0.9524,5321,3408
2540,fine,2162,0.00146,0.924,0.9498,5938,8953
1627,fine,2150,0.00145,0.9736,0.9432,6925,5956
1863,fine,2149,0.00145,0.7291,0.9393,10459,6688
1787,fine,2148,0.00145,0.7446,0.9492,8092,6485
2746,fine,2144,0.00145,0.5428,0.9317,8835,9555
164,fine,2138,0.00144,0.9409,0.9354,6107,503
633,fine,2126,0.00144,0.8688,0.9537,2845,2005
2909,fine,2116,0.00143,0.8182,0.9058,10739,10513
1811,fine,2115,0.00143,0.6076,0.9254,9486,6540
2273,fine,2115,0.00143,0.9458,0.9499,5882,8264
2504,fine,2109,0.00142,0.9076,0.9626,6194,8845
2330,fine,2102,0.00142,0.8235,0.8996,7152,8432
2748,fine,2100,0.00142,0.8906,0.925,10970,9563
978,fine,2096,0.00142,0.8937,0.958,5326,3295
2022,fine,2094,0.00141,0.8459,0.9316,11834,7384
1533,fine,2086,0.00141,0.9675,0.9405,13337,5444
1001,fine,2084,0.00141,0.8241,0.9296,7673,3398
1962,fine,2081,0.00141,0.9687,0.9523,9864,7119
1084,fine,2079,0.0014,0.9744,0.9684,4449,3650
2915,fine,2073,0.0014,0.8353,0.9345,11994,10554
2134,fine,2051,0.00139,0.6532,0.9325,6185,7732
1901,fine,2045,0.00138,0.8344,0.9629,5459,6827
1216,fine,2044,0.00138,0.7251,0.9181,10995,4036
1944,fine,2034,0.00137,0.7398,0.9455,8718,7057
1194,fine,2032,0.00137,0.6637,0.9419,10315,3985
794,fine,2031,0.00137,0.784,0.9551,1878,2750
1486,fine,2020,0.00136,0.6661,0.9271,8480,5160
821,fine,2020,0.00136,0.91,0.9461,2077,2853
1939,fine,2019,0.00136,0.62,0.9499,5861,7027
2854,fine,2017,0.00136,0.707,0.933,6941,10148
1250,fine,2008,0.00136,0.7008,0.9334,5908,4151
535,fine,2002,0.00135,0.9228,0.9224,7539,1643
2969,fine,1999,0.00135,0.8453,0.9317,11666,10781
1494,fine,1990,0.00134,0.9349,0.9298,12512,5218
810,fine,1987,0.00134,0.7673,0.9564,11140,2795
1403,fine,1985,0.00134,0.5991,0.9426,9832,4802
1500,fine,1984,0.00134,0.9796,0.9281,13675,5246
1890,fine,1979,0.00134,0.6782,0.9405,3126,6792
2562,fine,1976,0.00133,0.7725,0.937,1668,9042
1781,fine,1968,0.00133,0.9734,0.8876,6734,6475
2462,fine,1964,0.00133,0.8142,0.9471,2013,8745
446,fine,1960,0.00132,0.8399,0.9481,5402,1393
1483,normal,1958,0.00132,0.5201,0.9489,6060,5149
2488,fine,1956,0.00132,0.9692,0.9633,5902,8796
2111,normal,1954,0.00132,0.5359,0.9657,18,7664
931,fine,1947,0.00131,0.6287,0.9313,10325,3132
1095,fine,1938,0.00131,0.9677,0.9271,4687,3662
1686,fine,1931,0.0013,0.7099,0.964,910,6209
1530,fine,1919,0.0013,0.8903,0.9728,13027,5431
1361,fine,1919,0.0013,0.7589,0.9621,8559,4577
1579,fine,1909,0.00129,0.8463,0.9364,13069,5638
2077,fine,1898,0.00128,0.6497,0.9249,10818,7571
1553,fine,1882,0.00127,0.728,0.9212,12736,5530
2542,fine,1880,0.00127,0.9765,0.9403,12129,8965
2054,normal,1880,0.00127,0.5923,0.9261,3062,7501
1911,fine,1875,0.00127,0.5734,0.9173,2882,6904
1016,fine,1871,0.00126,0.9363,0.9608,7054,3452
2201,fine,1861,0.00126,0.8052,0.9389,4537,7932
10,fine,1860,0.00126,0.832,0.9452,8068,16
827,fine,1849,0.00125,0.9697,0.9443,2511,2872
912,fine,1843,0.00124,0.894,0.9427,2471,3080
137,fine,1842,0.00124,0.6707,0.9392,5545,371
1030,fine,1835,0.00124,0.8342,0.9704,7415,3502
2740,fine,1832,0.00124,0.6568,0.924,2927,9543
2658,fine,1827,0.00123,0.7794,0.9274,1026,9275
1472,fine,1826,0.00123,0.5797,0.9398,5886,5087
1241,fine,1825,0.00123,0.7132,0.9746,8266,4143
1719,fine,1822,0.00123,0.7853,0.94,8078,6332
1314,fine,1816,0.00123,0.8025,0.9477,5164,4419
899,fine,1815,0.00123,0.9855,0.9659,2742,3047
1732,fine,1814,0.00123,0.9802,0.96,6448,6363
191,fine,1813,0.00122,0.7946,0.9468,8877,570
472,fine,1812,0.00122,0.8447,0.9486,4877,1471
456,fine,1801,0.00122,0.8307,0.9329,5513,1413
680,fine,1797,0.00121,0.7754,0.9463,12450,2222
1991,fine,1796,0.00121,0.5969,0.9454,3730,7237
138,fine,1794,0.00121,0.5624,0.9188,13305,381
1325,fine,1792,0.00121,0.8394,0.9345,5316,4438
2526,fine,1792,0.00121,0.8412,0.9402,1776,8909
614,fine,1790,0.00121,0.7803,0.9317,10096,1919
2822,normal,1788,0.00121,0.5059,0.9238,4378,9994
2733,fine,1785,0.00121,0.6379,0.9462,12414,9533
2396,fine,1782,0.0012,0.9707,0.9062,5963,8621
927,fine,1780,0.0012,0.8279,0.9534,4143,3126
2320,fine,1775,0.0012,0.8676,0.9488,11792,8396
1416,fine,1775,0.0012,0.7316,0.9251,3605,4893
2838,fine,1763,0.00119,0.7198,0.9566,8176,10108
2041,fine,1759,0.00119,0.693,0.9108,67,7448
1415,fine,1755,0.00119,0.6982,0.9209,6684,4874
2700,fine,1753,0.00118,0.8403,0.9138,11999,9413
1411,fine,1750,0.00118,0.655,0.9413,9007,4848
574,fine,1748,0.00118,0.9502,0.922,2860,1775
69,fine,1745,0.00118,0.6241,0.9318,1061,169
2760,fine,1743,0.00118,0.5868,0.9141,986,9613
657,fine,1741,0.00118,0.6505,0.9125,2995,2121
1376,fine,1738,0.00117,0.6937,0.9346,5446,4678
1652,fine,1734,0.00117,0.7801,0.935,5048,6040
1741,fine,1732,0.00117,0.9546,0.9265,6933,6374
1090,fine,1714,0.00116,0.928,0.9539,7013,3651
1844,fine,1713,0.00116,0.6484,0.9744,8067,6628
1767,fine,1708,0.00115,0.6374,0.9329,8420,6445
673,fine,1708,0.00115,0.8335,0.9381,4036,2184
336,fine,1697,0.00115,0.9294,0.9383,8503,1098
2070,fine,1696,0.00115,0.9296,0.9426,4550,7551
1349,fine,1696,0.00115,0.7787,0.9406,5357,4520
5,fine,1694,0.00114,0.8283,0.9554,5309,10
1917,fine,1693,0.00114,0.6626,0.9304,467,6920
413,fine,1692,0.00114,0.757,0.9432,6533,1300
1582,fine,1691,0.00114,0.8513,0.9457,13133,5651
127,fine,1689,0.00114,0.8456,0.9415,7664,351
743,fine,1681,0.00114,0.8609,0.8925,5772,2528
326,fine,1676,0.00113,0.814,0.9519,5359,1061
807,fine,1675,0.00113,0.5456,0.9267,9623,2786
1563,fine,1672,0.00113,0.7661,0.9025,12434,5563
146,fine,1670,0.00113,0.7507,0.9441,228,420
2634,fine,1669,0.00113,0.7781,0.9189,837,9202
85,fine,1667,0.00113,0.5289,0.921,9637,236
1400,fine,1661,0.00112,0.8526,0.9294,7610,4800
1892,fine,1654,0.00112,0.7276,0.9618,131,6788
104,fine,1652,0.00112,0.9128,0.9545,6304,280
259,fine,1650,0.00111,0.5984,0.905,10268,853
448,fine,1647,0.00111,0.8629,0.926,4814,1397
2235,fine,1643,0.00111,0.9484,0.9306,5803,8122
1981,fine,1636,0.0011,0.6068,0.9284,3478,7213
1866,fine,1634,0.0011,0.7355,0.9258,105,6687
1885,fine,1634,0.0011,0.7044,0.8903,13079,6802
969,fine,1628,0.0011,0.6219,0.932,10992,3250
1774,fine,1626,0.0011,0.7796,0.937,10785,6443
371,fine,1625,0.0011,0.8185,0.9298,2311,1182
1322,fine,1623,0.0011,0.8445,0.9594,13039,4412
2782,fine,1618,0.00109,0.7226,0.9088,9810,9741
1234,fine,1607,0.00109,0.8182,0.9466,7367,4119
1584,fine,1607,0.00109,0.6943,0.9248,12291,5651
1936,fine,1602,0.00108,0.7391,0.9321,12210,7013
921,fine,1592,0.00108,0.8959,0.9344,1183,3123
2411,fine,1591,0.00107,0.9409,0.9312,6085,8651
1775,fine,1588,0.00107,0.829,0.9292,3532,6471
2186,fine,1584,0.00107,0.633,0.9312,4706,7874
737,fine,1579,0.00107,0.7432,0.9722,121,2468
1709,fine,1577,0.00107,0.6912,0.9565,372,6285
2270,fine,1575,0.00106,0.9111,0.9586,767,8242
595,fine,1574,0.00106,0.7076,0.929,1563,1838
2894,fine,1574,0.00106,0.8409,0.9246,5911,10398
1021,fine,1570,0.00106,0.7734,0.9342,3759,3479
1965,fine,1564,0.00106,0.7023,0.9321,3435,7130
2939,fine,1563,0.00106,0.9281,0.9649,9532,10692
209,fine,1561,0.00105,0.7405,0.9424,4797,625
27,fine,1561,0.00105,0.7579,0.9535,641,71
1473,fine,1556,0.00105,0.5007,0.9198,6204,5094
2642,fine,1552,0.00105,0.9357,0.9307,12296,9224
309,fine,1540,0.00104,0.8698,0.9453,4701,984
2079,fine,1536,0.00104,0.8316,0.9367,4362,7577
72,fine,1525,0.00103,0.9,0.9413,6226,185
2445,fine,1521,0.00103,0.7204,0.9391,10524,8713
2688,fine,1518,0.00103,0.9294,0.9565,5788,9392
1635,fine,1518,0.00103,0.9795,0.8941,6865,6000
2768,fine,1517,0.00102,0.607,0.8954,3906,9666
739,fine,1512,0.00102,0.7455,0.9448,6415,2483
2686,fine,1511,0.00102,0.8091,0.9397,12391,9376
1765,fine,1500,0.00101,0.772,0.9165,927,6425
2342,fine,1498,0.00101,0.8251,0.9291,175,8479
2463,fine,1497,0.00101,0.9735,0.9702,5753,8744
150,fine,1497,0.00101,0.6736,0.9302,5527,411
2311,fine,1494,0.00101,0.9802,0.9137,1880,8364
1577,fine,1493,0.00101,0.9193,0.9579,13535,5627
2386,fine,1488,0.001,0.8413,0.953,8041,8589
2037,fine,1474,0.001,0.7092,0.9605,18,7419
795,fine,1474,0.001,0.7853,0.9388,11115,2737
2105,fine,1473,0.00099,0.5894,0.9314,9707,7640
1028,fine,1472,0.00099,0.9366,0.9475,4138,3491
2141,fine,1472,0.00099,0.7773,0.9326,2236,7745
57,fine,1461,0.00099,0.7961,0.9375,2479,148
888,fine,1459,0.00099,0.8272,0.9375,5568,3013
1737,fine,1457,0.00098,0.9032,0.9356,11399,6359
419,fine,1456,0.00098,0.7167,0.9261,5761,1307
955,fine,1455,0.00098,0.9731,0.9499,2823,3206
1572,fine,1454,0.00098,0.9104,0.9588,6941,5607
2885,fine,1451,0.00098,0.7073,0.9212,6211,10337
2905,fine,1448,0.00098,0.8929,0.9551,9685,10472
111,fine,1447,0.00098,0.6157,0.9423,5723,294
1855,fine,1438,0.00097,0.7526,0.9117,13071,6674
2062,fine,1436,0.00097,0.6131,0.9337,4969,7533
1622,fine,1435,0.00097,0.839,0.955,3854,5929
741,fine,1433,0.00097,0.7368,0.9612,9455,2497
2947,fine,1429,0.00097,0.8964,0.9348,11881,10704
525,fine,1427,0.00096,0.9331,0.9078,7441,1630
2026,fine,1426,0.00096,0.7182,0.9382,8881,7388
2676,fine,1424,0.00096,0.6974,0.961,7699,9339
1797,fine,1418,0.00096,0.7562,0.9321,7559,6507
265,fine,1415,0.00096,0.7436,0.93,5622,823
479,fine,1414,0.00096,0.7211,0.9344,10591,1500
2075,fine,1410,0.00095,0.9447,0.9401,4631,7564
1266,fine,1406,0.00095,0.7078,0.9091,11692,4195
189,fine,1402,0.00095,0.786,0.9269,5084,558
2048,fine,1396,0.00094,0.8359,0.9282,10252,7468
368,fine,1391,0.00094,0.8635,0.9205,5426,1154
193,fine,1385,0.00094,0.7534,0.9391,5172,563
64,fine,1380,0.00093,0.7096,0.9252,11294,158
225,fine,1378,0.00093,0.8379,0.9177,7866,688
2690,fine,1366,0.00092,0.787,0.9234,9731,9397
2340,fine,1363,0.00092,0.751,0.9302,10127,8449
1927,fine,1363,0.00092,0.6978,0.9709,5245,6967
1794,fine,1363,0.00092,0.7614,0.928,13126,6504
2573,fine,1361,0.00092,0.9689,0.9401,12006,9076
409,fine,1361,0.00092,0.8659,0.9395,5442,1280
2621,fine,1360,0.00092,0.6145,0.9172,4253,9176
688,fine,1359,0.00092,0.7557,0.9676,12847,2271
2855,fine,1355,0.00092,0.8503,0.9286,8328,10156
2928,fine,1353,0.00091,0.8433,0.9245,5942,10583
1005,fine,1347,0.00091,0.6179,0.9041,12599,3400
196,fine,1343,0.00091,0.6184,0.9397,1565,575
925,fine,1342,0.00091,0.6879,0.9432,12600,3111
160,fine,1341,0.00091,0.808,0.9375,8601,455
957,fine,1337,0.0009,0.921,0.944,562,3220
1964,fine,1336,0.0009,0.5805,0.9182,3897,7124
299,fine,1336,0.0009,0.6232,0.9138,13342,945
2044,normal,1335,0.0009,0.5178,0.9456,3521,7449
1262,fine,1332,0.0009,0.8074,0.9021,12480,4187
2345,fine,1332,0.0009,0.9601,0.9647,5990,8459
1888,fine,1331,0.0009,0.7621,0.9177,10534,6785
2067,fine,1330,0.0009,0.7092,0.9342,8487,7544
2347,fine,1329,0.0009,0.875,0.9222,2361,8464
580,fine,1328,0.0009,0.9189,0.9141,8758,1806
2532,fine,1326,0.0009,0.9775,0.928,12102,8930
907,fine,1323,0.00089,0.6314,0.9353,10267,3059
849,fine,1323,0.00089,0.8684,0.9356,5973,2916
246,fine,1321,0.00089,0.7402,0.9124,3326,754
2960,fine,1320,0.00089,0.781,0.854,11020,10758
1826,fine,1318,0.00089,0.7307,0.9366,862,6573
2033,fine,1311,0.00089,0.8452,0.9366,9843,7404
1326,fine,1307,0.00088,0.7908,0.9088,12406,4431
2536,fine,1307,0.00088,0.7367,0.9104,9839,8947
1343,fine,1307,0.00088,0.7906,0.9258,12364,4501
956,fine,1305,0.00088,0.9106,0.9378,5235,3233
1121,fine,1302,0.00088,0.8758,0.9308,3294,3743
751,fine,1296,0.00088,0.7363,0.9234,4789,2546
1115,fine,1295,0.00087,0.6701,0.9558,13377,3721
1301,fine,1292,0.00087,0.6382,0.9205,3539,4367
2480,fine,1291,0.00087,0.5947,0.9418,5198,8760
825,fine,1287,0.00087,0.7334,0.9362,11245,2862
2580,fine,1285,0.00087,0.8199,0.9099,12950,9074
2225,fine,1284,0.00087,0.9382,0.9634,2029,8100
1913,fine,1280,0.00086,0.8636,0.9152,9606,6879
577,fine,1279,0.00086,0.9363,0.9277,8722,1778
163,fine,1271,0.00086,0.9285,0.9429,6337,471
178,fine,1269,0.00086,0.6807,0.9391,5462,515
746,fine,1269,0.00086,0.7415,0.9417,134,2520
879,fine,1268,0.00086,0.9018,0.9693,5422,2989
1375,fine,1267,0.00086,0.6903,0.9208,9638,4664
699,fine,1266,0.00086,0.7201,0.9335,9279,2311
2372,fine,1262,0.00085,0.8045,0.9367,170,8557
1972,fine,1260,0.00085,0.6705,0.9301,3756,7169
1062,fine,1254,0.00085,0.9764,0.9648,4640,3571
2106,fine,1254,0.00085,0.6933,0.8893,8390,7653
2175,fine,1251,0.00084,0.6018,0.8883,2696,7839
1782,fine,1250,0.00084,0.7737,0.9347,542,6462
634,fine,1250,0.00084,0.7652,0.9336,8930,2002
1458,fine,1248,0.00084,0.9564,0.9249,12447,5029
1170,fine,1247,0.00084,0.9338,0.9077,4440,3879
1328,fine,1247,0.00084,0.7725,0.9416,12777,4444
1800,fine,1246,0.00084,0.7974,0.9115,533,6510
2737,fine,1245,0.00084,0.6361,0.9264,2740,9513
939,fine,1242,0.00084,0.7422,0.9258,6717,3162
1744,fine,1239,0.00084,0.8902,0.9185,11082,6369
1786,fine,1236,0.00083,0.7927,0.9145,10881,6476
190,fine,1225,0.00083,0.7519,0.9359,3225,563
1999,fine,1214,0.00082,0.7302,0.9363,6311,7269
938,fine,1212,0.00082,0.9702,0.9133,2747,3175
1935,fine,1212,0.00082,0.7023,0.907,5178,7000
560,fine,1205,0.00081,0.9163,0.9553,8006,1728
1615,fine,1205,0.00081,0.8865,0.9204,3763,5901
710,fine,1204,0.00081,0.9711,0.9195,2455,2333
2297,fine,1202,0.00081,0.9801,0.9127,1865,8316
2675,fine,1196,0.00081,0.8299,0.9326,9982,9328
2882,fine,1187,0.0008,0.6163,0.9052,1353,10286
622,fine,1185,0.0008,0.6543,0.8831,554,1930
2100,fine,1183,0.0008,0.6541,0.9285,10252,7622
520,fine,1182,0.0008,0.7068,0.9298,4791,1578
1120,fine,1181,0.0008,0.8905,0.9185,2185,3740
397,fine,1177,0.00079,0.87,0.913,4727,1248
8,fine,1177,0.00079,0.7047,0.9203,6474,8
1740,fine,1173,0.00079,0.9741,0.9227,6880,6360
2863,fine,1166,0.00079,0.8199,0.9311,8284,10187
375,fine,1165,0.00079,0.6245,0.9477,13679,1177
2405,fine,1165,0.00079,0.7321,0.9273,10421,8621
780,fine,1162,0.00078,0.7231,0.9358,10968,2685
406,fine,1160,0.00078,0.7257,0.9226,6092,1277
2028,fine,1155,0.00078,0.8047,0.9299,12505,7384
1331,fine,1151,0.00078,0.7629,0.9303,12302,4447
2362,fine,1146,0.00077,0.774,0.8359,298,8518
53,fine,1143,0.00077,0.7926,0.9288,5865,128
2800,fine,1140,0.00077,0.6256,0.9247,1716,9851
1111,fine,1138,0.00077,0.8128,0.9135,3082,3717
1290,fine,1138,0.00077,0.8623,0.9116,5255,4300
1838,fine,1137,0.00077,0.7251,0.9007,917,6608
1929,fine,1137,0.00077,0.8373,0.9066,6584,6975
2319,fine,1136,0.00077,0.971,0.9094,5824,8392
1253,fine,1134,0.00077,0.8526,0.9233,12224,4151
319,fine,1131,0.00076,0.8729,0.9231,4336,1032
866,fine,1131,0.00076,0.8917,0.9209,2138,2958
589,fine,1127,0.00076,0.8666,0.9667,8049,1813
1618,fine,1127,0.00076,0.6817,0.9049,68,5897
762,fine,1125,0.00076,0.7838,0.911,2967,2608
71,fine,1125,0.00076,0.7543,0.9243,10332,166
2520,fine,1121,0.00076,0.7301,0.9235,743,8874
290,fine,1119,0.00076,0.7726,0.9323,5724,913
697,fine,1119,0.00076,0.7626,0.9171,5669,2302
2095,fine,1119,0.00076,0.6318,0.9366,4211,7605
1802,fine,1118,0.00076,0.9581,0.9422,6778,6524
2942,fine,1114,0.00075,0.8034,0.9007,11394,10679
2681,fine,1113,0.00075,0.8554,0.9331,13222,9355
1698,fine,1113,0.00075,0.9325,0.9262,7083,6253
1393,fine,1112,0.00075,0.7296,0.9353,5080,4766
1886,fine,1111,0.00075,0.8532,0.9216,5432,6772
2422,fine,1110,0.00075,0.7342,0.9194,705,8657
2693,fine,1109,0.00075,0.8252,0.9178,12191,9400
2339,fine,1107,0.00075,0.9766,0.9419,1869,8445
2280,fine,1105,0.00075,0.9753,0.9185,5740,8264
158,fine,1105,0.00075,0.776,0.9357,4680,446
2394,fine,1104,0.00075,0.922,0.931,6431,8620
2068,fine,1103,0.00074,0.8212,0.939,10242,7535
2147,fine,1097,0.00074,0.6744,0.9272,3463,7768
1883,fine,1097,0.00074,0.6216,0.9006,2928,6768
1154,fine,1097,0.00074,0.9332,0.9503,6722,3839
2515,fine,1096,0.00074,0.5107,0.9115,3933,8858
1341,fine,1094,0.00074,0.804,0.9219,4722,4490
2825,fine,1094,0.00074,0.9174,0.9628,2615,9997
896,fine,1093,0.00074,0.9822,0.9193,2598,3024
282,fine,1091,0.00074,0.6099,0.9221,9427,867
2189,fine,1090,0.00074,0.8315,0.8944,13632,7875
1889,fine,1079,0.00073,0.7275,0.9637,651,6779
726,fine,1072,0.00072,0.9866,0.9245,2398,2429
1617,fine,1069,0.00072,0.8495,0.9189,13126,5892
882,fine,1063,0.00072,0.7456,0.9228,6409,2997
7,fine,1062,0.00072,0.6926,0.9147,5685,5
2518,fine,1059,0.00072,0.786,0.9092,7115,8867
2404,fine,1058,0.00071,0.7306,0.9041,12278,8623
2450,fine,1053,0.00071,0.9737,0.9314,5809,8719
1877,fine,1051,0.00071,0.9344,0.9352,5004,6720
2879,fine,1050,0.00071,0.884,0.93,9659,10268
812,fine,1047,0.00071,0.9463,0.9125,2140,2807
2045,fine,1044,0.00071,0.795,0.9308,13140,7441
2461,fine,1042,0.0007,0.8243,0.8598,8145,8750
1974,fine,1042,0.0007,0.7053,0.9182,6020,7178
2078,fine,1041,0.0007,0.8094,0.9224,12990,7564
856,normal,1041,0.0007,0.5398,0.9226,13263,2932
505,fine,1037,0.0007,0.7381,0.9414,10342,1543
1008,fine,1032,0.0007,0.8846,0.942,556,3411
332,fine,1031,0.0007,0.8637,0.9118,5441,1071
683,fine,1030,0.0007,0.6522,0.9292,9874,2206
606,fine,1030,0.0007,0.8434,0.9436,8025,1908
778,fine,1027,0.00069,0.9052,0.9351,6201,2681
1435,fine,1026,0.00069,0.8119,0.9016,3842,4929
2577,fine,1025,0.00069,0.8405,0.9266,6445,9071
372,fine,1023,0.00069,0.652,0.9369,1175,1180
1495,fine,1013,0.00068,0.8955,0.9163,12585,5212
556,fine,1011,0.00068,0.7009,0.9284,11952,1712
1959,fine,1011,0.00068,0.7091,0.9199,6800,7118
2735,fine,1007,0.00068,0.8905,0.9328,10989,9519
2176,fine,1006,0.00068,0.5946,0.9194,7841,7831
1603,fine,1002,0.00068,0.6898,0.898,12417,5842
363,fine,999,0.00067,0.6584,0.9263,1232,1149
790,fine,998,0.00067,0.9757,0.9299,2427,2740
2128,fine,996,0.00067,0.5989,0.9382,3372,7696
214,fine,994,0.00067,0.8747,0.9109,6307,651
1295,fine,991,0.00067,0.7789,0.905,13473,4323
1440,fine,989,0.00067,0.6645,0.9038,4995,4959
185,fine,989,0.00067,0.7461,0.9431,5229,527
1272,fine,988,0.00067,0.6992,0.931,10569,4216
1531,fine,987,0.00067,0.8202,0.9388,3373,5429
756,fine,985,0.00067,0.728,0.7686,419,2556
28,fine,984,0.00066,0.6551,0.9229,9128,68
216,fine,984,0.00066,0.7495,0.923,8802,657
1592,fine,983,0.00066,0.9584,0.8866,6799,5710
2353,fine,981,0.00066,0.783,0.928,302,8482
1837,fine,981,0.00066,0.7217,0.8764,879,6624
1995,fine,980,0.00066,0.5042,0.9137,3384,7243
228,fine,979,0.00066,0.7285,0.9169,3122,692
76,fine,979,0.00066,0.7652,0.9366,2737,189
1369,fine,978,0.00066,0.776,0.9326,7731,4609
2510,fine,978,0.00066,0.9547,0.9516,5713,8853
49,fine,977,0.00066,0.7768,0.9358,1693,119
989,fine,977,0.00066,0.6727,0.9214,12444,3327
1790,fine,974,0.00066,0.965,0.9114,6797,6487
151,fine,972,0.00066,0.8165,0.8929,7298,414
1671,fine,968,0.00065,0.6838,0.9208,816,6142
1565,fine,967,0.00065,0.7401,0.9307,1594,5578
2359,fine,967,0.00065,0.9676,0.9406,5961,8509
998,fine,966,0.00065,0.9257,0.9546,7059,3386
199,fine,963,0.00065,0.7327,0.9334,4891,577
1377,fine,960,0.00065,0.744,0.9088,2521,4685
1859,fine,958,0.00065,0.9382,0.9418,6622,6674
2063,fine,958,0.00065,0.7137,0.8912,10544,7527
901,fine,957,0.00065,0.7667,0.9132,3313,3043
732,fine,955,0.00064,0.5069,0.8521,8469,2454
1851,fine,954,0.00064,0.7167,0.922,10360,6638
1724,fine,950,0.00064,0.7716,0.9254,12842,6329
401,fine,950,0.00064,0.9476,0.9108,7461,1261
1439,fine,948,0.00064,0.6816,0.9293,6928,4950
816,fine,948,0.00064,0.8599,0.9322,5488,2824
2274,fine,948,0.00064,0.6208,0.9213,4691,8250
2108,fine,943,0.00064,0.8104,0.9093,13096,7638
677,fine,942,0.00064,0.8232,0.9385,4184,2192
1633,fine,940,0.00063,0.9762,0.9246,6826,5959
841,fine,938,0.00063,0.9164,0.9249,2147,2898
2511,fine,938,0.00063,0.9575,0.9177,5987,8846
1463,fine,937,0.00063,0.9237,0.8744,12564,5042
201,fine,936,0.00063,0.9141,0.9274,6109,598
1869,fine,935,0.00063,0.6636,0.906,9342,6683
2529,fine,934,0.00063,0.6044,0.8667,4795,8930
2811,fine,933,0.00063,0.5978,0.9354,5141,9919
2250,fine,932,0.00063,0.859,0.9221,11747,8162
1980,fine,931,0.00063,0.6582,0.9285,3606,7196
2495,fine,929,0.00063,0.8373,0.894,7090,8797
936,fine,927,0.00063,0.8153,0.9346,652,3152
1954,normal,926,0.00063,0.59,0.9087,5636,7110
2604,fine,925,0.00062,0.975,0.9431,12206,9130
498,fine,921,0.00062,0.8793,0.8692,9072,1539
569,fine,920,0.00062,0.8009,0.8989,9100,1761
2669,fine,918,0.00062,0.7588,0.8917,705,9301
2227,fine,917,0.00062,0.7957,0.9001,1540,8096
2924,fine,914,0.00062,0.747,0.9107,1621,10567
1358,fine,914,0.00062,0.6613,0.887,3395,4560
1287,fine,912,0.00062,0.6313,0.8798,3391,4279
2310,fine,909,0.00061,0.6816,0.9074,8958,8346
1329,fine,907,0.00061,0.7455,0.9301,10930,4436
545,fine,906,0.00061,0.6965,0.9072,11983,1655
2777,fine,904,0.00061,0.9043,0.9281,5607,9719
2914,fine,902,0.00061,0.7613,0.9069,10886,10524
1739,fine,901,0.00061,0.9866,0.9297,6556,6367
493,fine,900,0.00061,0.7843,0.9341,5443,1516
1630,fine,900,0.00061,0.7059,0.9333,10323,5939
1910,fine,898,0.00061,0.7699,0.9185,12808,6870
1189,fine,897,0.00061,0.9097,0.8961,4186,3950
59,fine,891,0.0006,0.8107,0.9128,3466,144
1198,fine,890,0.0006,0.6969,0.9197,10895,3970
1009,fine,888,0.0006,0.921,0.9571,2859,3406
2722,fine,888,0.0006,0.9782,0.9177,5601,9467
903,fine,888,0.0006,0.9872,0.9433,2800,3050
2848,fine,887,0.0006,0.7837,0.9614,8208,10115
1434,fine,887,0.0006,0.9436,0.9123,13543,4915
1953,fine,886,0.0006,0.7726,0.9218,5019,7087
2530,fine,886,0.0006,0.867,0.9264,13145,8925
242,fine,885,0.0006,0.6553,0.8783,13640,739
2576,fine,883,0.0006,0.9749,0.8829,12042,9086
2002,fine,881,0.0006,0.7878,0.9242,13111,7282
39,fine,880,0.00059,0.744,0.9249,5461,90
845,fine,880,0.00059,0.8857,0.9105,2076,2903
266,fine,879,0.00059,0.7412,0.9237,5413,827
1433,fine,879,0.00059,0.7281,0.9183,8529,4917
1172,fine,879,0.00059,0.7882,0.9166,3984,3880
1467,fine,875,0.00059,0.695,0.8962,7008,5050
538,fine,873,0.00059,0.9383,0.8661,2844,1627
1860,fine,871,0.00059,0.9481,0.9318,5116,6676
2671,fine,868,0.00059,0.8882,0.9296,11116,9303
133,fine,866,0.00058,0.8142,0.9299,5176,364
1388,fine,865,0.00058,0.718,0.9241,5695,4739
350,fine,864,0.00058,0.8844,0.9169,5478,1107
2121,fine,864,0.00058,0.5356,0.9087,3199,7675
2388,fine,863,0.00058,0.9099,0.9421,6981,8589
142,fine,861,0.00058,0.7691,0.9197,5324,406
1865,fine,861,0.00058,0.7762,0.9094,12402,6676
946,fine,859,0.00058,0.9274,0.9587,5194,3189
1550,fine,856,0.00058,0.7919,0.9159,3363,5479
2791,fine,852,0.00058,0.5903,0.9063,858,9785
1502,fine,851,0.00057,0.639,0.898,5242,5241
1306,fine,850,0.00057,0.8046,0.9223,12881,4374
2535,fine,849,0.00057,0.9074,0.9507,6063,8927
1967,fine,849,0.00057,0.6312,0.8864,7023,7131
1969,fine,849,0.00057,0.7044,0.904,205,7128
43,fine,849,0.00057,0.7701,0.9353,1617,108
494,fine,848,0.00057,0.7094,0.9304,5598,1518
1282,fine,848,0.00057,0.765,0.9037,12095,4247
98,fine,846,0.00057,0.6913,0.9049,10480,244
1574,fine,846,0.00057,0.8458,0.9324,13019,5597
2217,fine,843,0.00057,0.7807,0.914,2306,8036
1040,fine,839,0.00057,0.6078,0.8955,10289,3521
1810,fine,837,0.00057,0.832,0.9098,3578,6530
2714,fine,837,0.00057,0.638,0.908,4891,9448
2282,fine,837,0.00057,0.8842,0.8816,1615,8264
701,fine,835,0.00056,0.9795,0.9488,2374,2314
364,fine,834,0.00056,0.7245,0.9163,606,1146
1147,fine,834,0.00056,0.721,0.9223,7959,3806
387,fine,833,0.00056,0.8329,0.9333,7071,1206
691,fine,832,0.00056,0.8023,0.8856,3961,2276
539,fine,831,0.00056,0.9227,0.8297,2886,1634
570,fine,829,0.00056,0.9337,0.9235,8863,1761
1778,fine,828,0.00056,0.9362,0.9326,6937,6449
2798,fine,828,0.00056,0.5994,0.8971,484,9846
1893,fine,824,0.00056,0.9384,0.9256,5202,6787
1457,fine,822,0.00056,0.5829,0.8995,3458,5020
2665,fine,821,0.00055,0.8163,0.9198,13015,9276
114,fine,819,0.00055,0.8074,0.8908,4876,290
624,fine,817,0.00055,0.7848,0.8574,3090,1952
2785,fine,814,0.00055,0.6796,0.8623,12547,9759
241,fine,812,0.00055,0.8242,0.9167,6291,736
1025,fine,806,0.00054,0.7786,0.9094,9752,3483
2437,fine,805,0.00054,0.8279,0.922,6551,8700
2213,fine,804,0.00054,0.8668,0.9057,11914,8010
2406,fine,804,0.00054,0.8747,0.913,1961,8620
458,fine,802,0.00054,0.8989,0.9319,8134,1412
77,fine,802,0.00054,0.7054,0.9035,5523,190
1080,fine,801,0.00054,0.9718,0.9276,4562,3620
915,fine,798,0.00054,0.7908,0.934,3629,3084
1245,fine,797,0.00054,0.8443,0.887,7961,4135
1477,fine,797,0.00054,0.7787,0.9529,3123,5097
447,fine,795,0.00054,0.8117,0.9298,5558,1377
1033,fine,795,0.00054,0.5808,0.9142,12539,3496
1896,fine,794,0.00054,0.7564,0.9582,7061,6795
684,fine,793,0.00054,0.6352,0.9049,9043,2217
1909,fine,791,0.00053,0.6557,0.9235,13224,6862
1215,fine,790,0.00053,0.7392,0.8882,5873,4027
1589,fine,789,0.00053,0.9192,0.938,11358,5675
1902,fine,789,0.00053,0.9357,0.9493,5245,6822
2255,normal,788,0.00053,0.5284,0.9076,9812,8175
1077,fine,787,0.00053,0.9716,0.9073,4598,3613
173,fine,787,0.00053,0.7479,0.8937,2436,491
1768,fine,786,0.00053,0.705,0.9099,12612,6426
378,fine,784,0.00053,0.88,0.9191,7982,1186
884,fine,784,0.00053,0.7979,0.9413,628,3004
576,fine,784,0.00053,0.791,0.9228,8382,1775
1588,fine,783,0.00053,0.9194,0.9261,3866,5676
250,fine,781,0.00053,0.7995,0.9203,2205,767
461,fine,780,0.00053,0.9828,0.8876,8799,1437
1714,fine,779,0.00053,0.8094,0.9061,10944,6310
678,fine,777,0.00052,0.6542,0.9574,8206,2197
1453,fine,777,0.00052,0.7532,0.8955,4217,5014
605,fine,777,0.00052,0.7769,0.9553,256,1883
631,fine,776,0.00052,0.8,0.9627,2995,1987
1150,fine,776,0.00052,0.6625,0.933,10502,3813
1045,fine,775,0.00052,0.9726,0.9468,4461,3538
1164,fine,771,0.00052,0.937,0.9132,6636,3854
1050,fine,770,0.00052,0.9654,0.9504,4976,3538
2408,fine,768,0.00052,0.8191,0.9154,1380,8624
182,fine,764,0.00052,0.7822,0.923,5114,525
2833,fine,764,0.00052,0.586,0.9497,211,10051
2052,fine,763,0.00052,0.732,0.8979,12733,7494
194,fine,762,0.00051,0.9192,0.9106,6332,574
2012,normal,761,0.00051,0.5171,0.9164,3565,7320
922,fine,760,0.00051,0.7525,0.9103,5848,3100
1755,fine,759,0.00051,0.6739,0.8053,12099,6419
2369,fine,758,0.00051,0.7804,0.882,8465,8532
400,fine,757,0.00051,0.8122,0.9205,4988,1245
2792,fine,757,0.00051,0.5537,0.8781,4017,9790
2148,fine,754,0.00051,0.6808,0.9442,4730,7758
2815,fine,754,0.00051,0.8492,0.8987,8343,9954
2004,fine,754,0.00051,0.8505,0.8916,4803,7300
2093,fine,753,0.00051,0.6018,0.9035,9726,7594
2739,fine,753,0.00051,0.9343,0.9631,5808,9522
518,fine,752,0.00051,0.7757,0.9222,5239,1569
1106,fine,751,0.00051,0.8722,0.8815,1805,3698
1661,fine,751,0.00051,0.7864,0.8811,12809,6089
818,fine,750,0.00051,0.5905,0.9164,12833,2825
2635,fine,750,0.00051,0.6971,0.9072,1831,9190
513,fine,748,0.00051,0.8699,0.9133,3510,1557
11,fine,744,0.0005,0.5886,0.9014,9264,7
2435,fine,742,0.0005,0.925,0.9313,6432,8688
243,fine,741,0.0005,0.7997,0.915,2487,744
1801,fine,739,0.0005,0.9502,0.9277,6855,6517
2585,fine,737,0.0005,0.8481,0.9256,11195,9089
264,fine,734,0.0005,0.8161,0.9245,2286,818
1872,fine,732,0.00049,0.8016,0.8853,7030,6698
885,fine,732,0.00049,0.7829,0.9189,3339,2994
1269,fine,729,0.00049,0.812,0.9593,6743,4195
2904,fine,728,0.00049,0.7629,0.8944,10860,10459
41,fine,727,0.00049,0.6332,0.8642,1110,115
489,fine,727,0.00049,0.7896,0.9214,4760,1509
616,fine,727,0.00049,0.8619,0.9219,4097,1922
1650,fine,726,0.00049,0.7728,0.8751,12848,6015
2808,fine,721,0.00049,0.6236,0.9428,380,9913
1226,fine,719,0.00049,0.8068,0.9087,6372,4087
2648,fine,719,0.00049,0.8647,0.9064,13297,9227
1693,fine,718,0.00048,0.737,0.9094,9283,6236
1019,fine,718,0.00048,0.5947,0.9003,12556,3458
2325,fine,716,0.00048,0.7605,0.8873,4474,8406
837,fine,716,0.00048,0.764,0.9019,3668,2879
620,fine,716,0.00048,0.9382,0.912,2665,1920
932,fine,715,0.00048,0.9665,0.93,7376,3127
1558,fine,714,0.00048,0.7695,0.9042,12517,5538
1177,fine,714,0.00048,0.9125,0.9356,6541,3893
1086,fine,713,0.00048,0.928,0.9012,5337,3630
29,fine,709,0.00048,0.7211,0.9133,5507,63
2682,fine,708,0.00048,0.8839,0.9291,12191,9353
2507,fine,708,0.00048,0.9669,0.945,5941,8830
153,fine,708,0.00048,0.8289,0.8782,7381,411
1384,normal,708,0.00048,0.54,0.8961,397,4719
2543,fine,707,0.00048,0.5888,0.8682,4516,8954
694,fine,705,0.00048,0.7725,0.8899,6491,2295
2472,fine,705,0.00048,0.651,0.8824,5325,8749
2193,fine,702,0.00047,0.6357,0.9164,2530,7892
1836,fine,702,0.00047,0.9345,0.9257,5125,6602
1656,fine,701,0.00047,0.96,0.9125,6400,6069
1300,fine,701,0.00047,0.6951,0.8789,13592,4360
944,fine,699,0.00047,0.8718,0.901,1185,3180
2728,fine,697,0.00047,0.9157,0.9055,10939,9490
775,fine,696,0.00047,0.7132,0.9068,6466,2662
2684,fine,695,0.00047,0.7394,0.8413,701,9356
2673,fine,693,0.00047,0.8418,0.9115,5314,9313
934,fine,693,0.00047,0.7796,0.9473,1368,3139
2407,fine,693,0.00047,0.7361,0.8905,976,8620
1976,fine,692,0.00047,0.5885,0.9596,7473,7182
1131,fine,691,0.00047,0.732,0.9113,7912,3760
2523,fine,690,0.00047,0.967,0.9328,5774,8887
32,fine,689,0.00047,0.8371,0.8888,5292,70
711,fine,689,0.00047,0.7461,0.9019,11267,2341
2427,fine,689,0.00047,0.9365,0.9129,1679,8665
84,fine,688,0.00046,0.7598,0.9201,2489,217
1822,fine,687,0.00046,0.7648,0.9385,7551,6572
55,fine,687,0.00046,0.732,0.9223,5480,127
1983,fine,684,0.00046,0.651,0.9018,3672,7208
2099,fine,683,0.00046,0.692,0.9285,4874,7621
2570,fine,683,0.00046,0.8297,0.9377,6489,9046
1992,fine,683,0.00046,0.5894,0.9035,3514,7232
288,fine,683,0.00046,0.7259,0.9258,5212,877
1690,fine,682,0.00046,0.9823,0.9185,6525,6200
1237,fine,681,0.00046,0.8424,0.8741,13543,4108
1243,fine,680,0.00046,0.8097,0.9001,4915,4127
2812,fine,679,0.00046,0.6338,0.882,11880,9921
119,fine,679,0.00046,0.8174,0.883,4751,311
1943,fine,678,0.00046,0.7462,0.8947,12434,7035
1777,fine,675,0.00046,0.6953,0.9023,13210,6442
2527,fine,675,0.00046,0.7492,0.9133,13278,8909
473,fine,675,0.00046,0.7424,0.9132,12793,1465
524,fine,673,0.00045,0.9493,0.8941,2730,1602
2272,fine,673,0.00045,0.7566,0.9636,4511,8233
373,fine,672,0.00045,0.6557,0.9184,1449,1178
443,fine,671,0.00045,0.7368,0.9105,11065,1365
1417,fine,671,0.00045,0.7044,0.9043,7162,4866
565,fine,671,0.00045,0.6988,0.9129,10523,1733
503,fine,671,0.00045,0.9519,0.9494,7457,1545
2458,fine,670,0.00045,0.7097,0.8694,801,8724
1271,fine,669,0.00045,0.7871,0.9053,2360,4200
2608,fine,668,0.00045,0.8438,0.8963,9734,9132
482,fine,668,0.00045,0.7403,0.9039,6181,1494
1708,fine,665,0.00045,0.7511,0.9012,12383,6280
2039,fine,664,0.00045,0.6864,0.9191,8860,7422
2061,fine,664,0.00045,0.6757,0.9187,2751,7517
1700,fine,663,0.00045,0.6681,0.8838,39,6246
1824,fine,661,0.00045,0.8046,0.9253,3794,6567
247,fine,659,0.00045,0.7932,0.9132,4940,755
440,fine,658,0.00044,0.8295,0.9285,5234,1359
905,fine,657,0.00044,0.8883,0.905,1284,3046
2638,fine,657,0.00044,0.8551,0.9414,13342,9198
83,fine,656,0.00044,0.6547,0.89,5731,209
2064,fine,656,0.00044,0.7909,0.9041,13443,7531
628,fine,656,0.00044,0.7459,0.8702,8242,1944
2602,fine,655,0.00044,0.8278,0.8753,12979,9126
2704,fine,654,0.00044,0.8634,0.912,11116,9425
2689,fine,653,0.00044,0.7413,0.89,1153,9382
124,fine,651,0.00044,0.9488,0.9314,6101,351
2522,fine,651,0.00044,0.5893,0.8795,4759,8883
871,fine,649,0.00044,0.8904,0.9112,5442,2950
123,fine,646,0.00044,0.7811,0.8731,8178,335
1060,fine,645,0.00044,0.9733,0.9408,4482,3559
89,fine,644,0.00043,0.8886,0.9393,6296,222
2568,fine,643,0.00043,0.7576,0.9036,8569,9035
1948,fine,641,0.00043,0.6768,0.9064,9433,7066
1228,fine,641,0.00043,0.7064,0.8928,5645,4092
2265,fine,641,0.00043,0.972,0.9256,1948,8209
384,fine,641,0.00043,0.7876,0.9014,10898,1196
2860,fine,639,0.00043,0.7931,0.8961,13155,10173
1042,fine,639,0.00043,0.9836,0.9151,4721,3529
2717,fine,637,0.00043,0.8111,0.9057,13456,9459
2125,fine,636,0.00043,0.8263,0.952,4682,7684
2770,fine,634,0.00043,0.871,0.8838,10855,9662
930,fine,633,0.00043,0.7542,0.8852,5928,3121
1339,fine,631,0.00043,0.7867,0.8936,4284,4469
1460,fine,631,0.00043,0.5953,0.892,4859,5027
1292,fine,629,0.00042,0.6041,0.8617,1380,4298
2636,fine,629,0.00042,0.5737,0.9336,3179,9195
1309,fine,626,0.00042,0.7106,0.902,7130,4388
650,fine,626,0.00042,0.669,0.9224,9984,2072
2226,fine,625,0.00042,0.7385,0.9145,2400,8083
230,fine,623,0.00042,0.708,0.9019,5469,689
244,fine,623,0.00042,0.6597,0.9071,13124,742
2190,fine,622,0.00042,0.617,0.9084,2786,7880
534,fine,622,0.00042,0.7401,0.9147,933,1610
1743,fine,622,0.00042,0.9898,0.9089,6608,6371
2852,fine,622,0.00042,0.794,0.8626,13370,10121
255,fine,622,0.00042,0.8342,0.9209,4612,784
2333,fine,621,0.00042,0.8065,0.9125,11674,8421
414,fine,620,0.00042,0.8539,0.8943,4859,1302
2149,fine,619,0.00042,0.8976,0.9071,12242,7763
644,fine,618,0.00042,0.8931,0.914,2625,2044
2479,fine,617,0.00042,0.8693,0.9382,6983,8756
2775,fine,616,0.00042,0.7347,0.94,8362,9716
2328,fine,616,0.00042,0.8682,0.8895,2333,8409
2533,fine,615,0.00042,0.7309,0.9288,13312,8927
56,fine,614,0.00041,0.772,0.9188,1995,136
1522,fine,614,0.00041,0.9435,0.9186,13107,5350
1812,fine,613,0.00041,0.7387,0.8722,3115,6535
1612,fine,613,0.00041,0.6843,0.9188,11633,5856
207,fine,611,0.00041,0.7195,0.9129,1984,612
2711,fine,611,0.00041,0.824,0.8768,13207,9439
1568,fine,611,0.00041,0.9316,0.934,13628,5579
2486,fine,610,0.00041,0.7917,0.9248,585,8780
517,fine,609,0.00041,0.9466,0.9401,7662,1561
392,fine,609,0.00041,0.8498,0.8974,4856,1231
232,fine,609,0.00041,0.8182,0.9243,6895,689
2804,fine,608,0.00041,0.6899,0.7897,7321,9873
2277,fine,608,0.00041,0.7364,0.9213,234,8244
1212,fine,608,0.00041,0.7146,0.8966,5790,4021
1208,fine,607,0.00041,0.8874,0.9211,6682,4011
2013,fine,604,0.00041,0.9607,0.9533,9848,7315
1102,fine,604,0.00041,0.8239,0.8496,3813,3667
2477,fine,603,0.00041,0.7271,0.9169,10454,8754
1276,fine,600,0.00041,0.7373,0.8992,6252,4225
2284,fine,600,0.00041,0.9608,0.8932,1960,8282
2443,fine,600,0.00041,0.7454,0.9333,7296,8694
2967,fine,599,0.0004,0.9184,0.8681,9489,10775
1260,fine,598,0.0004,0.6983,0.9079,11558,4175
607,fine,597,0.0004,0.7488,0.895,7231,1894
948,fine,596,0.0004,0.729,0.9084,8031,3185
2410,fine,596,0.0004,0.6554,0.8851,12621,8626
122,fine,596,0.0004,0.752,0.9277,5407,319
1621,fine,596,0.0004,0.9412,0.8509,7080,5901
919,fine,595,0.0004,0.9665,0.935,7454,3092
1291,fine,594,0.0004,0.8024,0.8717,13447,4293
1856,fine,594,0.0004,0.7185,0.8114,955,6652
2869,fine,592,0.0004,0.5241,0.8561,273,10202
410,fine,592,0.0004,0.9629,0.8925,8853,1286
2392,fine,592,0.0004,0.7379,0.9015,941,8603
1548,fine,591,0.0004,0.7124,0.8862,8454,5472
2751,fine,591,0.0004,0.9078,0.9427,5849,9580
2596,fine,591,0.0004,0.9674,0.909,12339,9117
529,fine,591,0.0004,0.8771,0.8675,2428,1611
2537,fine,590,0.0004,0.8067,0.8969,10134,8932
685,fine,590,0.0004,0.6958,0.9116,9330,2212
257,fine,588,0.0004,0.9097,0.9283,4388,805
382,fine,586,0.0004,0.661,0.91,1424,1203
2893,fine,585,0.0004,0.7369,0.9087,8242,10369
2753,fine,584,0.00039,0.8283,0.8569,11169,9579
1135,fine,584,0.00039,0.8576,0.9389,2408,3784
2239,fine,584,0.00039,0.872,0.9372,911,8130
822,fine,583,0.00039,0.6586,0.9187,13073,2840
188,fine,583,0.00039,0.8419,0.8401,7822,551
2094,fine,582,0.00039,0.7783,0.9205,12823,7594
2779,fine,582,0.00039,0.5692,0.8724,4258,9715
231,fine,582,0.00039,0.7776,0.9064,4935,692
729,fine,581,0.00039,0.9718,0.8899,2573,2442
1771,fine,580,0.00039,0.9605,0.8528,6895,6427
337,fine,578,0.00039,0.9085,0.868,8574,1080
1022,fine,577,0.00039,0.9857,0.9445,4736,3471
639,fine,577,0.00039,0.8457,0.9063,3881,2002
1626,fine,575,0.00039,0.9723,0.9162,6808,5917
1049,fine,574,0.00039,0.7621,0.8914,9758,3532
2300,fine,574,0.00039,0.9724,0.8737,5780,8315
289,fine,574,0.00039,0.8045,0.8964,5537,878
1803,fine,573,0.00039,0.7759,0.8884,12392,6506
1766,fine,572,0.00039,0.8163,0.9165,3542,6420
1677,fine,572,0.00039,0.7935,0.9047,12605,6166
2219,fine,571,0.00039,0.8377,0.9232,5984,8058
338,fine,570,0.00038,0.6068,0.889,13416,1075
1823,fine,570,0.00038,0.698,0.8639,13212,6563
1332,fine,568,0.00038,0.8061,0.8577,12498,4441
707,fine,568,0.00038,0.9399,0.9109,2595,2342
2322,fine,568,0.00038,0.9784,0.916,5755,8392
1720,fine,566,0.00038,0.6874,0.8215,12133,6340
1905,fine,566,0.00038,0.6751,0.897,13628,6826
1091,fine,565,0.00038,0.887,0.8846,2193,3630
2368,fine,563,0.00038,0.7831,0.8529,247,8544
585,fine,562,0.00038,0.9324,0.9325,8683,1796
1143,fine,561,0.00038,0.7289,0.9457,10873,3791
96,fine,561,0.00038,0.6892,0.9193,5545,251
735,fine,561,0.00038,0.7797,0.9175,11038,2459
579,fine,560,0.00038,0.821,0.9113,9064,1775
1231,fine,560,0.00038,0.8147,0.9138,7895,4103
2349,fine,559,0.00038,0.9692,0.8803,1831,8475
528,fine,558,0.00038,0.6361,0.9094,6615,1602
415,fine,558,0.00038,0.9032,0.906,8472,1311
2335,fine,557,0.00038,0.7322,0.9129,8777,8429
1145,fine,557,0.00038,0.8717,0.9361,1719,3810
1956,normal,555,0.00037,0.5789,0.9214,5649,7094
293,fine,555,0.00037,0.7863,0.8566,5669,910
553,fine,555,0.00037,0.9712,0.9215,8836,1700
1063,fine,554,0.00037,0.9423,0.8872,6976,3554
2430,fine,553,0.00037,0.7132,0.8945,769,8672
1676,fine,552,0.00037,0.8104,0.8745,12804,6162
1815,fine,551,0.00037,0.7797,0.8557,13042,6549
1378,fine,550,0.00037,0.7851,0.9116,7802,4694
2761,fine,550,0.00037,0.7506,0.8896,9986,9612
2097,fine,550,0.00037,0.8131,0.9049,13265,7613
2030,fine,550,0.00037,0.8796,0.8295,10151,7387
1876,fine,548,0.00037,0.7859,0.9178,12360,6709
1623,fine,548,0.00037,0.6608,0.9018,10812,5907
1199,fine,547,0.00037,0.9147,0.9381,6688,3975
1694,fine,547,0.00037,0.8657,0.9283,11072,6229
426,fine,547,0.00037,0.8542,0.8924,3400,1332
2090,normal,547,0.00037,0.5443,0.9044,9314,7593
2415,fine,546,0.00037,0.6498,0.9223,9505,8636
2248,fine,546,0.00037,0.715,0.9154,3338,8154
2842,fine,545,0.00037,0.8184,0.9072,2705,10093
215,fine,545,0.00037,0.6962,0.9297,5410,646
755,fine,545,0.00037,0.6556,0.8922,10154,2550
523,fine,545,0.00037,0.9396,0.9066,7648,1592
872,fine,543,0.00037,0.8219,0.887,4463,2959
2841,fine,543,0.00037,0.8274,0.8804,9364,10076
2513,fine,542,0.00037,0.8567,0.8481,44,8840
2409,fine,542,0.00037,0.6738,0.8862,9917,8623
591,fine,540,0.00036,0.6971,0.9291,11978,1811
613,fine,540,0.00036,0.8059,0.9103,8150,1901
459,fine,539,0.00036,0.8241,0.9168,4656,1412
2423,fine,539,0.00036,0.6863,0.9028,4044,8656
175,fine,539,0.00036,0.7987,0.9148,7999,498
2964,fine,538,0.00036,0.758,0.9004,12827,10757
1263,fine,538,0.00036,0.7305,0.9267,6193,4184
388,fine,538,0.00036,0.8496,0.8818,2094,1223
665,fine,538,0.00036,0.8773,0.837,2603,2150
1452,fine,538,0.00036,0.8218,0.9012,11260,4999
200,fine,537,0.00036,0.8948,0.9459,5941,584
48,fine,536,0.00036,0.7781,0.9168,12255,110
799,fine,532,0.00036,0.7623,0.9061,8218,2739
1919,fine,530,0.00036,0.8948,0.9093,5062,6920
2889,fine,528,0.00036,0.7437,0.8825,6133,10347
551,fine,528,0.00036,0.8695,0.8401,3792,1688
649,fine,528,0.00036,0.8414,0.8668,2800,2068
2029,normal,528,0.00036,0.6819,0.9004,3160,7383
594,fine,528,0.00036,0.9646,0.9185,2820,1823
2065,fine,528,0.00036,0.8314,0.9451,10159,7520
1662,fine,526,0.00036,0.7821,0.7832,12782,6089
2766,fine,526,0.00036,0.7463,0.8887,9906,9633
611,fine,525,0.00035,0.7284,0.8395,9980,1888
23,fine,525,0.00035,0.7859,0.89,3079,46
1055,fine,525,0.00035,0.7809,0.837,5801,3541
1534,fine,525,0.00035,0.8474,0.872,6755,5428
2558,fine,525,0.00035,0.7858,0.8863,10187,8988
2606,fine,524,0.00035,0.6287,0.8923,4166,9127
1000,fine,522,0.00035,0.7864,0.9498,6632,3375
2210,fine,522,0.00035,0.7993,0.9242,2266,7997
2494,fine,520,0.00035,0.9613,0.9027,5982,8792
1278,fine,519,0.00035,0.6477,0.9098,10442,4228
1280,fine,519,0.00035,0.7579,0.9221,2033,4231
2851,fine,519,0.00035,0.6498,0.896,5476,10129
203,fine,518,0.00035,0.9076,0.9343,6301,598
512,fine,518,0.00035,0.6782,0.8937,6656,1549
1641,fine,517,0.00035,0.9776,0.9381,6892,5997
2209,fine,516,0.00035,0.869,0.942,2171,7982
2601,fine,515,0.00035,0.8324,0.9369,6418,9117
2000,fine,515,0.00035,0.5858,0.9107,7576,7278
1916,fine,515,0.00035,0.7081,0.8974,13693,6876
408,fine,514,0.00035,0.876,0.8781,5494,1271
1985,fine,513,0.00035,0.8056,0.8859,8618,7203
1187,fine,513,0.00035,0.7633,0.8694,5796,3934
1364,fine,512,0.00035,0.8122,0.9186,4443,4592
2917,fine,512,0.00035,0.7719,0.8564,11256,10531
385,fine,511,0.00035,0.7297,0.8989,6364,1199
869,fine,511,0.00035,0.763,0.8566,3240,2944
777,fine,511,0.00035,0.7137,0.8919,6425,2661
581,fine,508,0.00034,0.8195,0.8918,4115,1789
2619,fine,507,0.00034,0.9279,0.9039,11957,9159
478,fine,507,0.00034,0.9601,0.8867,7696,1488
2687,fine,507,0.00034,0.9749,0.9226,5722,9375
1201,fine,506,0.00034,0.7707,0.9114,4010,3978
1308,fine,506,0.00034,0.6887,0.8904,10360,4382
68,fine,505,0.00034,0.6954,0.8358,5597,154
1294,fine,504,0.00034,0.8446,0.8955,5443,4321
1499,fine,504,0.00034,0.9763,0.8753,13585,5214
2593,fine,504,0.00034,0.899,0.9117,13111,9096
438,fine,504,0.00034,0.8912,0.8954,8270,1359
823,fine,503,0.00034,0.8353,0.8945,194,2849
1557,fine,502,0.00034,0.898,0.9425,11307,5536
2873,fine,502,0.00034,0.8454,0.9132,8332,10221
1118,fine,502,0.00034,0.9043,0.8771,5575,3719
2828,fine,501,0.00034,0.8096,0.8719,6525,10021
499,fine,500,0.00034,0.7337,0.8936,6785,1529
1831,fine,498,0.00034,0.9435,0.8919,6797,6574
90,fine,494,0.00033,0.6998,0.8912,10170,216
2398,fine,493,0.00033,0.7222,0.8559,779,8607
2938,fine,493,0.00033,0.7729,0.896,13099,10667
1695,fine,493,0.00033,0.9265,0.9269,11282,6245
1555,fine,492,0.00033,0.8048,0.9155,4218,5527
2318,fine,491,0.00033,0.9384,0.9007,1975,8383
1409,fine,491,0.00033,0.6598,0.9097,2159,4823
54,fine,491,0.00033,0.7581,0.9353,10147,125
2453,fine,490,0.00033,0.7361,0.8527,708,8719
101,fine,490,0.00033,0.7947,0.8917,4826,241
763,fine,490,0.00033,0.9876,0.9061,2392,2607
324,fine,489,0.00033,0.8807,0.8986,4685,1050
1011,fine,488,0.00033,0.6194,0.8068,12658,3403
463,fine,488,0.00033,0.7986,0.8775,1965,1424
2943,normal,488,0.00033,0.5266,0.9218,239,10676
1413,fine,487,0.00033,0.7535,0.9558,4355,4850
136,fine,486,0.00033,0.8632,0.896,8860,366
652,normal,486,0.00033,0.5679,0.8863,7811,2082
2630,fine,485,0.00033,0.7993,0.6922,12831,9175
2632,fine,484,0.00033,0.9174,0.9245,12446,9181
1528,fine,484,0.00033,0.6478,0.9005,8696,5412
2581,fine,484,0.00033,0.8885,0.7774,292,9072
2736,fine,484,0.00033,0.6814,0.8796,1407,9509
286,fine,483,0.00033,0.6157,0.8843,12460,869
682,fine,483,0.00033,0.7654,0.8854,6698,2204
353,fine,483,0.00033,0.8493,0.913,5405,1114
772,fine,482,0.00033,0.9845,0.9228,2464,2653
26,fine,482,0.00033,0.613,0.9087,13698,41
1398,fine,482,0.00033,0.8183,0.8433,11393,4791
2582,fine,481,0.00032,0.6203,0.8805,2205,9070
108,fine,481,0.00032,0.8046,0.8471,4946,273
1854,fine,481,0.00032,0.8301,0.859,12288,6648
405,fine,481,0.00032,0.9038,0.918,7963,1254
2750,fine,480,0.00032,0.9255,0.9416,5835,9560
1515,fine,479,0.00032,0.8868,0.8999,1215,5324
1788,fine,478,0.00032,0.7758,0.89,10771,6469
80,fine,477,0.00032,0.7661,0.8517,10232,195
1255,fine,477,0.00032,0.8031,0.8902,12464,4150
752,fine,476,0.00032,0.7012,0.8924,7180,2526
2612,fine,476,0.00032,0.9641,0.8994,12049,9138
597,fine,476,0.00032,0.7876,0.8833,8213,1838
2957,fine,476,0.00032,0.8,0.8848,11273,10719
2519,fine,475,0.00032,0.7179,0.9082,2464,8864
1753,fine,475,0.00032,0.7604,0.791,903,6379
1672,fine,474,0.00032,0.6483,0.8845,10323,6134
2923,fine,474,0.00032,0.7668,0.8914,12555,10559
809,fine,473,0.00032,0.6242,0.9061,11755,2776
2643,fine,472,0.00032,0.929,0.7805,12344,9208
2198,fine,472,0.00032,0.792,0.9301,936,7900
2563,fine,471,0.00032,0.8577,0.9214,6465,9015
999,fine,471,0.00032,0.654,0.8669,10018,3371
1119,fine,470,0.00032,0.9499,0.8871,4851,3739
2119,fine,470,0.00032,0.8202,0.88,11467,7662
883,fine,469,0.00032,0.8768,0.8726,6167,2990
646,fine,468,0.00032,0.6988,0.8782,3551,2045
1169,fine,467,0.00032,0.5318,0.8032,8666,3878
1437,fine,466,0.00031,0.7511,0.9016,4228,4939
2554,fine,466,0.00031,0.802,0.8961,12817,8977
2145,fine,466,0.00031,0.8189,0.9036,11627,7746
1108,fine,463,0.00031,0.9423,0.9037,5052,3683
240,fine,463,0.00031,0.6595,0.8959,13093,719
1529,fine,463,0.00031,0.9597,0.9192,13262,5421
210,fine,461,0.00031,0.6954,0.901,5370,614
986,fine,460,0.00031,0.9398,0.8818,2913,3318
1542,fine,459,0.00031,0.8633,0.9489,4146,5453
1487,fine,457,0.00031,0.959,0.8154,12478,5157
117,fine,457,0.00031,0.8145,0.8687,7256,308
416,fine,457,0.00031,0.8388,0.9085,4514,1302
582,fine,456,0.00031,0.8795,0.9455,8038,1786
1570,fine,454,0.00031,0.9594,0.8973,3765,5583
2326,fine,454,0.00031,0.7413,0.9354,3116,8404
2192,fine,453,0.00031,0.6753,0.8717,8977,7884
435,fine,453,0.00031,0.9571,0.9359,7597,1340
316,fine,453,0.00031,0.796,0.7962,10783,1026
2910,fine,451,0.0003,0.792,0.8147,10800,10497
1504,fine,451,0.0003,0.7538,0.9265,2708,5240
1130,fine,451,0.0003,0.9007,0.9257,5508,3752
497,fine,451,0.0003,0.9538,0.9273,7678,1524
2057,fine,449,0.0003,0.5219,0.9322,469,7497
966,fine,448,0.0003,0.937,0.9418,3022,3233
1922,fine,448,0.0003,0.8563,0.8878,9552,6927
2348,fine,447,0.0003,0.8667,0.8175,11208,8455
2594,fine,447,0.0003,0.9525,0.9343,12463,9107
557,fine,447,0.0003,0.9096,0.8936,7378,1707
621,fine,447,0.0003,0.835,0.7576,3063,1917
792,fine,446,0.0003,0.7265,0.9503,8249,2721
284,fine,446,0.0003,0.5892,0.9228,9460,862
356,fine,446,0.0003,0.6951,0.9008,11180,1115
1419,fine,444,0.0003,0.6809,0.8578,3523,4875
1645,fine,444,0.0003,0.779,0.8754,5750,6005
1839,fine,444,0.0003,0.9367,0.9108,5086,6603
1134,fine,444,0.0003,0.6617,0.8515,9463,3781
2709,fine,443,0.0003,0.7381,0.9222,12431,9435
893,fine,443,0.0003,0.5856,0.8879,12852,3006
320,fine,442,0.0003,0.8568,0.8835,7188,1025
1840,fine,442,0.0003,0.7803,0.8939,7625,6609
2206,fine,441,0.0003,0.5778,0.8846,4705,7951
1107,fine,438,0.0003,0.8021,0.8958,2487,3685
916,fine,438,0.0003,0.9672,0.8618,7355,3078
2625,fine,438,0.0003,0.948,0.8932,12339,9165
2413,fine,438,0.0003,0.8642,0.9154,7157,8630
1707,fine,437,0.0003,0.8937,0.8926,7163,6273
1539,fine,437,0.0003,0.7915,0.8829,8098,5442
1268,fine,437,0.0003,0.7662,0.89,7669,4189
1791,fine,436,0.00029,0.7797,0.9003,501,6490
1955,fine,436,0.00029,0.6338,0.8897,3220,7079
298,fine,436,0.00029,0.7586,0.9068,5887,930
2171,fine,436,0.00029,0.6873,0.9064,5638,7804
802,fine,435,0.00029,0.9835,0.8912,2517,2748
2120,fine,435,0.00029,0.779,0.8996,12756,7658
2598,fine,435,0.00029,0.7879,0.8727,1147,9112
1205,fine,435,0.00029,0.801,0.9155,3452,3987
1368,fine,434,0.00029,0.8608,0.8869,7291,4607
1912,fine,433,0.00029,0.8528,0.9405,5386,6869
2289,fine,433,0.00029,0.9455,0.9086,5682,8286
1136,fine,432,0.00029,0.9571,0.8611,4277,3774
1137,fine,432,0.00029,0.8859,0.9145,5485,3775
1307,fine,432,0.00029,0.7678,0.8807,2505,4382
2789,fine,432,0.00029,0.7288,0.8626,12621,9775
626,fine,430,0.00029,0.8662,0.9007,4030,1929
2323,fine,430,0.00029,0.906,0.8768,5661,8392
832,fine,429,0.00029,0.7781,0.8643,4575,2865
951,fine,429,0.00029,0.9663,0.9536,7512,3189
1492,fine,429,0.00029,0.9296,0.8544,12531,5174
991,fine,429,0.00029,0.6948,0.9102,3398,3328
661,fine,429,0.00029,0.7609,0.9464,12760,2122
1683,fine,428,0.00029,0.9633,0.9294,7010,6177
466,fine,427,0.00029,0.8874,0.879,9060,1430
1509,fine,427,0.00029,0.847,0.9373,1304,5288
425,fine,426,0.00029,0.9582,0.9225,7579,1327
1564,fine,425,0.00029,0.9418,0.8898,6796,5557
2317,fine,425,0.00029,0.7788,0.8308,543,8366
2963,fine,424,0.00029,0.8036,0.8685,11408,10746
2160,fine,424,0.00029,0.6216,0.9034,2799,7778
2856,fine,423,0.00029,0.7482,0.8872,2700,10154
2890,fine,422,0.00029,0.7991,0.864,9365,10348
2350,fine,422,0.00029,0.7336,0.8746,4524,8465
1360,fine,422,0.00029,0.7476,0.9189,5334,4570
235,fine,422,0.00029,0.7492,0.8641,5849,690
155,fine,421,0.00028,0.634,0.8705,5624,414
1345,fine,421,0.00028,0.8076,0.8843,4596,4497
1311,fine,420,0.00028,0.7452,0.9067,10563,4392
2116,fine,420,0.00028,0.7995,0.9116,13618,7650
359,fine,420,0.00028,0.7483,0.8925,5858,1127
273,fine,420,0.00028,0.7209,0.8686,5344,844
321,fine,420,0.00028,0.8294,0.8908,4836,1028
1569,fine,419,0.00028,0.9508,0.9443,3824,5574
2202,fine,418,0.00028,0.8144,0.9329,919,7926
131,fine,418,0.00028,0.872,0.8848,8635,357
1475,fine,418,0.00028,0.7041,0.8219,4315,5095
1123,fine,418,0.00028,0.9265,0.9225,6941,3735
2613,fine,418,0.00028,0.9146,0.8703,13149,9130
2622,fine,418,0.00028,0.8076,0.8863,12956,9170
431,fine,417,0.00028,0.8103,0.8802,5033,1338
858,fine,417,0.00028,0.8723,0.9183,7765,2922
204,fine,417,0.00028,0.7628,0.8822,3038,602
181,fine,417,0.00028,0.6819,0.9087,478,524
402,fine,415,0.00028,0.8821,0.8466,5483,1242
272,fine,415,0.00028,0.6396,0.8911,12761,841
1235,fine,415,0.00028,0.8519,0.8921,13394,4105
102,fine,414,0.00028,0.7735,0.8723,3342,253
748,fine,414,0.00028,0.9798,0.9147,2569,2517
609,fine,413,0.00028,0.8552,0.8599,4122,1895
642,fine,413,0.00028,0.7119,0.9379,13197,2039
369,fine,412,0.00028,0.8674,0.908,4484,1151
2654,fine,412,0.00028,0.8435,0.8911,9925,9237
2756,fine,411,0.00028,0.9587,0.9399,5479,9595
2220,fine,411,0.00028,0.6428,0.8938,2729,8066
430,fine,410,0.00028,0.6804,0.8322,5969,1338
2933,fine,410,0.00028,0.682,0.9465,1956,10622
1191,fine,410,0.00028,0.9268,0.8716,4336,3943
1680,fine,409,0.00028,0.5812,0.8946,13452,6163
46,fine,409,0.00028,0.719,0.8593,11323,112
2623,fine,409,0.00028,0.8246,0.922,146,9167
522,fine,409,0.00028,0.7382,0.8877,12817,1581
2817,fine,409,0.00028,0.9088,0.9132,2631,9968
1660,fine,408,0.00028,0.7632,0.8128,12729,6066
1346,fine,408,0.00028,0.8361,0.8815,7462,4495
542,fine,408,0.00028,0.9811,0.884,8738,1632
99,fine,407,0.00027,0.7224,0.894,1470,241
62,fine,407,0.00027,0.6843,0.8292,5672,141
2179,fine,407,0.00027,0.8448,0.9,11872,7844
2516,fine,407,0.00027,0.5375,0.8602,4425,8854
1998,fine,406,0.00027,0.7596,0.8757,12523,7244
1254,fine,405,0.00027,0.7246,0.8942,5958,4147
2246,fine,405,0.00027,0.8741,0.9119,11850,8149
1780,fine,405,0.00027,0.8141,0.8797,3565,6448
1140,fine,404,0.00027,0.9588,0.8974,4309,3782
878,normal,403,0.00027,0.5055,0.8695,13220,2977
1734,fine,403,0.00027,0.7915,0.8922,13027,6340
2258,fine,402,0.00027,0.9776,0.9449,1907,8184
1711,fine,402,0.00027,0.9895,0.8213,6636,6277
144,fine,402,0.00027,0.7406,0.8668,2747,386
2429,fine,401,0.00027,0.8527,0.8664,11177,8657
754,fine,399,0.00027,0.9456,0.8919,2622,2541
2380,fine,399,0.00027,0.8545,0.9128,8060,8562
1596,fine,398,0.00027,0.7046,0.844,12550,5753
87,fine,397,0.00027,0.7766,0.9441,3519,215
2133,fine,397,0.00027,0.8236,0.8956,13166,7706
1098,fine,397,0.00027,0.9466,0.8957,5034,3656
2972,fine,397,0.00027,0.7093,0.892,7478,10792
2271,fine,396,0.00027,0.8508,0.8913,11697,8229
2857,fine,395,0.00027,0.6919,0.8803,8601,10160
647,fine,395,0.00027,0.8575,0.849,2771,2055
2208,fine,393,0.00027,0.7784,0.9112,4523,7986
566,fine,391,0.00026,0.9333,0.8586,2535,1737
1727,fine,391,0.00026,0.9816,0.8787,6478,6341
1757,fine,391,0.00026,0.6011,0.8986,13286,6390
1849,fine,390,0.00026,0.7421,0.9365,7887,6636
2476,fine,390,0.00026,0.8381,0.8971,8333,8749
1113,fine,390,0.00026,0.615,0.8997,10464,3703
485,fine,390,0.00026,0.7463,0.9015,1540,1502
2402,fine,390,0.00026,0.9556,0.9202,6025,8611
2949,fine,389,0.00026,0.862,0.8602,10647,10702
2341,fine,389,0.00026,0.6199,0.9003,9086,8438
2229,fine,387,0.00026,0.9614,0.9297,5766,8096
2759,fine,387,0.00026,0.8975,0.8236,10845,9602
2796,fine,387,0.00026,0.6966,0.8105,7297,9829
1817,fine,387,0.00026,0.8149,0.842,11595,6556
1248,fine,386,0.00026,0.8525,0.8916,13408,4127
252,fine,386,0.00026,0.7524,0.8749,8646,767
2861,fine,386,0.00026,0.6349,0.8722,8642,10170
2144,fine,385,0.00026,0.8363,0.8841,13307,7743
1597,fine,384,0.00026,0.9628,0.8378,6803,5749
1359,fine,384,0.00026,0.8304,0.8775,4678,4569
2566,fine,383,0.00026,0.7852,0.8891,8486,9026
1938,fine,382,0.00026,0.7637,0.8524,9481,7004
782,fine,382,0.00026,0.803,0.8786,11134,2698
2356,fine,381,0.00026,0.8171,0.8798,6657,8487
693,fine,381,0.00026,0.8329,0.9077,6337,2284
1834,fine,380,0.00026,0.8457,0.9014,3604,6587
853,fine,380,0.00026,0.9492,0.8987,2472,2913
1074,fine,378,0.00026,0.8259,0.8952,3293,3590
1324,fine,377,0.00025,0.7858,0.864,4291,4417
1227,fine,376,0.00025,0.7814,0.8862,1857,4083
2299,fine,376,0.00025,0.6749,0.8924,13489,8305
1551,fine,376,0.00025,0.9657,0.9216,13501,5490
433,fine,375,0.00025,0.8137,0.8925,4342,1336
1296,fine,375,0.00025,0.7659,0.8847,12611,4331
434,fine,374,0.00025,0.8086,0.8757,7096,1343
1438,fine,374,0.00025,0.6843,0.9182,8962,4941
1655,fine,373,0.00025,0.6799,0.8293,133,6045
2085,fine,373,0.00025,0.8336,0.8791,11695,7588
1391,fine,373,0.00025,0.7424,0.8867,5884,4746
312,fine,372,0.00025,0.9462,0.8678,8354,994
653,fine,372,0.00025,0.7463,0.8834,12371,2078
1446,fine,372,0.00025,0.7007,0.8769,8931,4988
1497,fine,371,0.00025,0.7023,0.8806,8871,5203
975,normal,370,0.00025,0.6371,0.8847,13210,3248
654,fine,370,0.00025,0.7209,0.8636,3577,2084
2853,fine,370,0.00025,0.8104,0.8847,13477,10126
914,fine,370,0.00025,0.9602,0.9124,7549,3083
2547,fine,369,0.00025,0.8031,0.8744,10141,8953
1514,fine,369,0.00025,0.9449,0.9406,13081,5304
2482,fine,368,0.00025,0.674,0.8958,9084,8758
1436,fine,368,0.00025,0.6944,0.8739,4739,4927
865,fine,368,0.00025,0.8835,0.9125,7741,2937
391,fine,368,0.00025,0.6214,0.8874,13704,1227
1363,fine,366,0.00025,0.7677,0.8671,5077,4581
817,fine,366,0.00025,0.8585,0.8678,7042,2816
2707,fine,366,0.00025,0.943,0.9432,5776,9437
2031,fine,365,0.00025,0.7218,0.9394,4914,7388
2414,fine,365,0.00025,0.9295,0.8132,7034,8635
2683,fine,365,0.00025,0.8083,0.8107,13026,9346
1289,fine,364,0.00025,0.7462,0.8983,2011,4279
2549,fine,362,0.00024,0.878,0.8946,6078,8964
2836,fine,361,0.00024,0.7862,0.8787,10652,10055
2937,fine,361,0.00024,0.9056,0.9407,11782,10647
2881,fine,361,0.00024,0.8015,0.9097,13303,10261
2069,fine,360,0.00024,0.6396,0.8155,31,7536
990,fine,359,0.00024,0.6642,0.9096,11171,3323
1149,fine,358,0.00024,0.7362,0.8779,13240,3806
1501,fine,358,0.00024,0.9777,0.9286,13699,5225
993,fine,358,0.00024,0.9001,0.897,5371,3333
1934,fine,357,0.00024,0.6641,0.8322,3967,6994
2592,fine,357,0.00024,0.8455,0.9057,6411,9094
567,fine,357,0.00024,0.8844,0.888,7356,1736
2546,fine,357,0.00024,0.9512,0.8719,12340,8953
1512,fine,357,0.00024,0.9808,0.8996,13514,5294
1355,fine,356,0.00024,0.6969,0.8622,9812,4540
2395,fine,355,0.00024,0.8411,0.9025,11971,8597
1489,fine,355,0.00024,0.7722,0.9134,7750,5167
1479,fine,355,0.00024,0.9264,0.8886,12552,5102
1334,fine,354,0.00024,0.7315,0.8693,13524,4446
2614,fine,354,0.00024,0.8096,0.9084,6449,9135
1293,fine,354,0.00024,0.8696,0.8694,5303,4298
390,fine,353,0.00024,0.8845,0.7777,4592,1222
2931,fine,352,0.00024,0.8491,0.8525,10637,10599
1070,fine,352,0.00024,0.7174,0.8269,958,3591
1833,fine,352,0.00024,0.7323,0.9257,3179,6598
2757,fine,352,0.00024,0.6117,0.8767,7536,9595
2656,fine,352,0.00024,0.7729,0.8396,742,9252
500,fine,352,0.00024,0.7761,0.8665,4807,1525
1023,fine,352,0.00024,0.7524,0.8893,3723,3470
211,fine,352,0.00024,0.6967,0.8846,449,622
618,fine,351,0.00024,0.9127,0.9418,2925,1911
1447,fine,351,0.00024,0.6615,0.9064,5995,4988
325,fine,351,0.00024,0.9174,0.872,8549,1056
1036,fine,351,0.00024,0.9118,0.8758,6784,3501
1445,fine,350,0.00024,0.6939,0.8911,8956,4981
2810,fine,350,0.00024,0.6214,0.8753,1841,9912
1141,fine,350,0.00024,0.9399,0.8836,4829,3777
335,fine,350,0.00024,0.8133,0.8842,5735,1063
968,fine,350,0.00024,0.8532,0.8635,5635,3235
2883,fine,349,0.00024,0.8549,0.9394,10020,10282
2020,fine,348,0.00024,0.755,0.9244,8750,7358
1229,fine,348,0.00024,0.6632,0.8591,5752,4084
2801,fine,347,0.00023,0.635,0.8518,1992,9849
2025,fine,347,0.00023,0.8603,0.8982,11889,7374
719,fine,347,0.00023,0.6988,0.8708,10621,2368
1963,fine,347,0.00023,0.7477,0.8772,4926,7099
1014,fine,347,0.00023,0.7144,0.9087,3371,3425
1372,fine,347,0.00023,0.7252,0.8805,5733,4626
2329,fine,346,0.00023,0.6925,0.7909,10735,8415
750,fine,346,0.00023,0.9164,0.9019,6212,2517
1670,fine,346,0.00023,0.6832,0.8579,5,6139
1482,fine,346,0.00023,0.9699,0.8952,13662,5131
1699,fine,345,0.00023,0.7488,0.929,9243,6243
2747,fine,345,0.00023,0.9537,0.853,5775,9547
815,fine,345,0.00023,0.9094,0.8934,6127,2812
100,fine,345,0.00023,0.7479,0.8903,2449,239
18,fine,345,0.00023,0.8104,0.88,3386,23
1675,fine,345,0.00023,0.956,0.9085,7070,6149
889,fine,344,0.00023,0.9731,0.9158,2863,3005
1312,fine,344,0.00023,0.7549,0.8926,2278,4393
481,fine,344,0.00023,0.8423,0.8564,3675,1488
349,fine,343,0.00023,0.5533,0.8794,11520,1096
1808,fine,342,0.00023,0.9203,0.8868,6922,6516
73,fine,342,0.00023,0.8258,0.8914,7981,166
2907,fine,341,0.00023,0.8532,0.9274,10302,10481
4,fine,341,0.00023,0.7383,0.8798,3598,10
1684,fine,341,0.00023,0.7172,0.8857,12345,6175
263,fine,340,0.00023,0.6632,0.8794,9011,810
1454,fine,340,0.00023,0.9435,0.8675,12513,5004
630,fine,339,0.00023,0.7203,0.8737,1742,1960
781,fine,339,0.00023,0.5641,0.8758,807,2695
1879,fine,339,0.00023,0.7662,0.8901,10776,6718
501,fine,338,0.00023,0.8789,0.8694,2405,1532
1402,fine,338,0.00023,0.7875,0.8758,5959,4792
351,fine,337,0.00023,0.7778,0.8681,5041,1102
2124,fine,337,0.00023,0.8055,0.9154,13660,7672
1547,fine,336,0.00023,0.8938,0.8829,6786,5467
2221,fine,335,0.00023,0.9719,0.8923,5726,8060
554,fine,335,0.00023,0.922,0.9096,8941,1701
1158,fine,335,0.00023,0.858,0.8811,5391,3839
2010,fine,333,0.00022,0.7804,0.8639,13344,7310
2954,fine,333,0.00022,0.8856,0.8832,11919,10714
22,fine,332,0.00022,0.5853,0.8482,13545,35
2897,fine,332,0.00022,0.6604,0.9308,8170,10388
1730,fine,332,0.00022,0.7572,0.9071,3059,6338
2243,fine,331,0.00022,0.6655,0.8911,2765,8140
15,fine,331,0.00022,0.7111,0.9136,11365,8
774,fine,331,0.00022,0.6165,0.8673,11718,2654
1246,fine,330,0.00022,0.8429,0.8581,4286,4122
2024,fine,330,0.00022,0.8007,0.8644,13085,7368
573,fine,329,0.00022,0.9595,0.8314,2626,1760
480,fine,328,0.00022,0.9043,0.8685,2783,1482
2502,fine,328,0.00022,0.964,0.9171,5968,8813
1288,fine,328,0.00022,0.6801,0.8678,10441,4276
1081,fine,328,0.00022,0.9723,0.8664,4629,3610
2781,fine,327,0.00022,0.6125,0.8544,649,9723
1352,fine,325,0.00022,0.783,0.8924,12702,4523
2036,normal,325,0.00022,0.5164,0.891,3503,7402
2646,fine,324,0.00022,0.9111,0.79,12392,9218
2456,fine,323,0.00022,0.7525,0.8514,3208,8720
1613,fine,322,0.00022,0.9728,0.8618,6826,5860
1264,fine,322,0.00022,0.8536,0.8784,5330,4180
74,fine,322,0.00022,0.8186,0.9242,8298,165
428,fine,322,0.00022,0.8149,0.804,5012,1330
950,fine,321,0.00022,0.9754,0.9003,2792,3184
1225,fine,321,0.00022,0.8374,0.8884,5211,4077
1303,fine,321,0.00022,0.8124,0.8772,12473,4359
2172,fine,321,0.00022,0.688,0.8456,11133,7806
2956,fine,320,0.00022,0.9039,0.8275,9424,10717
908,fine,320,0.00022,0.7884,0.8529,3630,3049
861,fine,320,0.00022,0.8936,0.8929,2117,2934
2489,fine,319,0.00022,0.7249,0.8452,3142,8789
976,fine,318,0.00021,0.8635,0.8824,3999,3253
1978,fine,318,0.00021,0.8105,0.9197,8438,7177
1350,fine,317,0.00021,0.8094,0.8762,4556,4507
1484,fine,317,0.00021,0.726,0.938,8096,5140
2912,fine,316,0.00021,0.687,0.8207,7028,10510
1357,fine,316,0.00021,0.6445,0.8333,54,4550
1196,fine,316,0.00021,0.8199,0.9004,3461,3964
2730,fine,316,0.00021,0.6107,0.8351,4013,9485
2774,fine,316,0.00021,0.728,0.9148,8332,9698
2936,fine,315,0.00021,0.8719,0.9228,11935,10637
2840,fine,314,0.00021,0.7207,0.8386,7153,10074
2259,fine,314,0.00021,0.554,0.8992,12704,8182
1302,fine,311,0.00021,0.7448,0.8641,7156,4355
1666,fine,311,0.00021,0.8993,0.9275,7258,6116
2778,fine,310,0.00021,0.7588,0.8367,2804,9714
1898,fine,310,0.00021,0.6392,0.9439,8338,6799
1283,fine,309,0.00021,0.7946,0.8334,4858,4245
1682,fine,309,0.00021,0.9761,0.9189,6452,6171
1587,fine,309,0.00021,0.9344,0.8829,6920,5664
2107,fine,309,0.00021,0.9173,0.8977,12326,7629
427,fine,309,0.00021,0.805,0.8686,6795,1331
202,fine,309,0.00021,0.7323,0.8873,4733,590
854,fine,308,0.00021,0.9594,0.8996,2504,2915
2589,fine,308,0.00021,0.968,0.9077,12347,9093
2364,fine,308,0.00021,0.7467,0.8691,804,8507
1072,fine,308,0.00021,0.6589,0.8042,7916,3585
604,fine,308,0.00021,0.7592,0.8725,10387,1873
113,fine,308,0.00021,0.8201,0.8757,7213,283
1247,fine,307,0.00021,0.8349,0.836,5170,4132
33,fine,307,0.00021,0.7791,0.9046,1707,72
1973,fine,306,0.00021,0.7687,0.825,13091,7159
1789,fine,306,0.00021,0.7845,0.8474,13027,6470
1128,fine,306,0.00021,0.6727,0.853,11501,3751
2835,fine,306,0.00021,0.8564,0.9304,2646,10059
1601,fine,305,0.00021,0.8848,0.8855,11401,5803
2008,normal,305,0.00021,0.6388,0.8689,4124,7290
2720,fine,304,0.00021,0.5508,0.7594,9011,9462
1814,fine,304,0.00021,0.7727,0.8751,12829,6536
2725,fine,304,0.00021,0.8644,0.8458,11080,9469
42,fine,304,0.00021,0.8218,0.8606,4489,94
2187,fine,304,0.00021,0.8366,0.8598,13336,7860
764,fine,304,0.00021,0.9393,0.8784,6162,2607
1665,fine,302,0.0002,0.6774,0.8778,825,6101
833,fine,302,0.0002,0.6379,0.8925,10552,2866
725,fine,302,0.0002,0.6654,0.8216,6943,2416
118,fine,302,0.0002,0.6979,0.8427,5503,306
2666,fine,302,0.0002,0.7802,0.8182,767,9282
1659,fine,301,0.0002,0.9815,0.9253,6866,6066
892,fine,301,0.0002,0.8211,0.8642,3441,3002
20,fine,301,0.0002,0.7947,0.8682,4378,29
1966,fine,301,0.0002,0.6555,0.8498,6941,7119
1647,fine,301,0.0002,0.9748,0.9056,6928,6005
491,fine,300,0.0002,0.7034,0.8875,10682,1504
2729,fine,300,0.0002,0.7748,0.8089,10061,9482
294,fine,300,0.0002,0.8194,0.8032,2441,921
1092,fine,300,0.0002,0.6576,0.8943,1332,3642
627,fine,300,0.0002,0.8187,0.881,8909,1932
1606,fine,300,0.0002,0.9225,0.9081,3691,5843
172,fine,300,0.0002,0.6618,0.8809,1485,489
1552,fine,300,0.0002,0.8978,0.8621,4079,5499
2742,fine,300,0.0002,0.6157,0.9463,7643,9519
949,fine,299,0.0002,0.9635,0.8352,7538,3189
767,fine,299,0.0002,0.9291,0.8984,6184,2627
220,fine,299,0.0002,0.6452,0.7935,9561,657
1806,fine,298,0.0002,0.7493,0.8302,730,6512
2492,fine,298,0.0002,0.8318,0.8491,8274,8781
2174,normal,297,0.0002,0.6078,0.8689,9372,7811
2525,fine,297,0.0002,0.8494,0.8752,11106,8889
1173,fine,297,0.0002,0.7809,0.8631,13318,3875
1466,fine,297,0.0002,0.9416,0.8592,12530,5044
1335,fine,297,0.0002,0.624,0.9305,1689,4447
1351,fine,296,0.0002,0.7134,0.8649,7776,4519
1646,fine,295,0.0002,0.9472,0.9065,7157,6003
2385,fine,295,0.0002,0.9031,0.9085,6455,8590
1895,fine,295,0.0002,0.7693,0.9228,10850,6788
2864,fine,295,0.0002,0.8685,0.8354,8361,10175
996,fine,294,0.0002,0.7399,0.8735,7850,3353
2302,fine,294,0.0002,0.9787,0.8272,5746,8318
442,fine,294,0.0002,0.885,0.9263,8437,1366
2769,fine,293,0.0002,0.872,0.813,10760,9654
516,fine,293,0.0002,0.985,0.9256,8834,1552
2844,fine,293,0.0002,0.606,0.9048,3126,10092
302,fine,293,0.0002,0.7285,0.917,6072,932
67,fine,293,0.0002,0.7106,0.8845,5523,153
261,fine,292,0.0002,0.8013,0.9237,6926,808
92,fine,292,0.0002,0.8102,0.8934,8107,223
2695,fine,292,0.0002,0.8405,0.8412,13473,9387
2496,fine,292,0.0002,0.8209,0.919,7136,8792
2953,fine,292,0.0002,0.7826,0.7975,11046,10706
2886,fine,291,0.0002,0.8509,0.9271,9941,10336
1728,fine,291,0.0002,0.7336,0.8556,12749,6335
1643,fine,291,0.0002,0.6362,0.8901,11858,5993
838,fine,291,0.0002,0.9077,0.801,5387,2883
2754,fine,290,0.0002,0.6083,0.8758,1906,9585
2934,fine,290,0.0002,0.9044,0.8759,9458,10623
2321,fine,290,0.0002,0.6655,0.8181,10656,8391
2188,fine,290,0.0002,0.8179,0.8747,2012,7862
1426,fine,290,0.0002,0.7091,0.8626,4917,4890
1370,fine,290,0.0002,0.6746,0.8227,9857,4607
1214,fine,290,0.0002,0.7284,0.9365,10829,4018
2170,fine,290,0.0002,0.8933,0.8624,12228,7797
2788,fine,290,0.0002,0.7629,0.9188,2828,9757
1769,fine,289,0.0002,0.7585,0.9119,3698,6424
2561,fine,289,0.0002,0.7859,0.8979,11321,9000
14,fine,289,0.0002,0.7254,0.9389,10932,4
859,fine,289,0.0002,0.9232,0.8563,2946,2923
105,fine,289,0.0002,0.7944,0.7956,8241,265
2940,fine,289,0.0002,0.7739,0.6864,10942,10666
2129,fine,288,0.00019,0.6091,0.8591,8691,7690
352,fine,288,0.00019,0.6992,0.8677,6248,1105
1593,fine,288,0.00019,0.9707,0.8292,6838,5722
2389,fine,288,0.00019,0.9663,0.8895,5980,8591
271,fine,288,0.00019,0.9067,0.8866,4376,833
2481,fine,288,0.00019,0.97,0.835,5947,8761
873,fine,288,0.00019,0.7847,0.8817,8088,2950
206,fine,287,0.00019,0.5374,0.8278,11891,597
1122,fine,287,0.00019,0.9158,0.8626,7041,3738
1721,fine,286,0.00019,0.7924,0.8665,10726,6314
2587,fine,286,0.00019,0.9776,0.9308,12115,9086
270,fine,286,0.00019,0.7319,0.7891,10706,833
2451,fine,285,0.00019,0.8261,0.8448,8121,8712
1382,fine,285,0.00019,0.7962,0.8586,11033,4714
1244,fine,284,0.00019,0.8811,0.9377,7048,4122
2457,fine,284,0.00019,0.9466,0.918,6403,8721
315,fine,283,0.00019,0.8982,0.837,4634,1011
2506,fine,283,0.00019,0.803,0.8469,8029,8816
2088,fine,283,0.00019,0.5689,0.8315,43,7589
1401,fine,281,0.00019,0.7775,0.8587,4529,4788
347,fine,281,0.00019,0.8893,0.8409,4652,1090
1735,fine,281,0.00019,0.9631,0.9078,6916,6343
599,fine,281,0.00019,0.7467,0.8726,12779,1847
1560,fine,280,0.00019,0.7659,0.8877,12384,5539
784,fine,280,0.00019,0.81,0.8801,5653,2699
876,fine,280,0.00019,0.8738,0.8587,6130,2960
787,fine,280,0.00019,0.9438,0.9254,6017,2708
2862,fine,279,0.00019,0.6983,0.837,6844,10172
184,fine,279,0.00019,0.7625,0.8652,2373,517
370,fine,279,0.00019,0.7172,0.856,6246,1154
2485,fine,279,0.00019,0.8333,0.8587,8271,8767
898,fine,279,0.00019,0.8692,0.9306,2205,3015
979,fine,277,0.00019,0.6477,0.8183,10217,3275
2159,fine,277,0.00019,0.5684,0.8278,3052,7772
2732,fine,277,0.00019,0.7794,0.8478,10021,9493
2245,fine,277,0.00019,0.8713,0.8943,11963,8141
868,fine,277,0.00019,0.9817,0.9088,2575,2944
1899,fine,277,0.00019,0.7255,0.8537,723,6809
2653,fine,276,0.00019,0.7695,0.827,713,9234
900,fine,276,0.00019,0.985,0.8955,2827,3027
1265,fine,276,0.00019,0.7485,0.8342,2978,4185
796,fine,276,0.00019,0.769,0.8429,3173,2729
1277,fine,275,0.00019,0.7497,0.8254,7697,4215
637,fine,274,0.00019,0.859,0.8706,4132,1993
917,fine,273,0.00018,0.9668,0.9329,7415,3082
2304,fine,273,0.00018,0.7896,0.7978,11008,8318
2332,fine,273,0.00018,0.9802,0.9139,1892,8416
258,fine,273,0.00018,0.7393,0.8461,5859,795
1146,fine,273,0.00018,0.9294,0.9351,4659,3801
2680,fine,272,0.00018,0.6576,0.8686,8609,9336
1232,fine,272,0.00018,0.8563,0.8428,7171,4098
1649,fine,272,0.00018,0.6871,0.8378,122,6007
1103,fine,272,0.00018,0.9695,0.9167,4554,3664
1556,fine,271,0.00018,0.9594,0.9272,13496,5525
2336,fine,271,0.00018,0.6969,0.8259,4609,8424
2620,fine,271,0.00018,0.8028,0.8912,6440,9159
863,fine,270,0.00018,0.9832,0.9054,2813,2931
2930,fine,270,0.00018,0.6789,0.8104,6732,10592
1930,fine,270,0.00018,0.5073,0.9069,5763,6963
330,fine,270,0.00018,0.767,0.8767,5183,1058
1624,fine,270,0.00018,0.9506,0.9052,7038,5909
343,fine,270,0.00018,0.9437,0.9069,8461,1088
93,fine,269,0.00018,0.6929,0.8541,11273,230
245,fine,269,0.00018,0.5385,0.872,1591,745
1611,fine,269,0.00018,0.9671,0.7999,6800,5843
664,fine,269,0.00018,0.7733,0.7982,10386,2128
35,fine,268,0.00018,0.8341,0.9461,5915,72
134,fine,268,0.00018,0.8145,0.8699,5215,359
423,fine,268,0.00018,0.8002,0.8709,3711,1316
721,fine,268,0.00018,0.7498,0.8302,8188,2402
2275,fine,268,0.00018,0.9653,0.9298,5793,8235
2677,fine,267,0.00018,0.8393,0.8515,9826,9320
870,fine,267,0.00018,0.8033,0.8464,5848,2944
1516,fine,267,0.00018,0.7468,0.8683,4228,5319
222,fine,267,0.00018,0.7888,0.8712,8079,665
2850,fine,266,0.00018,0.7935,0.8373,13291,10114
1209,fine,266,0.00018,0.829,0.8886,5337,4006
19,fine,266,0.00018,0.7479,0.8203,5808,21
1979,fine,266,0.00018,0.9545,0.9281,9742,7174
902,fine,266,0.00018,0.7779,0.8678,4088,3033
1052,fine,266,0.00018,0.8218,0.9414,7429,3531
2113,fine,265,0.00018,0.8967,0.8921,12043,7642
411,fine,265,0.00018,0.822,0.8347,4967,1279
166,fine,265,0.00018,0.782,0.8951,5174,467
2607,fine,265,0.00018,0.7376,0.8652,11484,9124
1195,fine,265,0.00018,0.7178,0.9294,10817,3963
2165,fine,265,0.00018,0.5895,0.8283,2679,7786
546,fine,265,0.00018,0.8904,0.8875,7218,1648
2313,fine,264,0.00018,0.6026,0.8575,9478,8353
847,fine,264,0.00018,0.826,0.8363,3120,2903
1344,fine,264,0.00018,0.8365,0.8545,13044,4490
192,fine,264,0.00018,0.6392,0.8493,1512,554
584,fine,264,0.00018,0.8529,0.8684,9001,1786
1538,fine,264,0.00018,0.8863,0.8806,4071,5439
2521,fine,263,0.00018,0.7419,0.8615,2431,8880
1631,fine,263,0.00018,0.9574,0.8494,7073,5940
1545,fine,262,0.00018,0.9006,0.8852,4048,5464
937,fine,262,0.00018,0.7598,0.9389,5827,3151
2301,fine,261,0.00018,0.7363,0.9069,328,8311
1644,fine,261,0.00018,0.7554,0.8654,12810,5994
724,fine,261,0.00018,0.689,0.8561,10638,2413
305,fine,261,0.00018,0.8202,0.8813,6998,953
474,fine,261,0.00018,0.8107,0.888,4659,1456
2859,fine,260,0.00018,0.7865,0.9332,6217,10160
1204,fine,260,0.00018,0.8188,0.8499,5181,3988
417,fine,259,0.00017,0.8672,0.8861,5484,1302
2901,fine,259,0.00017,0.8476,0.7865,9885,10405
2034,fine,259,0.00017,0.7216,0.8985,57,7397
79,fine,259,0.00017,0.6022,0.8829,11995,186
783,fine,259,0.00017,0.9685,0.8772,2630,2698
698,fine,258,0.00017,0.688,0.8554,8142,2300
12,fine,258,0.00017,0.7128,0.9111,10454,8
2287,fine,258,0.00017,0.8421,0.8891,2313,8277
1420,fine,257,0.00017,0.8363,0.814,7604,4874
2501,fine,257,0.00017,0.7397,0.8652,10461,8796
2118,fine,257,0.00017,0.7982,0.8913,12947,7651
1750,fine,257,0.00017,0.7847,0.8742,3058,6377
2868,fine,256,0.00017,0.8672,0.8523,9591,10196
2185,fine,256,0.00017,0.8317,0.8498,13582,7856
1230,fine,256,0.00017,0.8534,0.7675,4261,4088
2115,fine,256,0.00017,0.8266,0.8539,11514,7651
1710,fine,256,0.00017,0.9791,0.9106,6453,6274
1281,fine,256,0.00017,0.7519,0.8747,2000,4231
2837,fine,255,0.00017,0.6956,0.8609,8628,10065
789,fine,255,0.00017,0.6896,0.9214,11450,2713
70,fine,255,0.00017,0.7708,0.8293,4843,157
361,fine,255,0.00017,0.8026,0.8135,6837,1134
561,fine,255,0.00017,0.8141,0.7888,3600,1720
2011,fine,254,0.00017,0.7832,0.8691,13167,7309
1166,fine,254,0.00017,0.8428,0.7886,3648,3851
1702,fine,254,0.00017,0.6807,0.8583,10343,6257
1940,fine,254,0.00017,0.8351,0.9087,6570,7006
374,fine,254,0.00017,0.8599,0.868,4779,1171
1470,fine,253,0.00017,0.5897,0.8895,6008,5056
176,fine,253,0.00017,0.6625,0.8496,1457,499
717,fine,253,0.00017,0.7562,0.836,5655,2350
1667,fine,253,0.00017,0.6991,0.911,751,6114
1821,fine,253,0.00017,0.9705,0.8063,6635,6555
608,fine,253,0.00017,0.8622,0.831,4046,1891
2719,fine,253,0.00017,0.606,0.8282,4030,9456
1182,fine,253,0.00017,0.5251,0.8604,12864,3910
658,fine,252,0.00017,0.7679,0.8687,5763,2107
1163,fine,252,0.00017,0.8681,0.8841,2249,3849
2101,fine,252,0.00017,0.9005,0.8843,12028,7617
2420,fine,252,0.00017,0.8248,0.8349,10265,8638
139,fine,251,0.00017,0.7698,0.876,8295,366
1046,fine,251,0.00017,0.9456,0.8585,5093,3532
1117,fine,251,0.00017,0.9392,0.9374,5188,3712
1251,fine,250,0.00017,0.8067,0.8614,4881,4136
66,fine,250,0.00017,0.789,0.861,5099,146
906,fine,250,0.00017,0.9825,0.9338,2653,3043
1180,fine,250,0.00017,0.8464,0.9034,3113,3892
563,fine,250,0.00017,0.6997,0.8697,9781,1729
2161,fine,250,0.00017,0.6684,0.875,2463,7779
852,fine,250,0.00017,0.8159,0.8624,3142,2909
1932,fine,249,0.00017,0.7081,0.8763,6222,6976
2679,fine,249,0.00017,0.7568,0.7579,10319,9329
1161,fine,249,0.00017,0.811,0.8675,5611,3842
704,fine,249,0.00017,0.7784,0.8482,3873,2309
1222,fine,249,0.00017,0.7512,0.8779,6237,4046
1174,fine,249,0.00017,0.5934,0.8508,871,3877
9,fine,248,0.00017,0.7539,0.8968,7776,5
779,fine,248,0.00017,0.9855,0.8928,2516,2670
1035,fine,248,0.00017,0.961,0.913,5030,3500
2611,fine,247,0.00017,0.8377,0.8646,5108,9129
1692,fine,247,0.00017,0.7932,0.8637,10826,6217
278,fine,246,0.00017,0.6512,0.917,13539,845
2551,fine,246,0.00017,0.9782,0.9268,12080,8965
867,fine,246,0.00017,0.9855,0.9147,2708,2939
1449,fine,245,0.00017,0.6372,0.8798,4964,4996
2906,fine,245,0.00017,0.8197,0.784,10530,10464
1637,fine,245,0.00017,0.5997,0.8441,11935,5964
2716,fine,245,0.00017,0.9161,0.9303,5818,9449
2285,fine,244,0.00016,0.7875,0.8203,76,8276
1317,fine,244,0.00016,0.7493,0.8407,10973,4393
418,fine,244,0.00016,0.9014,0.8829,8294,1301
2027,fine,244,0.00016,0.7333,0.8586,40,7376
1029,fine,244,0.00016,0.9592,0.871,5047,3484
1109,fine,244,0.00016,0.8494,0.8864,5729,3686
1381,fine,243,0.00016,0.7503,0.8717,10918,4704
1977,fine,243,0.00016,0.5485,0.8925,4366,7175
143,fine,243,0.00016,0.8021,0.9059,157,386
1566,fine,243,0.00016,0.8093,0.7858,4159,5567
2242,fine,243,0.00016,0.9546,0.9204,1981,8137
94,fine,243,0.00016,0.8542,0.8618,8599,232
1051,fine,242,0.00016,0.9055,0.9005,7121,3532
670,fine,242,0.00016,0.6785,0.892,10101,2147
2765,normal,242,0.00016,0.5017,0.9151,4892,9623
2252,fine,241,0.00016,0.6629,0.864,7099,8154
129,fine,241,0.00016,0.6811,0.9015,2573,351
3,fine,241,0.00016,0.7712,0.865,2237,4
2150,fine,241,0.00016,0.8364,0.8141,12642,7762
2569,fine,241,0.00016,0.7736,0.8414,10411,9029
1327,fine,241,0.00016,0.6862,0.8734,6204,4422
1571,fine,240,0.00016,0.8827,0.7822,13124,5581
1852,fine,240,0.00016,0.9425,0.917,6574,6636
2425,fine,240,0.00016,0.8605,0.7553,6768,8648
1061,fine,239,0.00016,0.7989,0.9218,6514,3551
1104,fine,239,0.00016,0.931,0.8843,6957,3674
2670,fine,239,0.00016,0.7044,0.8885,165,9291
1508,fine,239,0.00016,0.9793,0.8772,13528,5264
1027,fine,238,0.00016,0.7846,0.7722,1896,3474
1796,fine,238,0.00016,0.7618,0.8288,10591,6494
1717,fine,238,0.00016,0.9899,0.8268,6633,6307
226,fine,238,0.00016,0.7266,0.853,8848,679
1581,fine,237,0.00016,0.9226,0.9103,3906,5624
734,fine,237,0.00016,0.9559,0.939,6116,2454
2122,fine,237,0.00016,0.8957,0.8647,4451,7662
2156,fine,237,0.00016,0.895,0.8668,12299,7768
2962,fine,236,0.00016,0.9123,0.7878,11788,10743
1541,fine,236,0.00016,0.9433,0.9265,3830,5448
450,fine,236,0.00016,0.8477,0.8535,4904,1383
333,fine,235,0.00016,0.7465,0.8287,312,1065
1614,fine,235,0.00016,0.9446,0.9114,7000,5864
2467,fine,235,0.00016,0.8388,0.9171,8313,8732
2244,fine,235,0.00016,0.5453,0.8385,10692,8141
219,fine,234,0.00016,0.8191,0.8397,6814,656
555,fine,234,0.00016,0.6841,0.8755,10864,1703
1544,fine,234,0.00016,0.7305,0.9293,7846,5452
568,fine,233,0.00016,0.813,0.8465,4091,1739
2968,fine,233,0.00016,0.8699,0.8683,11711,10764
1756,fine,233,0.00016,0.9847,0.8935,6519,6388
2367,fine,233,0.00016,0.7037,0.8066,3428,8509
2154,fine,233,0.00016,0.5882,0.9398,7354,7764
439,fine,233,0.00016,0.96,0.895,8744,1356
2579,fine,233,0.00016,0.8048,0.9257,6520,9065
1412,fine,232,0.00016,0.7604,0.8301,4784,4835
2831,fine,232,0.00016,0.8757,0.9313,2580,10044
367,fine,232,0.00016,0.814,0.8877,5314,1137
404,fine,231,0.00016,0.9117,0.8612,8338,1248
1993,fine,231,0.00016,0.5352,0.8617,3835,7218
1546,normal,231,0.00016,0.6048,0.8259,5924,5466
851,fine,231,0.00016,0.9399,0.8495,2441,2909
1297,fine,231,0.00016,0.7678,0.9287,2481,4331
504,fine,231,0.00016,0.9361,0.8732,7991,1534
141,fine,231,0.00016,0.7804,0.9247,186,373
2021,fine,231,0.00016,0.8941,0.899,9772,7355
2222,fine,231,0.00016,0.7313,0.8189,4126,8067
1442,fine,230,0.00016,0.6999,0.8729,5929,4954
1258,fine,230,0.00016,0.5162,0.9218,9895,4155
1776,fine,230,0.00016,0.973,0.8559,6851,6440
107,fine,230,0.00016,0.7449,0.8419,2309,268
1218,fine,229,0.00015,0.7254,0.9143,10859,4029
801,fine,229,0.00015,0.9691,0.9186,2657,2743
1299,fine,229,0.00015,0.6836,0.8746,1784,4349
502,fine,229,0.00015,0.947,0.8609,7848,1528
2089,fine,229,0.00015,0.696,0.8573,6256,7586
651,fine,228,0.00015,0.7659,0.9388,723,2064
1805,fine,228,0.00015,0.7911,0.8575,12332,6510
1399,fine,228,0.00015,0.6264,0.7394,9786,4782
1284,fine,228,0.00015,0.7133,0.8533,11777,4253
2814,fine,227,0.00015,0.8135,0.9196,2266,9930
1100,fine,227,0.00015,0.7686,0.8165,9491,3660
1224,fine,226,0.00015,0.7221,0.8427,5631,4064
835,fine,226,0.00015,0.7796,0.835,3628,2870
1448,fine,226,0.00015,0.9591,0.8449,13647,4987
640,fine,226,0.00015,0.7636,0.8543,10557,2025
317,fine,226,0.00015,0.7471,0.8278,3268,1015
2315,fine,225,0.00015,0.7991,0.7822,660,8362
2517,fine,225,0.00015,0.8627,0.672,261,8859
1429,fine,225,0.00015,0.684,0.861,5712,4894
2721,fine,225,0.00015,0.9491,0.9085,5770,9458
2455,fine,225,0.00015,0.8397,0.9221,8253,8716
2541,fine,224,0.00015,0.619,0.8606,4765,8941
602,fine,224,0.00015,0.9588,0.8571,2829,1862
643,fine,223,0.00015,0.723,0.8071,1752,2042
617,fine,223,0.00015,0.9642,0.8743,2805,1908
1679,fine,223,0.00015,0.5855,0.9163,10038,6163
1184,fine,223,0.00015,0.8887,0.8235,4590,3916
234,fine,223,0.00015,0.7889,0.8637,6724,692
720,fine,222,0.00015,0.5463,0.8558,5132,2386
161,fine,222,0.00015,0.6603,0.8494,1626,454
988,fine,222,0.00015,0.8335,0.791,5739,3314
103,fine,222,0.00015,0.6905,0.841,10537,247
1799,fine,220,0.00015,0.8055,0.8717,12246,6498
2503,fine,220,0.00015,0.9111,0.8545,6164,8816
2710,fine,220,0.00015,0.8297,0.8466,11971,9429
733,fine,220,0.00015,0.6728,0.8858,721,2450
798,fine,220,0.00015,0.9387,0.8629,6028,2729
592,fine,219,0.00015,0.7243,0.8256,1873,1803
1024,fine,219,0.00015,0.5788,0.7391,12845,3478
961,fine,219,0.00015,0.8279,0.8389,3899,3204
1526,fine,219,0.00015,0.8464,0.9,1263,5396
2266,fine,219,0.00015,0.9631,0.9158,1985,8205
291,fine,219,0.00015,0.8275,0.8104,7172,904
2370,fine,218,0.00015,0.7475,0.7575,4041,8520
2371,fine,218,0.00015,0.8068,0.9391,5544,8530
2195,normal,218,0.00015,0.7538,0.919,5290,7885
1825,fine,217,0.00015,0.6521,0.8109,8966,6554
1057,fine,217,0.00015,0.9382,0.9224,5124,3545
2948,fine,217,0.00015,0.5979,0.768,7647,10698
558,fine,216,0.00015,0.712,0.8322,1975,1701
1634,fine,216,0.00015,0.9571,0.756,7116,5958
1578,fine,216,0.00015,0.8223,0.8796,12936,5605
1471,fine,216,0.00015,0.953,0.8794,12513,5064
451,fine,215,0.00015,0.6947,0.8307,1000,1385
1785,fine,215,0.00015,0.7771,0.9112,3139,6457
2702,fine,215,0.00015,0.9761,0.8255,5652,9410
1987,fine,215,0.00015,0.7935,0.8521,8188,7217
770,fine,215,0.00015,0.6163,0.8531,11739,2637
224,fine,215,0.00015,0.7008,0.8481,10783,673
1252,fine,214,0.00014,0.7455,0.76,6228,4143
857,fine,214,0.00014,0.7598,0.8194,4139,2917
2023,fine,214,0.00014,0.7907,0.8501,8492,7368
846,fine,214,0.00014,0.9163,0.7531,2188,2900
2692,fine,213,0.00014,0.7477,0.7184,1225,9384
2784,fine,213,0.00014,0.6346,0.7794,1669,9738
703,fine,213,0.00014,0.7353,0.9188,279,2308
2038,fine,213,0.00014,0.7701,0.9119,10479,7402
318,fine,213,0.00014,0.8022,0.8307,4921,1016
1242,fine,213,0.00014,0.7703,0.8343,2980,4116
2014,fine,212,0.00014,0.7234,0.8575,12715,7316
636,fine,212,0.00014,0.9026,0.8358,2733,1995
2137,fine,212,0.00014,0.8263,0.8645,13492,7719
339,fine,212,0.00014,0.8775,0.8626,7671,1073
277,fine,212,0.00014,0.8676,0.8367,8445,843
2946,fine,211,0.00014,0.5718,0.7954,8872,10684
2971,fine,211,0.00014,0.7148,0.8474,7504,10770
2218,fine,211,0.00014,0.6961,0.8477,2454,8023
2663,fine,211,0.00014,0.8662,0.8396,5856,9260
276,fine,211,0.00014,0.8421,0.8819,7867,844
1858,fine,211,0.00014,0.6542,0.8538,13317,6657
2381,fine,211,0.00014,0.8651,0.8194,11176,8559
61,fine,211,0.00014,0.8291,0.8398,8008,138
730,fine,210,0.00014,0.7335,0.8555,8090,2445
593,fine,210,0.00014,0.9688,0.8828,2802,1815
1703,fine,210,0.00014,0.7038,0.824,13226,6256
2262,fine,210,0.00014,0.7606,0.7788,4490,8188
2083,fine,210,0.00014,0.7503,0.8337,6160,7577
953,fine,209,0.00014,0.8067,0.7785,3739,3195
424,fine,209,0.00014,0.7946,0.8828,10757,1321
285,fine,209,0.00014,0.6252,0.8325,12482,857
541,fine,208,0.00014,0.9821,0.9175,8861,1624
623,fine,208,0.00014,0.7137,0.905,1705,1927
2001,fine,208,0.00014,0.7879,0.8223,12833,7270
760,fine,208,0.00014,0.9647,0.894,2608,2575
981,fine,207,0.00014,0.8953,0.9132,5364,3292
496,fine,207,0.00014,0.805,0.8447,5266,1519
638,fine,207,0.00014,0.8421,0.8548,4214,1993
2441,fine,207,0.00014,0.8047,0.9082,72,8690
1425,fine,207,0.00014,0.9352,0.7688,13515,4886
1318,fine,207,0.00014,0.7009,0.8431,6294,4397
1536,fine,207,0.00014,0.8411,0.8725,1247,5436
2114,fine,207,0.00014,0.7443,0.9169,5969,7644
329,fine,207,0.00014,0.8943,0.9072,8612,1056
2887,fine,206,0.00014,0.7539,0.9084,8256,10336
713,fine,206,0.00014,0.5807,0.8987,8742,2333
2911,fine,206,0.00014,0.6802,0.8121,6187,10509
645,fine,206,0.00014,0.7655,0.7893,12491,2039
958,fine,206,0.00014,0.9502,0.9072,7251,3200
1392,fine,206,0.00014,0.7119,0.7885,6317,4747
1421,fine,205,0.00014,0.7286,0.851,4765,4878
1752,fine,205,0.00014,0.7802,0.7783,10708,6376
886,fine,205,0.00014,0.9868,0.9052,2778,2986
1168,fine,205,0.00014,0.6758,0.8608,11468,3854
2870,normal,205,0.00014,0.7516,0.892,7982,10211
1779,fine,205,0.00014,0.9742,0.8326,6802,6448
1829,fine,205,0.00014,0.9657,0.8966,6658,6566
2483,fine,204,0.00014,0.617,0.8166,4352,8758
2298,fine,204,0.00014,0.981,0.8584,1901,8305
1763,fine,204,0.00014,0.9865,0.902,6545,6404
2597,fine,204,0.00014,0.774,0.7908,11354,9107
1474,fine,204,0.00014,0.7669,0.8482,7668,5081
1971,fine,203,0.00014,0.7809,0.7881,3698,7124
280,fine,203,0.00014,0.7875,0.8417,4998,845
2418,fine,203,0.00014,0.9182,0.8885,1882,8642
310,fine,203,0.00014,0.8157,0.8759,5409,972
1697,fine,203,0.00014,0.5704,0.6358,9916,6247
2583,fine,203,0.00014,0.8154,0.9142,6289,9073
221,fine,202,0.00014,0.5266,0.8679,11572,650
2470,fine,202,0.00014,0.7703,0.8635,13042,8731
2076,fine,202,0.00014,0.6749,0.9253,4938,7549
436,fine,202,0.00014,0.7402,0.8512,391,1344
700,fine,202,0.00014,0.7683,0.7309,3832,2305
2655,fine,202,0.00014,0.8552,0.8628,12538,9241
1651,fine,201,0.00014,0.7081,0.8573,13557,6009
1648,fine,201,0.00014,0.6596,0.8723,10843,6004
452,fine,201,0.00014,0.5983,0.8417,11705,1384
1951,fine,200,0.00014,0.5613,0.8738,5815,7068
2667,fine,200,0.00014,0.7423,0.8092,1368,9280
2884,fine,200,0.00014,0.7898,0.8554,8302,10300
842,fine,200,0.00014,0.7306,0.836,11227,2888
687,fine,200,0.00014,0.6253,0.821,2973,2241
2365,fine,200,0.00014,0.974,0.9096,5854,8504
1085,fine,200,0.00014,0.9727,0.9255,4697,3618
1152,fine,199,0.00013,0.8119,0.8419,7596,3816
1468,fine,199,0.00013,0.9631,0.8222,13704,5046
1004,fine,199,0.00013,0.7547,0.8218,3195,3388
2626,fine,198,0.00013,0.8266,0.6776,191,9165
983,fine,198,0.00013,0.8699,0.888,3072,3298
2072,fine,198,0.00013,0.747,0.8716,6217,7535
1200,fine,198,0.00013,0.8184,0.6999,7738,3972
179,fine,198,0.00013,0.6356,0.8462,11209,506
2123,fine,197,0.00013,0.9148,0.85,12223,7667
2015,fine,197,0.00013,0.7793,0.8715,13555,7322
1970,fine,197,0.00013,0.5189,0.8404,2720,7122
1261,fine,197,0.00013,0.7989,0.7934,12522,4168
659,fine,197,0.00013,0.575,0.7712,8047,2114
1857,fine,196,0.00013,0.9516,0.8211,5076,6659
1745,fine,196,0.00013,0.7235,0.8667,12759,6360
306,fine,196,0.00013,0.8388,0.8609,7570,963
1605,fine,196,0.00013,0.685,0.844,12393,5834
1380,fine,196,0.00013,0.7893,0.9306,3919,4702
2921,fine,196,0.00013,0.7397,0.8206,12659,10544
1792,fine,195,0.00013,0.7643,0.7783,3132,6486
1729,fine,195,0.00013,0.7585,0.8534,12375,6336
1094,fine,195,0.00013,0.9274,0.9273,6796,3635
552,fine,195,0.00013,0.7216,0.8772,1534,1694
2158,fine,195,0.00013,0.8742,0.8271,12077,7768
2081,normal,195,0.00013,0.5116,0.6945,530,7573
2531,fine,195,0.00013,0.7496,0.82,715,8915
275,fine,194,0.00013,0.7762,0.8287,5550,842
1221,fine,194,0.00013,0.7982,0.8179,3221,4044
2473,fine,194,0.00013,0.8058,0.8745,11276,8734
1362,fine,194,0.00013,0.8307,0.9202,7583,4569
170,fine,194,0.00013,0.7936,0.8143,8046,476
575,fine,194,0.00013,0.6189,0.8142,5513,1762
881,fine,193,0.00013,0.8851,0.9107,2162,2979
2438,fine,193,0.00013,0.8147,0.8875,8039,8681
997,fine,193,0.00013,0.9291,0.8161,4365,3364
2256,fine,193,0.00013,0.598,0.8426,10225,8168
572,fine,192,0.00013,0.7612,0.8097,698,1750
1629,fine,192,0.00013,0.6715,0.8468,10939,5930
1610,fine,192,0.00013,0.9732,0.8056,6831,5842
586,fine,192,0.00013,0.9696,0.9044,2810,1793
1784,fine,192,0.00013,0.9736,0.8845,6790,6454
383,fine,192,0.00013,0.9268,0.9258,7477,1192
874,fine,191,0.00013,0.9728,0.8647,2554,2952
303,fine,191,0.00013,0.8007,0.8604,5683,939
1685,fine,191,0.00013,0.9567,0.8923,7055,6178
60,fine,190,0.00013,0.7953,0.8132,5127,133
2,fine,190,0.00013,0.7005,0.8786,1303,6
1481,fine,190,0.00013,0.654,0.8207,7270,5102
1424,fine,190,0.00013,0.7513,0.8438,8525,4887
1133,fine,190,0.00013,0.8457,0.7967,3585,3765
583,fine,190,0.00013,0.925,0.8686,8817,1782
1405,fine,190,0.00013,0.7509,0.842,5824,4800
2092,fine,189,0.00013,0.8074,0.8371,13075,7587
2376,fine,189,0.00013,0.8837,0.8119,11116,8533
2478,fine,188,0.00013,0.8197,0.7747,8111,8748
696,fine,188,0.00013,0.6288,0.8023,10012,2285
2892,fine,188,0.00013,0.8181,0.826,13639,10354
904,fine,188,0.00013,0.9798,0.8535,2851,3043
2474,fine,188,0.00013,0.7765,0.8786,7251,8734
625,fine,188,0.00013,0.6415,0.82,3535,1924
1673,fine,188,0.00013,0.9036,0.8117,7232,6134
1871,fine,188,0.00013,0.9367,0.9039,4998,6690
1733,fine,188,0.00013,0.9896,0.8399,6612,6342
88,fine,187,0.00013,0.6639,0.8311,3889,211
444,fine,187,0.00013,0.784,0.9028,9109,1363
217,fine,187,0.00013,0.6308,0.8238,11215,645
130,fine,187,0.00013,0.8166,0.8084,7268,351
2624,fine,186,0.00013,0.595,0.826,4634,9163
1223,fine,186,0.00013,0.6861,0.9325,11533,4063
2925,fine,186,0.00013,0.5686,0.9232,7594,10556
2877,fine,186,0.00013,0.7537,0.8361,10738,10242
1748,fine,185,0.00012,0.7774,0.8977,9333,6366
2417,fine,185,0.00012,0.7446,0.8949,2549,8639
253,fine,185,0.00012,0.6115,0.9281,12451,768
2260,fine,185,0.00012,0.9649,0.8994,5779,8181
1688,fine,184,0.00012,0.9796,0.779,6486,6187
2698,fine,184,0.00012,0.6897,0.8062,1707,9391
412,fine,184,0.00012,0.8597,0.8405,4833,1283
1818,fine,184,0.00012,0.9597,0.8348,6724,6548
2294,fine,184,0.00012,0.5292,0.8819,9352,8294
2238,fine,183,0.00012,0.973,0.8813,5721,8121
304,fine,182,0.00012,0.6141,0.8317,846,941
2762,fine,182,0.00012,0.9153,0.8129,5417,9614
37,fine,182,0.00012,0.83,0.8573,8186,81
1374,fine,181,0.00012,0.7123,0.8388,3627,4644
1093,fine,181,0.00012,0.9696,0.9215,4627,3637
2880,fine,181,0.00012,0.8034,0.887,8293,10265
2109,normal,181,0.00012,0.5475,0.7759,6907,7633
208,fine,181,0.00012,0.9047,0.8936,6269,607
2875,fine,181,0.00012,0.661,0.8005,6518,10228
1459,fine,181,0.00012,0.9611,0.8226,13652,5017
218,fine,181,0.00012,0.8403,0.8741,7853,648
2419,fine,181,0.00012,0.9744,0.7235,5927,8637
422,fine,181,0.00012,0.8398,0.9206,5294,1312
50,fine,180,0.00012,0.8313,0.7465,8108,105
533,fine,180,0.00012,0.7013,0.8207,1001,1604
2251,fine,180,0.00012,0.9659,0.9143,5768,8154
342,fine,180,0.00012,0.9109,0.8179,8180,1084
695,fine,180,0.00012,0.7246,0.855,10564,2280
1549,fine,179,0.00012,0.8468,0.7611,4175,5474
1507,fine,179,0.00012,0.9785,0.8755,13558,5249
1984,fine,179,0.00012,0.7561,0.8096,13270,7196
2866,fine,179,0.00012,0.7731,0.8125,5773,10185
1469,fine,179,0.00012,0.6749,0.8075,6975,5057
2360,fine,179,0.00012,0.6068,0.7292,13473,8495
1674,fine,179,0.00012,0.8933,0.8879,7261,6135
162,fine,179,0.00012,0.7158,0.8226,2577,452
1155,fine,179,0.00012,0.7134,0.8171,10919,3825
2110,fine,178,0.00012,0.8855,0.823,4660,7637
2958,fine,178,0.00012,0.8926,0.8105,11894,10725
345,fine,178,0.00012,0.7203,0.9231,5959,1087
2927,fine,178,0.00012,0.7527,0.8028,12632,10566
2203,fine,178,0.00012,0.8222,0.8661,11732,7922
977,fine,178,0.00012,0.9356,0.8739,7203,3269
490,fine,178,0.00012,0.9865,0.8872,8813,1501
2132,fine,178,0.00012,0.9007,0.8387,4485,7703
544,fine,178,0.00012,0.981,0.8522,8826,1646
1525,fine,178,0.00012,0.8503,0.8524,1272,5366
1110,fine,177,0.00012,0.9268,0.8376,6978,3692
47,fine,177,0.00012,0.5583,0.841,9341,103
34,fine,177,0.00012,0.7816,0.8166,5850,74
1383,fine,177,0.00012,0.6926,0.8084,3491,4710
2053,fine,177,0.00012,0.8017,0.8431,13102,7480
834,fine,177,0.00012,0.9289,0.9058,2149,2866
1764,fine,176,0.00012,0.535,0.8124,13335,6403
814,fine,176,0.00012,0.8784,0.8186,2949,2797
1590,normal,176,0.00012,0.5158,0.7926,6003,5684
1908,fine,176,0.00012,0.7748,0.7894,4696,6853
2575,fine,176,0.00012,0.7822,0.7579,6570,9058
2961,fine,176,0.00012,0.8494,0.9154,12104,10735
994,fine,176,0.00012,0.9395,0.871,2880,3334
2338,fine,176,0.00012,0.9467,0.9046,1953,8433
132,fine,175,0.00012,0.5667,0.7881,12859,356
2214,fine,175,0.00012,0.8864,0.8058,5886,8011
2471,fine,175,0.00012,0.7988,0.839,2289,8733
355,fine,175,0.00012,0.6422,0.8231,1204,1112
2586,fine,175,0.00012,0.8817,0.8729,380,9080
2126,normal,175,0.00012,0.6212,0.9075,387,7675
1904,fine,174,0.00012,0.8055,0.8184,11024,6820
1567,fine,174,0.00012,0.7861,0.8976,4207,5563
2391,fine,174,0.00012,0.9737,0.8595,5902,8589
1523,fine,174,0.00012,0.8751,0.8662,1244,5342
1186,fine,174,0.00012,0.8283,0.7971,2423,3920
381,fine,174,0.00012,0.7127,0.9259,5922,1187
1591,fine,174,0.00012,0.6812,0.7885,12088,5689
1746,fine,174,0.00012,0.983,0.8393,6836,6366
2787,fine,174,0.00012,0.8161,0.8946,5782,9754
52,fine,173,0.00012,0.7557,0.8355,12377,115
791,fine,173,0.00012,0.8175,0.8502,5663,2719
2087,fine,173,0.00012,0.5982,0.9084,4947,7583
2283,fine,173,0.00012,0.7074,0.8107,7357,8263
2412,fine,173,0.00012,0.7357,0.8091,4411,8627
2916,fine,173,0.00012,0.8148,0.814,10452,10516
154,fine,173,0.00012,0.7675,0.7784,3183,413
2659,fine,172,0.00012,0.8807,0.8191,13183,9252
348,fine,172,0.00012,0.8992,0.8245,8147,1094
2805,fine,172,0.00012,0.8073,0.9048,6275,9882
875,fine,172,0.00012,0.6688,0.9103,10211,2952
2017,fine,172,0.00012,0.9379,0.8706,9843,7333
543,fine,172,0.00012,0.8661,0.7937,7180,1632
13,fine,172,0.00012,0.7121,0.9016,10495,9
1543,fine,171,0.00012,0.9517,0.9081,13228,5447
2043,fine,171,0.00012,0.7622,0.8319,12793,7417
344,fine,171,0.00012,0.9008,0.8376,4613,1084
2615,fine,171,0.00012,0.8037,0.8181,1077,9131
829,fine,171,0.00012,0.8478,0.8175,7820,2856
449,fine,170,0.00011,0.8151,0.8074,2104,1381
362,fine,170,0.00011,0.9374,0.87,8447,1134
1827,fine,170,0.00011,0.7825,0.8123,13033,6561
1488,fine,170,0.00011,0.9,0.8686,12588,5156
1342,fine,170,0.00011,0.7446,0.9212,11851,4474
421,fine,170,0.00011,0.824,0.7749,2359,1308
1428,fine,170,0.00011,0.9156,0.8689,13416,4890
2464,fine,170,0.00011,0.8466,0.9143,7148,8727
1373,fine,169,0.00011,0.5829,0.8295,10476,4626
1124,fine,169,0.00011,0.685,0.8197,13429,3731
1444,fine,169,0.00011,0.7111,0.9184,4455,4968
1407,fine,169,0.00011,0.7696,0.8018,4778,4806
2691,fine,169,0.00011,0.6326,0.8496,288,9383
2327,fine,169,0.00011,0.8546,0.8316,11243,8402
1747,fine,169,0.00011,0.7922,0.8789,9260,6364
1142,fine,169,0.00011,0.8539,0.7814,5589,3785
933,fine,169,0.00011,0.8145,0.8429,4062,3120
2191,fine,168,0.00011,0.771,0.8048,4224,7877
1923,fine,168,0.00011,0.7704,0.8491,12789,6921
1696,fine,168,0.00011,0.9891,0.83,6633,6235
2509,fine,167,0.00011,0.5849,0.7452,3831,8822
287,fine,167,0.00011,0.6478,0.8178,12818,863
2926,fine,167,0.00011,0.8467,0.7872,10683,10556
2448,fine,166,0.00011,0.6938,0.7852,3621,8704
2042,normal,166,0.00011,0.5093,0.7887,6773,7417
742,fine,166,0.00011,0.9574,0.7976,6068,2487
547,fine,166,0.00011,0.9808,0.8924,8801,1650
2578,fine,166,0.00011,0.8737,0.8433,408,9061
1668,fine,166,0.00011,0.7323,0.8071,5500,6122
612,fine,166,0.00011,0.791,0.8169,10315,1894
2306,fine,165,0.00011,0.74,0.9258,2812,8316
1678,fine,165,0.00011,0.9593,0.8342,7042,6162
2609,fine,165,0.00011,0.5779,0.6675,4621,9128
1240,fine,165,0.00011,0.8558,0.9284,5282,4110
532,fine,165,0.00011,0.9359,0.8821,7487,1605
2548,fine,165,0.00011,0.8749,0.7921,10968,8952
2772,fine,165,0.00011,0.9415,0.9079,5548,9673
862,fine,165,0.00011,0.9852,0.8644,2792,2934
1387,fine,164,0.00011,0.8602,0.9158,7523,4721
313,fine,164,0.00011,0.7902,0.8201,5356,990
2228,fine,164,0.00011,0.9635,0.8962,5707,8085
380,fine,164,0.00011,0.8835,0.8386,8013,1183
1316,fine,164,0.00011,0.7639,0.7902,4601,4395
2354,fine,164,0.00011,0.6378,0.8419,13403,8475
1853,fine,164,0.00011,0.7737,0.8804,7571,6640
1887,fine,164,0.00011,0.9404,0.8931,5039,6756
229,fine,163,0.00011,0.7846,0.8037,5063,681
603,fine,163,0.00011,0.907,0.9229,2951,1863
722,fine,163,0.00011,0.9584,0.9132,6115,2400
2818,fine,163,0.00011,0.8101,0.7742,6118,9954
248,fine,163,0.00011,0.8332,0.8428,7280,745
1639,fine,163,0.00011,0.968,0.8833,7024,5975
403,fine,163,0.00011,0.9042,0.8428,7931,1247
974,fine,163,0.00011,0.9595,0.8755,2889,3243
540,fine,163,0.00011,0.8976,0.872,2468,1622
1068,fine,163,0.00011,0.751,0.757,834,3559
1754,fine,163,0.00011,0.5092,0.8176,13552,6376
1395,fine,162,0.00011,0.606,0.8233,5270,4761
1451,fine,162,0.00011,0.6788,0.8081,8548,4994
718,fine,162,0.00011,0.6842,0.7941,5559,2359
1406,fine,162,0.00011,0.7707,0.7956,4504,4804
706,fine,162,0.00011,0.749,0.7685,41,2314
588,fine,161,0.00011,0.9676,0.8372,2782,1801
590,fine,161,0.00011,0.8124,0.8278,4147,1799
2236,fine,161,0.00011,0.8571,0.8231,11762,8106
530,fine,161,0.00011,0.8149,0.8221,7107,1601
2555,fine,161,0.00011,0.7803,0.8042,12711,8976
1638,fine,161,0.00011,0.8517,0.8329,3782,5974
2459,fine,161,0.00011,0.6865,0.8616,2734,8721
1144,fine,161,0.00011,0.8177,0.81,3979,3787
675,fine,161,0.00011,0.838,0.8269,4082,2172
1197,fine,160,0.00011,0.9202,0.8128,4396,3963
1924,fine,160,0.00011,0.8895,0.828,9991,6935
1202,fine,159,0.00011,0.7658,0.8811,2706,3976
1153,fine,159,0.00011,0.7436,0.7686,2814,3821
1941,fine,159,0.00011,0.5922,0.9274,2423,7011
992,fine,159,0.00011,0.8963,0.8799,5339,3325
1410,fine,159,0.00011,0.7967,0.8955,8570,4824
2127,fine,159,0.00011,0.6162,0.8246,2593,7681
1371,fine,159,0.00011,0.7758,0.7712,3953,4621
1414,fine,159,0.00011,0.7346,0.7783,5773,4842
660,fine,158,0.00011,0.8466,0.8451,2691,2113
1354,fine,158,0.00011,0.7305,0.8348,6438,4529
2713,fine,158,0.00011,0.6981,0.7734,1201,9441
1875,fine,158,0.00011,0.6368,0.914,8497,6700
2139,fine,158,0.00011,0.7413,0.8921,4718,7723
140,fine,158,0.00011,0.8006,0.8388,8000,366
1064,fine,157,0.00011,0.808,0.9054,7426,3553
2096,fine,157,0.00011,0.9248,0.8343,12317,7594
2819,fine,157,0.00011,0.9052,0.9001,2643,9960
731,fine,157,0.00011,0.5466,0.7819,8390,2442
186,fine,157,0.00011,0.7923,0.8174,5035,524
769,fine,157,0.00011,0.6789,0.9295,7738,2633
389,fine,157,0.00011,0.8284,0.8029,2261,1221
2234,fine,156,0.00011,0.7038,0.8004,3702,8104
2734,fine,156,0.00011,0.9803,0.8547,5564,9503
2164,fine,156,0.00011,0.8963,0.8725,12270,7778
2263,fine,156,0.00011,0.8218,0.8093,11232,8182
2694,fine,156,0.00011,0.8402,0.7868,13370,9384
2140,fine,156,0.00011,0.6566,0.8425,4774,7725
1233,fine,156,0.00011,0.7489,0.7932,12520,4099
1914,fine,156,0.00011,0.7081,0.8043,13633,6867
1267,fine,156,0.00011,0.7741,0.7914,2456,4180
1188,fine,156,0.00011,0.7223,0.9003,10791,3929
1706,fine,155,0.0001,0.6814,0.7809,12120,6269
1619,fine,155,0.0001,0.9491,0.8685,7011,5889
1274,fine,155,0.0001,0.6612,0.9296,3581,4214
2366,fine,155,0.0001,0.7471,0.6587,3117,8508
38,fine,155,0.0001,0.7646,0.8162,4973,83
2182,fine,155,0.0001,0.7555,0.8621,4654,7844
2403,fine,155,0.0001,0.8481,0.7735,10877,8607
1681,fine,155,0.0001,0.9663,0.8612,6992,6165
1664,fine,154,0.0001,0.6314,0.8993,11984,6086
1793,fine,154,0.0001,0.7743,0.8419,3749,6485
2352,fine,154,0.0001,0.7606,0.8075,10517,8466
233,fine,154,0.0001,0.8573,0.8034,4285,686
2378,fine,154,0.0001,0.8539,0.7801,8282,8552
2749,fine,154,0.0001,0.939,0.905,5808,9555
2216,fine,154,0.0001,0.8037,0.7731,1496,8019
941,fine,154,0.0001,0.8876,0.8902,1204,3161
396,fine,153,0.0001,0.8973,0.8222,7974,1229
1640,fine,153,0.0001,0.8028,0.8104,12964,5979
2343,fine,153,0.0001,0.7501,0.7442,4495,8438
2291,fine,153,0.0001,0.7518,0.762,4519,8282
771,fine,153,0.0001,0.9329,0.8633,6162,2645
2764,fine,152,0.0001,0.9,0.9001,5801,9622
1012,fine,152,0.0001,0.9351,0.8429,6946,3399
1003,fine,152,0.0001,0.9272,0.8263,7014,3380
1731,fine,152,0.0001,0.832,0.9126,7988,6339
982,fine,151,0.0001,0.8446,0.8204,7773,3287
668,fine,151,0.0001,0.6868,0.8129,8893,2134
2183,fine,151,0.0001,0.7707,0.8229,5674,7846
2550,fine,151,0.0001,0.7906,0.7907,8618,8964
797,fine,151,0.0001,0.7324,0.8029,9244,2725
806,fine,151,0.0001,0.9644,0.8498,2697,2760
727,fine,151,0.0001,0.6911,0.8727,736,2425
106,fine,151,0.0001,0.6628,0.8142,5615,264
1600,fine,151,0.0001,0.964,0.7504,6802,5773
960,fine,150,0.0001,0.7475,0.7923,3435,3199
2142,fine,150,0.0001,0.6292,0.8052,2521,7731
2564,fine,150,0.0001,0.9771,0.8971,12125,9012
2662,fine,150,0.0001,0.8554,0.8562,13527,9258
429,fine,150,0.0001,0.6833,0.709,13029,1330
2460,fine,150,0.0001,0.896,0.785,6945,8717
1171,fine,150,0.0001,0.7994,0.7532,5586,3865
274,fine,150,0.0001,0.6669,0.7675,9408,843
2204,fine,150,0.0001,0.61,0.8369,7144,7937
2358,fine,150,0.0001,0.9562,0.8145,6010,8493
2433,fine,150,0.0001,0.7478,0.6843,3050,8668
728,fine,149,0.0001,0.706,0.7616,505,2433
1353,fine,149,0.0001,0.8429,0.8053,7499,4524
844,fine,149,0.0001,0.6807,0.7696,1433,2894
477,fine,149,0.0001,0.7856,0.7922,1812,1475
2552,fine,149,0.0001,0.71,0.7543,2223,8970
2136,fine,148,0.0001,0.5816,0.7566,10912,7714
1625,fine,148,0.0001,0.95,0.9173,11298,5911
2618,fine,148,0.0001,0.7914,0.8492,6337,9141
432,fine,148,0.0001,0.8281,0.7925,3868,1331
2374,fine,148,0.0001,0.8347,0.7861,2288,8529
488,fine,148,0.0001,0.9748,0.8176,8907,1499
2678,fine,148,0.0001,0.5587,0.811,4510,9319
880,fine,148,0.0001,0.9403,0.8733,5174,2973
2878,fine,148,0.0001,0.8781,0.8283,9632,10241
1928,fine,147,0.0001,0.6964,0.7785,279,6960
1595,fine,147,0.0001,0.8723,0.7863,13706,5722
1847,fine,147,0.0001,0.9609,0.8084,6628,6619
666,fine,147,0.0001,0.7137,0.8159,3277,2128
2346,fine,147,0.0001,0.9519,0.8854,6023,8447
1783,fine,147,0.0001,0.9817,0.7498,6679,6455
2797,fine,146,0.0001,0.5639,0.9185,2993,9831
307,fine,146,0.0001,0.793,0.8316,5762,962
2524,fine,146,0.0001,0.611,0.775,4718,8885
860,fine,146,0.0001,0.9062,0.8938,2182,2925
198,normal,146,0.0001,0.5185,0.8611,10017,570
689,fine,145,0.0001,0.6579,0.8,3199,2256
1396,fine,145,0.0001,0.7957,0.9048,11587,4765
757,fine,145,0.0001,0.9633,0.8732,2281,2539
648,fine,145,0.0001,0.5637,0.8444,1113,2049
121,fine,145,0.0001,0.8191,0.7148,7231,309
1712,fine,145,0.0001,0.606,0.7934,10108,6282
2484,fine,145,0.0001,0.8207,0.8705,1442,8758
1513,fine,145,0.0001,0.536,0.7608,5600,5293
2773,fine,145,0.0001,0.6395,0.771,1694,9681
45,fine,145,0.0001,0.8004,0.8023,6374,100
548,fine,145,0.0001,0.9806,0.8848,8668,1657
398,fine,145,0.0001,0.8705,0.8432,5423,1230
805,fine,144,0.0001,0.7943,0.9194,7739,2752
239,fine,144,0.0001,0.6719,0.7925,13306,707
1441,fine,144,0.0001,0.7434,0.8064,4271,4951
1156,fine,144,0.0001,0.9224,0.8723,4816,3831
407,fine,144,0.0001,0.8514,0.8089,4859,1263
1175,fine,143,0.0001,0.8425,0.7855,3669,3877
984,fine,143,0.0001,0.7519,0.8276,3488,3298
1126,fine,143,0.0001,0.6366,0.8298,1090,3738
2253,fine,143,0.0001,0.8755,0.8689,11804,8158
2016,fine,143,0.0001,0.8189,0.7735,10375,7325
2434,fine,143,0.0001,0.7558,0.8239,2511,8675
918,fine,143,0.0001,0.7997,0.8197,4083,3082
2196,fine,143,0.0001,0.618,0.8028,2845,7888
2178,fine,143,0.0001,0.8321,0.7787,13564,7829
2157,fine,143,0.0001,0.8369,0.7933,13472,7766
1583,fine,143,0.0001,0.9254,0.8307,6928,5640
2180,fine,142,0.0001,0.6835,0.8041,9100,7842
2657,fine,142,0.0001,0.6939,0.8043,9335,9247
1338,fine,142,0.0001,0.796,0.8941,13406,4451
826,fine,142,0.0001,0.8394,0.7847,257,2848
1537,fine,142,0.0001,0.7996,0.8513,3300,5428
1075,fine,142,0.0001,0.7775,0.8357,7265,3588
2767,fine,141,0.0001,0.8782,0.6498,10754,9635
1691,fine,141,0.0001,0.96,0.8671,7003,6208
1097,fine,141,0.0001,0.7663,0.8182,9440,3641
2944,fine,141,0.0001,0.7841,0.7772,5828,10675
864,fine,141,0.0001,0.8842,0.8154,6155,2930
1389,fine,141,0.0001,0.6421,0.7844,5234,4742
2436,fine,141,0.0001,0.7026,0.7611,3611,8678
1336,fine,140,9e-05,0.7805,0.6473,12591,4450
1580,fine,140,9e-05,0.6838,0.8157,5230,5615
1607,fine,140,9e-05,0.7245,0.7998,11827,5832
462,fine,140,9e-05,0.8893,0.8068,9031,1411
360,fine,140,9e-05,0.8863,0.8313,5483,1128
281,fine,140,9e-05,0.8163,0.8009,2430,847
283,fine,140,9e-05,0.5004,0.8249,12261,849
346,fine,140,9e-05,0.8988,0.8364,8607,1086
690,fine,139,9e-05,0.9133,0.7513,2257,2257
110,fine,139,9e-05,0.8015,0.7635,4839,271
515,fine,139,9e-05,0.7448,0.8642,5002,1547
2454,fine,139,9e-05,0.9141,0.7386,6177,8716
1975,fine,139,9e-05,0.968,0.8612,9879,7166
1518,fine,139,9e-05,0.8546,0.7814,1283,5325
1082,fine,139,9e-05,0.7519,0.7789,5850,3604
2295,fine,138,9e-05,0.8646,0.8789,829,8291
269,fine,138,9e-05,0.7885,0.8545,4999,825
1044,fine,138,9e-05,0.5786,0.7366,12516,3523
803,fine,138,9e-05,0.8538,0.7924,7495,2746
2091,fine,138,9e-05,0.8019,0.7841,12905,7586
2166,fine,138,9e-05,0.8882,0.9098,12184,7784
1845,fine,138,9e-05,0.6702,0.9112,8891,6604
1211,fine,138,9e-05,0.7086,0.8374,5706,4014
2383,fine,137,9e-05,0.9326,0.9049,6113,8571
1039,fine,137,9e-05,0.886,0.8312,9569,3508
2952,fine,137,9e-05,0.695,0.7358,1865,10704
2528,fine,137,9e-05,0.9773,0.8432,12106,8905
2557,fine,137,9e-05,0.9003,0.8632,5962,8984
2269,fine,137,9e-05,0.9771,0.8194,5748,8215
562,fine,136,9e-05,0.9686,0.8562,2822,1717
1704,fine,136,9e-05,0.8106,0.7608,6026,6264
2499,fine,136,9e-05,0.7433,0.8267,3223,8791
2899,fine,136,9e-05,0.8245,0.7437,5880,10387
662,fine,136,9e-05,0.8148,0.7944,5879,2121
1718,fine,136,9e-05,0.9796,0.8113,6455,6304
747,fine,136,9e-05,0.7505,0.9176,256,2505
441,fine,136,9e-05,0.8295,0.8002,4221,1356
1065,fine,136,9e-05,0.9717,0.8886,4916,3559
267,fine,136,9e-05,0.8439,0.8353,7864,823
924,fine,136,9e-05,0.7012,0.8938,9941,3096
1881,fine,135,9e-05,0.9433,0.8821,5155,6725
1506,fine,135,9e-05,0.8173,0.8188,3439,5249
1259,fine,135,9e-05,0.7883,0.7861,12794,4155
1628,fine,135,9e-05,0.9494,0.9059,11287,5925
1957,fine,135,9e-05,0.772,0.7496,8225,7080
2839,fine,135,9e-05,0.7717,0.7616,6508,10070
1083,fine,135,9e-05,0.9743,0.8527,4728,3609
1848,fine,134,9e-05,0.8563,0.8614,3713,6623
714,fine,134,9e-05,0.9692,0.7769,2487,2343
1193,fine,134,9e-05,0.9307,0.8759,6673,3954
2641,fine,134,9e-05,0.7988,0.8892,1031,9196
1319,normal,134,9e-05,0.5019,0.754,9983,4397
2399,fine,134,9e-05,0.9329,0.8627,1849,8605
327,fine,134,9e-05,0.9031,0.7634,4582,1047
2465,fine,134,9e-05,0.7928,0.7461,12309,8729
183,fine,134,9e-05,0.5649,0.8913,12362,514
1394,fine,133,9e-05,0.8577,0.8837,7538,4757
2823,fine,133,9e-05,0.8309,0.8229,13707,9984
1379,fine,133,9e-05,0.6657,0.785,51,4699
2194,fine,133,9e-05,0.6134,0.8109,2747,7881
508,fine,133,9e-05,0.9512,0.8464,7693,1536
197,fine,133,9e-05,0.8174,0.8169,7275,562
601,fine,133,9e-05,0.7573,0.7861,7423,1856
156,fine,133,9e-05,0.7808,0.8707,182,416
2309,fine,133,9e-05,0.7952,0.8398,177,8339
2167,fine,133,9e-05,0.6195,0.799,2827,7786
340,fine,133,9e-05,0.8594,0.7385,7184,1076
843,fine,133,9e-05,0.7039,0.7482,6771,2888
1949,fine,132,9e-05,0.7988,0.8241,5037,7059
2466,fine,132,9e-05,0.8386,0.8436,8296,8730
2084,fine,132,9e-05,0.5719,0.7824,8850,7575
1868,fine,132,9e-05,0.6436,0.9231,8882,6668
2059,fine,132,9e-05,0.9335,0.8814,4821,7496
776,fine,132,9e-05,0.9626,0.9041,2289,2660
484,fine,132,9e-05,0.9565,0.805,7757,1492
376,fine,131,9e-05,0.8772,0.8019,5460,1174
811,fine,131,9e-05,0.923,0.7928,6081,2775
2599,fine,131,9e-05,0.7726,0.788,8432,9109
1034,fine,131,9e-05,0.9027,0.8085,5242,3492
1178,fine,131,9e-05,0.8454,0.795,3482,3884
262,fine,131,9e-05,0.7783,0.8057,5058,803
2649,fine,131,9e-05,0.6527,0.7669,9267,9220
393,fine,131,9e-05,0.6256,0.7978,10001,1224
1864,fine,131,9e-05,0.7856,0.8002,10863,6663
1455,fine,131,9e-05,0.6357,0.7999,4986,5003
702,fine,131,9e-05,0.9451,0.8949,2567,2305
1047,fine,131,9e-05,0.9589,0.8453,5029,3526
2776,fine,130,9e-05,0.5242,0.9022,7839,9706
2490,fine,130,9e-05,0.8294,0.8039,8226,8774
1397,fine,130,9e-05,0.7721,0.7391,3681,4770
1101,fine,130,9e-05,0.8839,0.7605,2085,3659
1772,fine,130,9e-05,0.9785,0.8176,6833,6425
2278,fine,130,9e-05,0.8355,0.8299,945,8243
669,fine,129,9e-05,0.7661,0.7652,10757,2132
453,fine,129,9e-05,0.8834,0.734,9018,1390
1809,fine,129,9e-05,0.8965,0.8086,11248,6514
187,fine,129,9e-05,0.9434,0.858,6158,524
2741,fine,129,9e-05,0.9762,0.8513,5686,9513
145,fine,129,9e-05,0.8012,0.8297,4723,381
1041,fine,129,9e-05,0.9863,0.8387,4741,3512
1132,fine,129,9e-05,0.9479,0.8193,4172,3765
2846,fine,129,9e-05,0.6068,0.7703,7424,10092
2872,fine,129,9e-05,0.8111,0.8875,8278,10218
1527,fine,129,9e-05,0.8266,0.8607,3321,5397
149,fine,129,9e-05,0.7735,0.8588,194,399
1096,fine,128,9e-05,0.9698,0.8793,4587,3639
195,fine,128,9e-05,0.6904,0.9167,10714,561
169,fine,128,9e-05,0.7864,0.8338,8109,468
1870,fine,128,9e-05,0.6754,0.7741,9599,6679
1846,fine,128,9e-05,0.8352,0.7757,450,6615
454,fine,128,9e-05,0.7708,0.804,10404,1392
537,fine,128,9e-05,0.8516,0.8015,2382,1615
1323,fine,128,9e-05,0.5921,0.7603,83,4407
1219,fine,128,9e-05,0.8739,0.7585,7113,4027
2080,fine,128,9e-05,0.6629,0.8099,10859,7560
2060,fine,127,9e-05,0.7504,0.8395,5957,7497
21,fine,127,9e-05,0.5916,0.7671,6570,28
1450,fine,127,9e-05,0.8082,0.774,7695,4994
2959,fine,127,9e-05,0.8422,0.8887,12193,10722
766,fine,127,9e-05,0.685,0.701,13016,2620
1832,fine,127,9e-05,0.8533,0.7819,11414,6584
296,fine,127,9e-05,0.8348,0.8719,2232,917
943,fine,127,9e-05,0.9662,0.9147,7409,3166
2821,fine,126,9e-05,0.9048,0.8669,2663,9967
963,fine,126,9e-05,0.9554,0.8535,7560,3210
445,fine,126,9e-05,0.8348,0.7823,4159,1371
115,fine,126,9e-05,0.7698,0.7814,3466,287
2098,fine,126,9e-05,0.9183,0.9151,4637,7610
1760,fine,126,9e-05,0.8036,0.8649,3044,6402
1658,fine,125,8e-05,0.931,0.6673,7193,6055
135,fine,125,8e-05,0.5816,0.7521,13578,359
1830,fine,125,8e-05,0.8161,0.8388,3754,6567
1511,fine,125,8e-05,0.8422,0.7915,11152,5288
468,fine,124,8e-05,0.8073,0.8002,4612,1427
2112,fine,124,8e-05,0.8002,0.8075,12941,7634
2553,fine,124,8e-05,0.8508,0.7804,10836,8971
1945,fine,124,8e-05,0.9376,0.8802,9954,7032
112,fine,124,8e-05,0.7279,0.7432,2639,277
1017,fine,124,8e-05,0.6946,0.8067,7831,3436
2945,fine,123,8e-05,0.6748,0.8266,8548,10678
2268,fine,123,8e-05,0.6938,0.7762,9533,8213
598,fine,123,8e-05,0.9516,0.8585,2848,1849
2970,fine,123,8e-05,0.9055,0.7767,11849,10766
1048,fine,123,8e-05,0.9865,0.8365,4801,3529
2903,fine,123,8e-05,0.6184,0.738,8683,10425
165,fine,123,8e-05,0.8479,0.8053,7463,461
911,fine,123,8e-05,0.795,0.8255,3401,3057
1608,fine,123,8e-05,0.946,0.8704,6698,5836
1609,fine,123,8e-05,0.9613,0.8226,6772,5840
571,fine,123,8e-05,0.9492,0.8433,8751,1747
148,fine,123,8e-05,0.7819,0.8079,6776,392
2820,fine,122,8e-05,0.9111,0.8846,2606,9967
1498,fine,122,8e-05,0.7003,0.7666,8917,5204
2935,fine,122,8e-05,0.8047,0.7328,10071,10621
2286,fine,122,8e-05,0.8566,0.8641,881,8270
128,fine,122,8e-05,0.6579,0.8657,370,350
2426,fine,122,8e-05,0.9552,0.7614,6030,8654
2565,fine,122,8e-05,0.765,0.7799,1914,9014
205,fine,122,8e-05,0.7052,0.8231,5300,592
667,fine,122,8e-05,0.5144,0.6863,8580,2129
1562,fine,122,8e-05,0.9507,0.8747,13542,5541
519,fine,122,8e-05,0.9488,0.8455,7442,1560
2922,fine,121,8e-05,0.8683,0.7479,9745,10545
1524,fine,121,8e-05,0.8133,0.873,3144,5358
1873,fine,121,8e-05,0.8264,0.784,11412,6696
564,fine,121,8e-05,0.6409,0.9047,10045,1726
970,fine,121,8e-05,0.9136,0.8581,3047,3226
2574,fine,121,8e-05,0.8169,0.8684,6508,9053
1162,fine,121,8e-05,0.7756,0.8925,13496,3840
663,fine,121,8e-05,0.6858,0.8073,10096,2122
2876,fine,120,8e-05,0.8815,0.8689,9883,10233
2685,fine,120,8e-05,0.8567,0.7959,13316,9346
2334,fine,120,8e-05,0.84,0.7698,143,8417
2743,normal,120,8e-05,0.5259,0.8028,4554,9533
2231,fine,120,8e-05,0.7686,0.7055,11114,8100
394,fine,120,8e-05,0.851,0.7564,5343,1223
464,fine,120,8e-05,0.779,0.813,7078,1417
2500,fine,120,8e-05,0.5975,0.7829,5195,8790
973,fine,120,8e-05,0.9711,0.8789,2822,3242
2117,normal,119,8e-05,0.5221,0.7218,135,7648
75,fine,119,8e-05,0.6886,0.7413,5613,167
1125,fine,119,8e-05,0.9179,0.8734,7023,3735
2895,fine,119,8e-05,0.8839,0.9063,9734,10378
765,fine,119,8e-05,0.9625,0.838,2283,2615
1031,fine,118,8e-05,0.9834,0.8791,4640,3481
1986,fine,118,8e-05,0.5824,0.7963,4388,7199
962,fine,118,8e-05,0.9342,0.8792,5142,3204
895,fine,118,8e-05,0.7341,0.8156,5713,3001
940,fine,118,8e-05,0.9426,0.9032,367,3155
1952,fine,118,8e-05,0.5862,0.8173,5835,7069
2261,fine,117,8e-05,0.6737,0.7748,8877,8180
511,fine,117,8e-05,0.7529,0.7923,4848,1544
2813,fine,117,8e-05,0.6139,0.865,5164,9920
709,fine,117,8e-05,0.9102,0.7744,6231,2318
2816,fine,117,8e-05,0.8103,0.7937,9587,9949
2102,fine,117,8e-05,0.8918,0.7861,4678,7612
1990,fine,117,8e-05,0.9338,0.8146,9704,7212
2644,fine,116,8e-05,0.7883,0.6081,12914,9195
2845,fine,116,8e-05,0.8383,0.8921,6169,10089
331,fine,116,8e-05,0.8331,0.7961,2313,1058
894,fine,116,8e-05,0.9608,0.7874,2540,3001
2103,fine,116,8e-05,0.7985,0.7827,13518,7612
1206,fine,116,8e-05,0.5287,0.6452,8707,4002
2616,fine,116,8e-05,0.9321,0.7477,11941,9134
550,fine,116,8e-05,0.9796,0.866,8858,1676
629,fine,116,8e-05,0.7214,0.7809,11254,1929
487,fine,115,8e-05,0.9487,0.7732,7852,1499
1430,fine,115,8e-05,0.5621,0.7672,10034,4895
2086,fine,115,8e-05,0.9287,0.7957,12311,7577
1602,fine,115,8e-05,0.935,0.8543,6985,5808
2603,fine,115,8e-05,0.8574,0.7286,9921,9116
1841,fine,115,8e-05,0.937,0.7367,5064,6601
2292,fine,115,8e-05,0.5583,0.8735,9402,8281
2572,fine,114,8e-05,0.5771,0.7187,4394,9046
1937,fine,114,8e-05,0.7483,0.7244,12366,6990
2257,fine,114,8e-05,0.5653,0.79,12679,8175
1160,fine,114,8e-05,0.8675,0.8032,5170,3836
788,fine,114,8e-05,0.9399,0.8372,6042,2708
2891,fine,114,8e-05,0.6263,0.8494,8149,10349
314,fine,114,8e-05,0.6573,0.8701,13074,999
2146,fine,113,8e-05,0.7531,0.8703,4692,7748
891,fine,113,8e-05,0.8064,0.7766,3402,2999
1598,fine,113,8e-05,0.9482,0.8356,11325,5757
521,fine,113,8e-05,0.9817,0.888,8688,1570
1620,fine,113,8e-05,0.9413,0.7174,7048,5887
237,fine,113,8e-05,0.8007,0.8054,5916,703
1127,fine,113,8e-05,0.9506,0.7934,4624,3742
1554,fine,113,8e-05,0.8692,0.8264,4146,5517
2650,fine,112,8e-05,0.8972,0.7617,11949,9222
761,normal,112,8e-05,0.5608,0.7883,8462,2577
2135,fine,112,8e-05,0.774,0.8568,4704,7710
354,fine,112,8e-05,0.785,0.8141,5776,1103
2941,fine,112,8e-05,0.7778,0.729,11015,10663
987,fine,112,8e-05,0.9128,0.7688,4365,3308
311,fine,112,8e-05,0.8707,0.7781,7734,977
1461,fine,112,8e-05,0.6991,0.7967,8967,5019
2590,fine,112,8e-05,0.9764,0.8965,12072,9086
1758,fine,112,8e-05,0.8981,0.7855,11409,6397
840,fine,111,7e-05,0.6415,0.819,13132,2884
877,fine,111,7e-05,0.7239,0.7767,6816,2955
1713,fine,111,7e-05,0.9801,0.7712,6466,6292
2799,fine,111,7e-05,0.7966,0.8958,8243,9833
455,fine,111,7e-05,0.9186,0.7444,8542,1396
1723,fine,111,7e-05,0.7889,0.8972,7618,6316
476,fine,111,7e-05,0.9055,0.8801,9073,1469
1947,normal,111,7e-05,0.5089,0.7368,4241,7043
2898,fine,111,7e-05,0.719,0.7797,8202,10382
386,fine,111,7e-05,0.7473,0.8042,5808,1195
1751,fine,111,7e-05,0.987,0.8635,6733,6371
2308,fine,110,7e-05,0.5375,0.7214,12766,8331
2211,fine,110,7e-05,0.8655,0.7674,11882,7983
2849,fine,110,7e-05,0.6894,0.6961,8617,10112
1443,fine,110,7e-05,0.6888,0.9015,7344,4960
1366,fine,110,7e-05,0.659,0.7779,3,4590
2344,fine,110,7e-05,0.8821,0.7483,11167,8435
2384,fine,109,7e-05,0.9642,0.7881,5987,8575
2432,fine,109,7e-05,0.9515,0.7079,6044,8665
2416,fine,109,7e-05,0.8895,0.876,7128,8632
1286,fine,109,7e-05,0.7307,0.7482,10618,4267
2955,fine,109,7e-05,0.8652,0.6041,10682,10711
2919,fine,109,7e-05,0.7721,0.7167,12479,10530
785,fine,109,7e-05,0.7928,0.6817,351,2700
1900,fine,109,7e-05,0.86,0.8769,5416,6803
1988,normal,109,7e-05,0.5052,0.7975,2739,7211
2591,fine,108,7e-05,0.804,0.845,6497,9091
2724,fine,108,7e-05,0.6781,0.7013,1205,9466
2556,fine,108,7e-05,0.7859,0.7469,12741,8974
1705,fine,108,7e-05,0.7491,0.8784,9275,6261
420,fine,108,7e-05,0.9454,0.7689,8738,1299
483,fine,108,7e-05,0.9601,0.7694,8940,1490
672,fine,108,7e-05,0.6702,0.7405,2941,2155
587,fine,108,7e-05,0.8152,0.654,7439,1794
2834,fine,108,7e-05,0.866,0.8886,2721,10052
1099,fine,108,7e-05,0.9686,0.7882,4584,3656
768,fine,107,7e-05,0.9863,0.8354,2459,2624
1535,fine,107,7e-05,0.89,0.8814,4050,5425
2651,fine,107,7e-05,0.7725,0.7674,11640,9222
929,fine,107,7e-05,0.6696,0.9025,11126,3110
1759,fine,107,7e-05,0.9892,0.7931,6592,6402
2832,fine,107,7e-05,0.8812,0.8572,2731,10038
942,fine,107,7e-05,0.9747,0.6837,2836,3159
1015,fine,107,7e-05,0.668,0.7495,7888,3423
2073,fine,107,7e-05,0.7982,0.7941,9992,7536
334,fine,107,7e-05,0.8337,0.8761,4837,1063
2794,fine,107,7e-05,0.7197,0.7707,12609,9805
632,fine,106,7e-05,0.8648,0.7352,3995,1977
2896,fine,106,7e-05,0.815,0.7417,10581,10378
855,fine,106,7e-05,0.738,0.8577,3788,2912
2055,fine,106,7e-05,0.6719,0.7067,15,7485
1842,fine,106,7e-05,0.848,0.7881,3699,6604
2723,fine,106,7e-05,0.933,0.8913,5794,9458
1813,fine,106,7e-05,0.8441,0.7706,3472,6524
465,fine,106,7e-05,0.7483,0.8431,10749,1420
1820,fine,106,7e-05,0.8308,0.8085,3629,6550
1385,fine,105,7e-05,0.7086,0.757,6695,4711
2780,fine,105,7e-05,0.9262,0.8704,5553,9711
1347,fine,105,7e-05,0.791,0.7672,4311,4490
723,fine,105,7e-05,0.7068,0.8098,752,2407
1742,fine,105,7e-05,0.9906,0.8531,6626,6354
1770,fine,105,7e-05,0.7927,0.7585,12920,6420
897,fine,105,7e-05,0.8338,0.7613,3475,3006
828,fine,105,7e-05,0.7799,0.7981,3625,2851
2744,fine,105,7e-05,0.5818,0.8849,7789,9534
1464,fine,105,7e-05,0.95,0.8633,12511,5034
2491,fine,105,7e-05,0.8396,0.833,7113,8777
1071,fine,105,7e-05,0.635,0.7665,9969,3579
1305,fine,104,7e-05,0.7465,0.7743,4097,4370
152,fine,104,7e-05,0.7281,0.7264,257,402
2920,fine,104,7e-05,0.8439,0.7279,10660,10534
926,fine,104,7e-05,0.7742,0.86,12395,3099
909,fine,104,7e-05,0.934,0.7879,1199,3050
1960,normal,104,7e-05,0.5206,0.9007,3045,7091
831,fine,104,7e-05,0.9009,0.8505,6088,2855
1207,fine,104,7e-05,0.815,0.766,1854,3999
358,fine,104,7e-05,0.8656,0.7501,7214,1119
2867,fine,104,7e-05,0.8997,0.7196,8435,10190
1238,fine,104,7e-05,0.7499,0.7587,3259,4106
399,fine,103,7e-05,0.8572,0.7749,5361,1230
2668,fine,103,7e-05,0.6637,0.7557,8551,9277
2617,fine,103,7e-05,0.7907,0.8607,6487,9144
2401,fine,103,7e-05,0.7065,0.8518,3502,8604
2468,fine,103,7e-05,0.7715,0.9076,8771,8727
1503,fine,103,7e-05,0.7011,0.8792,813,5230
2475,fine,103,7e-05,0.9466,0.8461,6407,8741
157,fine,103,7e-05,0.9483,0.791,6235,437
1185,fine,103,7e-05,0.858,0.7452,4911,3917
1642,fine,103,7e-05,0.9645,0.6284,7066,5987
2966,fine,103,7e-05,0.711,0.841,7487,10758
2588,fine,103,7e-05,0.875,0.7624,13067,9081
1532,fine,103,7e-05,0.8782,0.8556,4076,5413
610,fine,103,7e-05,0.7507,0.7351,10415,1889
2738,fine,103,7e-05,0.9417,0.8616,5789,9503
2661,fine,103,7e-05,0.7801,0.7247,779,9256
1056,fine,103,7e-05,0.7118,0.7231,11738,3532
2637,fine,103,7e-05,0.7435,0.7684,11532,9182
1632,fine,103,7e-05,0.9719,0.7956,6797,5940
1773,fine,102,7e-05,0.7125,0.7282,12777,6427
109,normal,102,7e-05,0.5342,0.8049,9707,266
2240,fine,102,7e-05,0.7644,0.7568,4582,8122
1994,fine,102,7e-05,0.8258,0.683,12187,7225
2207,fine,102,7e-05,0.8349,0.6787,13430,7949
1020,fine,102,7e-05,0.9299,0.8438,7089,3450
1828,fine,102,7e-05,0.7933,0.8043,12351,6560
1275,fine,102,7e-05,0.651,0.7656,3550,4212
256,fine,101,7e-05,0.6404,0.7325,12818,786
1192,fine,101,7e-05,0.7474,0.8612,5653,3945
1348,fine,101,7e-05,0.7447,0.8889,6565,4495
964,fine,101,7e-05,0.9313,0.7752,7628,3207
25,fine,101,7e-05,0.8313,0.7188,8108,31
2032,fine,101,7e-05,0.7294,0.8979,2,7383
457,fine,100,7e-05,0.9608,0.8749,7625,1397
1069,fine,100,7e-05,0.5449,0.7426,6243,3566
2664,fine,100,7e-05,0.7047,0.6382,4743,9265
536,fine,100,7e-05,0.7216,0.7522,12711,1611
813,fine,100,7e-05,0.6531,0.8528,10010,2792
686,fine,100,7e-05,0.9471,0.8145,2325,2238
619,fine,99,7e-05,0.6454,0.9122,1300,1907
1880,fine,99,7e-05,0.86,0.8328,3638,6724
1576,fine,99,7e-05,0.8917,0.6966,13184,5598
2727,fine,99,7e-05,0.9121,0.8202,5831,9474
159,fine,99,7e-05,0.8214,0.7458,7330,439
322,fine,99,7e-05,0.5872,0.7191,11444,1026
357,fine,98,7e-05,0.797,0.8057,5291,1118
2058,fine,98,7e-05,0.7899,0.7383,13432,7492
1585,fine,98,7e-05,0.8884,0.7763,11378,5646
1599,fine,98,7e-05,0.9581,0.7279,6780,5768
2400,fine,97,7e-05,0.9173,0.8845,1920,8603
2763,fine,97,7e-05,0.6565,0.702,1400,9616
492,fine,97,7e-05,0.9876,0.8272,8879,1505
2571,fine,97,7e-05,0.9363,0.8586,12479,9042
1298,fine,97,7e-05,0.8504,0.7175,5228,4342
2254,fine,97,7e-05,0.8698,0.7472,910,8160
2652,fine,96,6e-05,0.9271,0.8693,12322,9226
125,fine,96,6e-05,0.8088,0.6713,4329,332
1418,fine,96,6e-05,0.7653,0.7588,8480,4860
2493,fine,96,6e-05,0.89,0.7121,1677,8783
2312,fine,96,6e-05,0.7815,0.7482,231,8346
2143,fine,96,6e-05,0.8953,0.8307,12178,7729
