segment_id,class,area_px,area_pct,confidence,conf_sulfide,cx,cy
725,fine,134722,0.10651,0.7265,0.9771,1295,2011
2967,fine,106493,0.08419,0.5726,0.9788,11558,8210
2682,normal,103263,0.08164,0.5401,0.9782,888,7673
1191,fine,82662,0.06535,0.8325,0.9672,11568,3196
3138,fine,45342,0.03585,0.688,0.9689,143,8513
1740,fine,43707,0.03455,0.8119,0.9669,12823,4672
877,fine,40603,0.0321,0.796,0.9701,6171,2376
2224,fine,38474,0.03042,0.7232,0.9651,3370,6362
2718,fine,38220,0.03022,0.7651,0.9655,11099,7597
2978,fine,38147,0.03016,0.8491,0.9672,12928,8168
1952,fine,32464,0.02567,0.8715,0.9497,12570,5458
3023,fine,29881,0.02362,0.7005,0.9773,1865,8280
3110,fine,29135,0.02303,0.8246,0.9644,984,8455
1913,fine,27531,0.02177,0.7371,0.9754,11112,5208
2228,fine,26415,0.02088,0.769,0.9686,4116,6365
1647,fine,24800,0.01961,0.7608,0.9744,7919,4357
1417,fine,24183,0.01912,0.8519,0.9704,677,3709
3551,fine,22625,0.01789,0.9122,0.9563,4357,9422
1235,fine,22153,0.01751,0.9368,0.953,10071,3245
2386,fine,21376,0.0169,0.7873,0.9658,12977,6704
3156,fine,21041,0.01663,0.7622,0.9621,10999,8526
2181,fine,19439,0.01537,0.9104,0.9635,13199,6168
3392,fine,19313,0.01527,0.7357,0.9674,1439,9040
2497,fine,18694,0.01478,0.9419,0.9636,12362,7050
3537,fine,17246,0.01363,0.8814,0.9612,4142,9406
252,fine,16577,0.01311,0.9129,0.9627,922,647
1153,fine,16567,0.0131,0.84,0.9563,2037,3019
3534,fine,16559,0.01309,0.8919,0.9643,3969,9348
1893,fine,16195,0.0128,0.9236,0.9603,2791,5157
1058,fine,15405,0.01218,0.8287,0.9679,11468,2840
1045,fine,14728,0.01164,0.9057,0.9641,13178,2753
2184,fine,14245,0.01126,0.7604,0.9668,3768,6126
640,fine,14080,0.01113,0.919,0.9598,9354,1720
1208,fine,13973,0.01105,0.9016,0.9763,9781,3133
1065,fine,13517,0.01069,0.9514,0.9661,9886,2893
1353,fine,13471,0.01065,0.7367,0.9551,6397,3561
1291,fine,11849,0.00937,0.7633,0.954,9622,3351
3599,fine,11398,0.00901,0.9056,0.9632,667,9419
552,fine,11375,0.00899,0.8063,0.9655,12450,1424
1877,fine,11268,0.00891,0.9067,0.9526,2339,4980
2202,fine,11191,0.00885,0.9203,0.9643,178,6214
2596,fine,10742,0.00849,0.911,0.9592,4628,7267
955,fine,10551,0.00834,0.9337,0.9622,11003,2497
561,fine,10538,0.00833,0.8572,0.9611,11891,1458
1005,fine,9862,0.0078,0.9073,0.9502,12358,2706
1608,fine,9836,0.00778,0.8979,0.958,12739,4185
1920,fine,9476,0.00749,0.9533,0.9582,2603,5185
1872,fine,9431,0.00746,0.853,0.9662,11473,4947
2972,fine,8801,0.00696,0.8168,0.9482,6448,8147
1894,fine,8663,0.00685,0.9568,0.9702,2627,5074
1476,fine,8195,0.00648,0.8856,0.9597,8189,3823
2834,fine,7654,0.00605,0.9298,0.9564,2430,7810
804,fine,7647,0.00605,0.8731,0.9579,3366,2056
691,fine,7518,0.00594,0.9328,0.9651,9463,1795
2221,fine,7375,0.00583,0.8789,0.9648,271,6272
2390,fine,7142,0.00565,0.9439,0.9644,3750,6673
1656,fine,7007,0.00554,0.9079,0.9545,2935,4315
753,fine,6761,0.00535,0.8601,0.944,6707,1890
368,fine,6753,0.00534,0.9492,0.9618,10416,912
358,fine,6661,0.00527,0.8164,0.9339,2458,859
162,fine,6621,0.00523,0.9712,0.9452,2532,401
77,fine,6529,0.00516,0.9702,0.9587,2487,212
958,fine,6316,0.00499,0.8665,0.9614,5938,2479
1014,fine,6056,0.00479,0.922,0.9685,13303,2691
3075,fine,5850,0.00462,0.8355,0.9558,1048,8315
859,fine,5822,0.0046,0.9167,0.925,4567,2256
374,fine,5741,0.00454,0.8334,0.952,3604,914
2319,fine,5736,0.00453,0.7419,0.9631,4139,6515
2856,fine,5643,0.00446,0.932,0.9619,2302,7828
796,fine,5541,0.00438,0.8302,0.937,3979,2031
3449,fine,5398,0.00427,0.8867,0.941,8947,9121
737,fine,5277,0.00417,0.8653,0.9436,4958,1851
2064,fine,5187,0.0041,0.7949,0.9493,13036,5665
1692,fine,5053,0.00399,0.9524,0.9574,11761,4410
2216,fine,4651,0.00368,0.8834,0.9517,12435,6228
2910,fine,4620,0.00365,0.6309,0.9618,863,7941
2288,fine,4592,0.00363,0.9744,0.9733,11073,6473
1631,fine,4563,0.00361,0.7976,0.9481,7764,4219
2077,fine,4553,0.0036,0.9448,0.9457,11712,5739
2084,fine,4489,0.00355,0.9208,0.958,4321,5744
3508,fine,4451,0.00352,0.9099,0.9516,3984,9265
3055,fine,4322,0.00342,0.9515,0.9629,8555,8269
98,fine,4219,0.00334,0.8825,0.9548,1380,240
213,fine,4202,0.00332,0.96,0.95,2586,524
1745,fine,4139,0.00327,0.9061,0.9559,10800,4543
250,fine,4070,0.00322,0.9356,0.9658,2584,613
1760,fine,3881,0.00307,0.9027,0.9508,12437,4611
2960,fine,3869,0.00306,0.8648,0.941,1328,8043
3147,fine,3837,0.00303,0.8281,0.9527,1250,8432
275,fine,3832,0.00303,0.9354,0.9598,8204,662
346,fine,3784,0.00299,0.8397,0.9318,6465,819
2839,fine,3744,0.00296,0.9363,0.9634,5413,7800
2773,fine,3718,0.00294,0.9673,0.9443,5351,7680
1733,fine,3708,0.00293,0.9345,0.9489,4561,4512
1739,fine,3681,0.00291,0.8996,0.9463,10313,4527
462,fine,3669,0.0029,0.8889,0.9293,6113,1184
2996,fine,3651,0.00289,0.8129,0.9331,9681,8124
1012,fine,3636,0.00287,0.7814,0.9488,1717,2664
491,fine,3625,0.00287,0.8735,0.9563,12891,1275
2543,fine,3617,0.00286,0.9373,0.923,1082,7122
2669,fine,3566,0.00282,0.7755,0.9418,11289,7414
530,fine,3487,0.00276,0.9295,0.9538,8224,1359
228,fine,3336,0.00264,0.9521,0.9574,2652,563
2708,fine,3233,0.00256,0.9333,0.9602,220,7520
1815,fine,3067,0.00242,0.9391,0.9458,2094,4741
296,fine,3024,0.00239,0.9339,0.938,605,685
2217,fine,2950,0.00233,0.9226,0.9368,7508,6217
1571,fine,2864,0.00226,0.8979,0.8861,3307,4062
1536,fine,2826,0.00223,0.8989,0.8895,3190,3992
2726,fine,2809,0.00222,0.9417,0.9399,3839,7564
2532,fine,2805,0.00222,0.9575,0.9305,11088,7095
2816,fine,2797,0.00221,0.9644,0.9564,5150,7781
362,fine,2787,0.0022,0.8957,0.9478,3006,856
1031,fine,2772,0.00219,0.9202,0.9221,5200,2708
1718,fine,2761,0.00218,0.9334,0.9407,11826,4496
2066,fine,2727,0.00216,0.9411,0.9097,1175,5660
1289,fine,2693,0.00213,0.8936,0.9166,1324,3310
2591,fine,2624,0.00207,0.905,0.9495,2458,7248
3575,fine,2616,0.00207,0.8389,0.9322,10127,9374
2523,fine,2613,0.00207,0.9138,0.9338,1163,7057
1300,fine,2608,0.00206,0.8959,0.9494,599,3351
2424,fine,2587,0.00205,0.8116,0.9253,4956,6732
3362,fine,2582,0.00204,0.9088,0.9304,11174,8947
2779,fine,2559,0.00202,0.9345,0.9342,12245,7693
52,fine,2537,0.00201,0.9744,0.9449,13107,139
1564,fine,2504,0.00198,0.9537,0.961,4969,4030
3240,fine,2501,0.00198,0.979,0.9686,8204,8619
1247,fine,2487,0.00197,0.8319,0.9393,11743,3194
2634,fine,2474,0.00196,0.8894,0.9204,2492,7347
127,fine,2471,0.00195,0.9101,0.948,1084,295
111,fine,2471,0.00195,0.9705,0.9602,2566,261
2380,fine,2462,0.00195,0.8081,0.9439,558,6622
3165,fine,2440,0.00193,0.9216,0.9504,10686,8457
2329,fine,2438,0.00193,0.9553,0.9697,8836,6526
3644,fine,2361,0.00187,0.8277,0.9387,6524,9471
390,fine,2360,0.00187,0.892,0.9335,2799,991
1163,fine,2347,0.00186,0.9423,0.9527,9781,3003
2186,fine,2338,0.00185,0.8735,0.9488,285,6117
1705,fine,2331,0.00184,0.9552,0.9655,78,4432
2586,fine,2322,0.00184,0.9405,0.9341,12160,7223
1143,fine,2310,0.00183,0.932,0.9364,13285,2956
1591,fine,2308,0.00182,0.9211,0.9518,1975,4109
2825,fine,2281,0.0018,0.9418,0.9516,4127,7777
978,fine,2271,0.0018,0.7623,0.9308,3544,2535
1931,fine,2265,0.00179,0.9528,0.9469,11908,5180
2481,fine,2259,0.00179,0.9157,0.9359,12400,6909
2812,fine,2256,0.00178,0.9314,0.9565,64,7766
1452,fine,2249,0.00178,0.9081,0.9518,6880,3751
1500,fine,2246,0.00178,0.9393,0.9223,1750,3893
1526,fine,2243,0.00177,0.9325,0.9325,10238,3949
1128,fine,2235,0.00177,0.9561,0.9561,7909,2912
2703,fine,2222,0.00176,0.9147,0.9398,6606,7485
3114,fine,2199,0.00174,0.9244,0.9397,3918,8354
2602,fine,2184,0.00173,0.8193,0.9371,11285,7256
1515,fine,2183,0.00173,0.9572,0.9436,1338,3954
170,fine,2158,0.00171,0.9503,0.9532,5077,401
112,fine,2147,0.0017,0.8666,0.9578,6120,264
3188,fine,2145,0.0017,0.9802,0.92,8383,8521
967,fine,2137,0.00169,0.9156,0.9502,9884,2499
3607,fine,2123,0.00168,0.9673,0.9513,13240,9424
3476,fine,2120,0.00168,0.9547,0.9595,13309,9200
2768,fine,2106,0.00166,0.8196,0.8712,6129,7653
2174,fine,2081,0.00165,0.9105,0.9488,6855,6092
2780,fine,2062,0.00163,0.8947,0.9365,12524,7688
2911,fine,2062,0.00163,0.8805,0.9384,8323,7933
2223,fine,2061,0.00163,0.7948,0.9683,10500,6252
1752,fine,2044,0.00162,0.8977,0.959,12619,4549
1969,fine,2028,0.0016,0.8822,0.9454,12707,5317
2986,fine,1999,0.00158,0.8881,0.9213,9414,8087
1790,fine,1994,0.00158,0.8727,0.8905,1717,4702
2182,fine,1988,0.00157,0.9553,0.9326,8532,6105
1609,fine,1969,0.00156,0.9593,0.9072,10453,4176
3352,fine,1940,0.00153,0.9741,0.9556,8053,8895
742,fine,1920,0.00152,0.9197,0.9398,3351,1848
2156,fine,1915,0.00151,0.9445,0.9554,6571,6004
3441,fine,1910,0.00151,0.9395,0.9442,8711,9113
663,fine,1908,0.00151,0.9633,0.9366,10659,1693
1133,fine,1898,0.0015,0.9116,0.8662,5814,2954
1214,fine,1887,0.00149,0.8929,0.9376,1467,3074
1453,fine,1884,0.00149,0.9488,0.9474,8568,3760
2776,fine,1884,0.00149,0.9096,0.964,1769,7673
2192,fine,1849,0.00146,0.9209,0.9201,6520,6117
3546,fine,1840,0.00145,0.8565,0.8929,6199,9324
3457,fine,1832,0.00145,0.9638,0.9274,4465,9131
1597,fine,1815,0.00143,0.9559,0.9135,4939,4130
2564,fine,1809,0.00143,0.9039,0.9177,1091,7165
985,fine,1805,0.00143,0.772,0.9183,818,2551
2352,fine,1796,0.00142,0.9239,0.914,11946,6565
3322,fine,1795,0.00142,0.9131,0.9397,12125,8811
1251,fine,1786,0.00141,0.9238,0.9251,2971,3205
116,fine,1786,0.00141,0.9479,0.9711,4814,264
1686,fine,1774,0.0014,0.9129,0.9451,8465,4380
3216,fine,1751,0.00138,0.9408,0.9659,3993,8564
2040,fine,1749,0.00138,0.9479,0.9485,11885,5582
3443,fine,1743,0.00138,0.9393,0.9362,4733,9097
2772,fine,1740,0.00138,0.9653,0.9453,4826,7675
635,fine,1736,0.00137,0.8703,0.9097,6151,1612
1697,fine,1735,0.00137,0.9575,0.969,20,4407
973,fine,1730,0.00137,0.9321,0.9523,12651,2529
1483,fine,1724,0.00136,0.9642,0.9305,1398,3827
1305,fine,1713,0.00135,0.8169,0.9592,62,3352
2747,fine,1713,0.00135,0.9669,0.9477,4873,7624
1805,fine,1712,0.00135,0.8968,0.9676,13110,4707
2070,fine,1711,0.00135,0.9413,0.9269,11805,5670
3031,fine,1706,0.00135,0.8339,0.931,1099,8192
3646,fine,1706,0.00135,0.8704,0.9396,772,9472
1869,fine,1702,0.00135,0.9485,0.9546,5205,4896
1527,fine,1678,0.00133,0.9541,0.9465,1367,3959
505,fine,1674,0.00132,0.9476,0.944,6851,1272
2582,fine,1671,0.00132,0.8201,0.9364,1904,7203
1835,fine,1667,0.00132,0.9137,0.9254,1845,4820
1016,fine,1663,0.00131,0.8227,0.9303,6026,2662
2134,fine,1658,0.00131,0.9119,0.9585,4342,5941
1898,fine,1651,0.00131,0.8212,0.8959,10291,5071
688,fine,1647,0.0013,0.8739,0.9518,2906,1751
2697,fine,1645,0.0013,0.9568,0.943,4646,7458
1210,fine,1642,0.0013,0.85,0.9296,9461,3063
2359,fine,1619,0.00128,0.9709,0.8892,10089,6579
2148,fine,1616,0.00128,0.9144,0.9459,1420,6002
3572,fine,1614,0.00128,0.9648,0.9483,13225,9345
2362,fine,1609,0.00127,0.9637,0.9124,11201,6596
222,fine,1609,0.00127,0.8679,0.9374,2142,531
3331,fine,1599,0.00126,0.8863,0.9341,12401,8835
1699,fine,1592,0.00126,0.9473,0.9469,4449,4411
882,fine,1589,0.00126,0.9113,0.9104,2241,2293
2155,fine,1571,0.00124,0.9111,0.9582,3120,6008
1443,fine,1569,0.00124,0.971,0.9203,1342,3729
3288,fine,1553,0.00123,0.7667,0.8766,6173,8734
2220,fine,1547,0.00122,0.9352,0.9406,12588,6235
1677,fine,1545,0.00122,0.8804,0.9024,2021,4356
1671,fine,1539,0.00122,0.8308,0.9063,3408,4339
2349,fine,1535,0.00121,0.918,0.9693,3833,6556
890,fine,1526,0.00121,0.9224,0.9401,5457,2297
2059,fine,1520,0.0012,0.8981,0.9266,2543,5627
1865,fine,1516,0.0012,0.8904,0.9173,12286,4874
2569,fine,1504,0.00119,0.8884,0.9591,2509,7180
3315,fine,1503,0.00119,0.9743,0.9533,8132,8794
1779,fine,1502,0.00119,0.9432,0.95,2156,4627
1052,fine,1493,0.00118,0.9472,0.9162,7420,2745
1951,fine,1485,0.00117,0.9597,0.9251,11728,5262
3317,fine,1476,0.00117,0.9064,0.9435,3714,8812
3072,fine,1472,0.00116,0.8097,0.928,1157,8266
124,fine,1467,0.00116,0.9311,0.9272,3022,292
823,fine,1459,0.00115,0.9024,0.9207,5407,2092
667,fine,1458,0.00115,0.9644,0.9496,3256,1699
314,fine,1451,0.00115,0.9296,0.9376,10094,705
1502,fine,1443,0.00114,0.8801,0.9254,8065,3872
2854,fine,1439,0.00114,0.9054,0.9087,8769,7810
863,fine,1438,0.00114,0.9322,0.9475,8970,2220
3312,fine,1436,0.00114,0.9172,0.9506,6816,8787
91,fine,1435,0.00113,0.9503,0.9021,5518,199
2475,fine,1431,0.00113,0.9325,0.9264,9099,6863
885,fine,1431,0.00113,0.8827,0.9151,2394,2282
2931,fine,1429,0.00113,0.9095,0.9388,12508,7983
1905,fine,1424,0.00113,0.9507,0.9492,8256,5072
1511,fine,1418,0.00112,0.9576,0.9424,10631,3899
2789,fine,1416,0.00112,0.8828,0.859,10402,7751
1641,fine,1414,0.00112,0.9095,0.931,395,4249
3308,fine,1413,0.00112,0.9018,0.9299,12192,8766
3150,fine,1413,0.00112,0.9797,0.9141,8420,8425
2264,fine,1413,0.00112,0.9223,0.9534,4800,6395
136,fine,1411,0.00112,0.9367,0.877,5388,336
2658,fine,1406,0.00111,0.922,0.92,160,7388
1367,fine,1405,0.00111,0.9438,0.9214,4229,3539
3119,fine,1402,0.00111,0.9761,0.9358,8423,8368
2364,fine,1400,0.00111,0.9339,0.9629,3784,6577
1966,fine,1392,0.0011,0.8917,0.9562,9810,5319
2131,fine,1391,0.0011,0.8977,0.9659,3155,5914
568,fine,1380,0.00109,0.9313,0.9242,8242,1452
1270,fine,1379,0.00109,0.9174,0.9414,7854,3240
2327,fine,1376,0.00109,0.9476,0.9267,9038,6519
1036,fine,1374,0.00109,0.8663,0.9071,3124,2708
2414,fine,1364,0.00108,0.6765,0.9251,2297,6694
1209,fine,1363,0.00108,0.9612,0.9284,7859,3069
2369,fine,1361,0.00108,0.9393,0.9103,11858,6587
1881,fine,1361,0.00108,0.9461,0.9098,650,4951
1938,fine,1343,0.00106,0.9414,0.9402,2659,5221
2218,fine,1340,0.00106,0.9414,0.9271,12733,6216
2038,fine,1339,0.00106,0.9524,0.9355,11830,5562
1132,fine,1336,0.00106,0.903,0.9554,1419,2907
1756,fine,1331,0.00105,0.8833,0.9325,12678,4586
2535,fine,1328,0.00105,0.9337,0.9068,9040,7085
1579,fine,1324,0.00105,0.8667,0.9345,2545,4067
1157,fine,1321,0.00104,0.9363,0.9496,9727,2968
555,fine,1319,0.00104,0.9011,0.9089,6615,1392
2762,fine,1316,0.00104,0.9652,0.9264,4786,7659
3378,fine,1313,0.00104,0.8038,0.8998,2382,8941
790,fine,1313,0.00104,0.9344,0.9378,9603,1966
1232,fine,1311,0.00104,0.9535,0.9394,7814,3117
2621,fine,1306,0.00103,0.9304,0.9499,7612,7292
2306,fine,1302,0.00103,0.9732,0.9528,11013,6476
1748,fine,1297,0.00103,0.9159,0.9567,5709,4533
2255,fine,1281,0.00101,0.8297,0.9194,5221,6352
353,fine,1267,0.001,0.9411,0.9461,8406,827
2210,fine,1265,0.001,0.9508,0.9231,8578,6192
2528,fine,1264,0.001,0.9406,0.9421,7315,7076
286,fine,1264,0.001,0.9382,0.9268,5585,653
1379,fine,1260,0.001,0.939,0.9544,10625,3561
1491,fine,1259,0.001,0.8658,0.923,751,3839
641,fine,1259,0.001,0.902,0.9205,5132,1626
3230,fine,1255,0.00099,0.9025,0.9193,10711,8586
2859,fine,1255,0.00099,0.6697,0.916,584,7814
1410,fine,1253,0.00099,0.9093,0.9305,2237,3645
38,fine,1249,0.00099,0.9599,0.9505,2534,89
2752,fine,1241,0.00098,0.9421,0.929,4133,7619
3637,fine,1237,0.00098,0.7704,0.909,5721,9459
359,fine,1237,0.00098,0.9143,0.858,2897,843
3413,fine,1236,0.00098,0.9514,0.9353,4135,9022
738,fine,1235,0.00098,0.884,0.9261,3460,1828
884,fine,1231,0.00097,0.9726,0.927,11176,2284
2257,fine,1217,0.00096,0.9405,0.947,9051,6351
2817,fine,1217,0.00096,0.8995,0.9404,8564,7755
2438,fine,1214,0.00096,0.9011,0.9484,5735,6768
1226,fine,1212,0.00096,0.9288,0.9173,1042,3106
3246,fine,1206,0.00095,0.8976,0.8832,10182,8618
258,fine,1206,0.00095,0.8937,0.9253,3124,604
984,fine,1203,0.00095,0.8654,0.935,4133,2545
2000,fine,1202,0.00095,0.9164,0.9439,5498,5412
3264,fine,1202,0.00095,0.7806,0.9363,5298,8672
2011,fine,1200,0.00095,0.9157,0.9283,2338,5440
1556,fine,1199,0.00095,0.9149,0.8851,628,4007
345,fine,1197,0.00095,0.8858,0.9317,2669,793
1768,fine,1194,0.00094,0.9492,0.963,13200,4611
237,fine,1193,0.00094,0.8436,0.8964,1241,595
2707,fine,1193,0.00094,0.9368,0.9604,12888,7479
1135,fine,1188,0.00094,0.9051,0.9184,535,2923
2248,fine,1186,0.00094,0.9258,0.9467,5006,6335
1008,fine,1184,0.00094,0.9302,0.9092,5613,2641
2315,fine,1179,0.00093,0.9583,0.9311,11224,6495
2047,fine,1179,0.00093,0.9111,0.941,9372,5594
3262,fine,1172,0.00093,0.8293,0.9504,327,8670
3552,fine,1172,0.00093,0.9017,0.942,10770,9321
834,fine,1170,0.00092,0.9215,0.9364,1851,2103
1349,fine,1166,0.00092,0.9441,0.9436,10254,3478
3583,fine,1166,0.00092,0.9407,0.909,12968,9354
1581,fine,1166,0.00092,0.9472,0.9547,5000,4079
1777,fine,1165,0.00092,0.8703,0.9323,8911,4619
575,fine,1165,0.00092,0.8274,0.936,1373,1468
1766,fine,1163,0.00092,0.867,0.9242,12242,4610
788,fine,1159,0.00092,0.8312,0.9013,5982,1979
2769,fine,1151,0.00091,0.8906,0.9477,7395,7655
814,fine,1148,0.00091,0.9245,0.9283,10356,2063
189,fine,1147,0.00091,0.9222,0.9146,4115,463
921,fine,1146,0.00091,0.9066,0.954,3726,2356
2298,fine,1146,0.00091,0.9465,0.928,5970,6450
1026,fine,1141,0.0009,0.8919,0.9058,1504,2666
3418,fine,1135,0.0009,0.9368,0.9225,8043,9020
2160,fine,1133,0.0009,0.9242,0.9429,3071,6026
2323,fine,1131,0.00089,0.9075,0.9241,7201,6505
1573,fine,1131,0.00089,0.961,0.9171,10355,4056
2808,fine,1128,0.00089,0.8708,0.9304,12920,7736
2063,fine,1127,0.00089,0.8951,0.9374,2654,5640
437,fine,1127,0.00089,0.9563,0.895,6819,1112
849,fine,1122,0.00089,0.9104,0.8606,5540,2182
1723,fine,1121,0.00089,0.9137,0.8945,341,4479
1955,fine,1115,0.00088,0.9227,0.9367,12523,5263
1613,fine,1115,0.00088,0.8821,0.9539,9695,4170
1281,fine,1113,0.00088,0.8716,0.9425,973,3265
1046,fine,1111,0.00088,0.9239,0.9293,11792,2728
486,fine,1106,0.00087,0.9296,0.8503,7945,1231
527,fine,1106,0.00087,0.9331,0.9048,7844,1326
2847,fine,1104,0.00087,0.9325,0.9241,3605,7796
924,fine,1104,0.00087,0.9316,0.9532,12132,2349
1404,fine,1102,0.00087,0.9127,0.9118,12428,3640
1769,fine,1102,0.00087,0.885,0.9649,8314,4621
1724,fine,1101,0.00087,0.8794,0.9206,1674,4495
2250,fine,1098,0.00087,0.9575,0.9251,7313,6336
1030,fine,1094,0.00086,0.9458,0.9473,7641,2679
1624,fine,1094,0.00086,0.9393,0.9482,11954,4180
360,fine,1090,0.00086,0.8961,0.9238,5857,849
2117,fine,1087,0.00086,0.9086,0.9173,10315,5859
1413,fine,1086,0.00086,0.953,0.9336,10304,3660
3631,fine,1085,0.00086,0.8627,0.8557,6105,9448
1268,fine,1080,0.00085,0.8804,0.9,10500,3242
3129,fine,1080,0.00085,0.9715,0.9413,8492,8383
3201,fine,1078,0.00085,0.9432,0.9407,3514,8526
3540,fine,1077,0.00085,0.8568,0.8737,888,9295
2809,fine,1074,0.00085,0.9657,0.9375,5188,7755
103,fine,1072,0.00085,0.9719,0.9218,13066,228
2159,fine,1071,0.00085,0.9287,0.9442,6774,6005
990,fine,1069,0.00085,0.9732,0.93,7549,2565
2212,fine,1068,0.00084,0.9523,0.9431,7386,6196
3278,fine,1068,0.00084,0.9327,0.943,4036,8715
266,fine,1058,0.00084,0.9479,0.9166,11829,616
2858,fine,1057,0.00084,0.9133,0.9377,42,7814
3558,fine,1057,0.00084,0.8487,0.8758,9968,9331
30,fine,1054,0.00083,0.9443,0.9223,7403,75
3494,fine,1053,0.00083,0.9357,0.9292,4918,9236
1844,fine,1044,0.00083,0.956,0.936,4996,4814
3326,fine,1043,0.00082,0.9428,0.92,4063,8822
870,fine,1041,0.00082,0.9421,0.9267,6927,2233
2742,fine,1041,0.00082,0.8462,0.9231,6038,7590
3167,fine,1040,0.00082,0.9453,0.9167,3553,8457
715,fine,1040,0.00082,0.935,0.9308,3340,1793
2036,fine,1039,0.00082,0.9024,0.9624,1435,5546
1880,fine,1038,0.00082,0.9023,0.939,12293,4947
3580,fine,1037,0.00082,0.9366,0.9086,555,9361
2259,fine,1036,0.00082,0.9402,0.9292,9293,6372
2956,fine,1034,0.00082,0.9209,0.9235,5145,8025
2940,fine,1033,0.00082,0.9074,0.8705,12419,8010
1405,fine,1033,0.00082,0.9552,0.9445,1384,3628
2734,fine,1030,0.00081,0.9714,0.9358,4824,7572
2468,fine,1029,0.00081,0.884,0.9159,12569,6844
2025,fine,1024,0.00081,0.8636,0.9467,12433,5490
654,fine,1022,0.00081,0.8133,0.926,3632,1658
372,fine,1021,0.00081,0.904,0.805,665,913
1561,fine,1014,0.0008,0.9042,0.9223,3885,4018
1830,fine,1012,0.0008,0.8628,0.903,10424,4779
983,fine,1011,0.0008,0.9606,0.9488,11750,2541
2666,fine,1010,0.0008,0.9014,0.8948,6373,7392
1679,fine,1009,0.0008,0.8942,0.9184,10567,4351
3320,fine,1008,0.0008,0.976,0.9604,8066,8794
122,fine,1007,0.0008,0.9368,0.9622,11833,282
888,fine,1006,0.0008,0.9381,0.9278,7030,2282
3341,fine,1001,0.00079,0.9647,0.928,8205,8862
2203,fine,1000,0.00079,0.8995,0.9431,216,6143
1333,fine,997,0.00079,0.8518,0.9395,4902,3429
1668,fine,997,0.00079,0.9347,0.9416,5619,4318
847,fine,995,0.00079,0.9225,0.9356,12697,2166
1698,fine,995,0.00079,0.939,0.9424,5709,4402
2142,fine,995,0.00079,0.9355,0.9506,9890,5957
1308,fine,994,0.00079,0.8983,0.9554,3736,3350
1259,fine,990,0.00078,0.91,0.9275,5819,3201
782,fine,988,0.00078,0.8454,0.8959,6018,1950
3433,fine,988,0.00078,0.8926,0.9197,12739,9058
181,fine,988,0.00078,0.9577,0.9239,12913,428
1654,fine,985,0.00078,0.8961,0.9135,3955,4273
1137,fine,984,0.00078,0.918,0.928,1366,2916
1821,fine,983,0.00078,0.9313,0.9172,4606,4749
1927,fine,983,0.00078,0.9205,0.9199,467,5161
2950,fine,980,0.00077,0.6103,0.9438,11481,8016
329,fine,980,0.00077,0.9085,0.8977,10831,745
2014,fine,980,0.00077,0.8696,0.8913,9953,5466
3648,fine,980,0.00077,0.9009,0.9515,4013,9468
1185,fine,977,0.00077,0.913,0.9167,8242,3014
1477,fine,976,0.00077,0.9615,0.9441,10400,3785
3291,fine,975,0.00077,0.833,0.9008,9141,8737
1971,fine,975,0.00077,0.8979,0.9142,4565,5309
1917,fine,974,0.00077,0.8892,0.9445,47,5128
2671,fine,971,0.00077,0.9133,0.9083,6687,7413
1244,fine,970,0.00077,0.8774,0.8874,5156,3171
1683,fine,969,0.00077,0.8923,0.8844,3249,4373
2175,fine,969,0.00077,0.9642,0.9288,8490,6076
58,fine,969,0.00077,0.9572,0.8726,4805,131
2035,fine,968,0.00077,0.8622,0.9233,3705,5517
2076,fine,968,0.00077,0.8934,0.9453,5876,5693
2845,fine,966,0.00076,0.9567,0.8931,4041,7788
2593,fine,964,0.00076,0.932,0.9317,9027,7218
1643,fine,964,0.00076,0.9171,0.921,609,4249
1084,fine,961,0.00076,0.9466,0.9488,9972,2813
221,fine,954,0.00075,0.94,0.9196,5620,522
1197,fine,952,0.00075,0.9196,0.9592,453,3031
2008,fine,952,0.00075,0.9033,0.9529,5527,5442
1939,fine,951,0.00075,0.9072,0.9536,6753,5202
235,fine,950,0.00075,0.8971,0.8851,2241,554
3377,fine,948,0.00075,0.9563,0.8868,8188,8937
2049,fine,947,0.00075,0.9007,0.928,7860,5606
1180,fine,942,0.00074,0.9483,0.966,9835,3011
3124,fine,938,0.00074,0.7775,0.9165,1308,8370
3416,fine,934,0.00074,0.8635,0.8924,10026,9006
3526,fine,934,0.00074,0.9033,0.9414,10747,9284
824,fine,932,0.00074,0.9307,0.9559,7174,2078
1403,fine,930,0.00074,0.952,0.9137,10499,3620
2824,fine,928,0.00073,0.9649,0.9165,3994,7771
894,fine,928,0.00073,0.8862,0.9364,13250,2305
3279,fine,926,0.00073,0.9807,0.9639,8150,8704
2304,fine,926,0.00073,0.9175,0.93,1104,6475
82,fine,923,0.00073,0.9522,0.9121,8775,182
2806,fine,921,0.00073,0.9571,0.9293,5373,7736
844,fine,918,0.00073,0.8835,0.9137,1597,2159
1086,fine,918,0.00073,0.8912,0.9578,2355,2804
168,fine,912,0.00072,0.9304,0.9322,12723,397
2197,fine,912,0.00072,0.8951,0.9204,5117,6143
81,fine,911,0.00072,0.9429,0.8295,5903,192
3009,fine,908,0.00072,0.8414,0.9055,6759,8128
3446,fine,907,0.00072,0.9549,0.9537,4686,9099
582,fine,907,0.00072,0.9101,0.913,2090,1491
3,fine,906,0.00072,0.9486,0.9074,5628,11
2229,fine,905,0.00072,0.8906,0.8983,13066,6267
2336,fine,904,0.00071,0.9278,0.9409,11930,6536
2251,fine,903,0.00071,0.9435,0.9215,9439,6340
264,fine,902,0.00071,0.9125,0.9128,3061,613
3384,fine,900,0.00071,0.8816,0.9356,534,8956
3555,fine,898,0.00071,0.9415,0.8872,13025,9327
415,fine,897,0.00071,0.9318,0.9104,4662,1050
1674,fine,897,0.00071,0.8949,0.9298,7470,4326
2165,fine,893,0.00071,0.8542,0.9393,3214,6021
1013,fine,892,0.00071,0.8929,0.902,2768,2647
2673,fine,892,0.00071,0.8998,0.862,10493,7421
846,fine,891,0.0007,0.955,0.9495,11776,2157
668,fine,890,0.0007,0.8895,0.9124,244,1700
64,fine,889,0.0007,0.9276,0.9404,422,150
2662,fine,889,0.0007,0.9442,0.9408,82,7376
97,fine,888,0.0007,0.9534,0.9178,8720,212
3021,fine,886,0.0007,0.8846,0.9216,10255,8156
2906,fine,880,0.0007,0.8389,0.9459,278,7914
580,fine,877,0.00069,0.9563,0.9247,10463,1478
994,fine,875,0.00069,0.9596,0.924,11407,2599
3458,fine,875,0.00069,0.9743,0.9331,4609,9129
2242,fine,874,0.00069,0.9566,0.9298,8552,6311
1558,fine,874,0.00069,0.9235,0.9058,5806,4008
3097,fine,872,0.00069,0.9644,0.9183,8319,8322
774,fine,867,0.00069,0.8835,0.9533,3396,1920
3184,fine,863,0.00068,0.7988,0.8824,5535,8493
3280,fine,861,0.00068,0.7784,0.8892,5363,8719
2870,fine,861,0.00068,0.9641,0.9058,3944,7839
2954,fine,861,0.00068,0.8748,0.9246,7160,8016
187,fine,854,0.00068,0.9448,0.9077,5554,435
1587,fine,853,0.00067,0.8864,0.9317,12730,4087
139,fine,852,0.00067,0.9537,0.9403,7542,324
634,fine,851,0.00067,0.9241,0.9401,4902,1607
548,fine,846,0.00067,0.9534,0.8985,10519,1396
2062,fine,846,0.00067,0.9447,0.9264,1254,5643
1995,fine,845,0.00067,0.9067,0.9227,2768,5392
2701,fine,845,0.00067,0.9183,0.908,6655,7456
2246,fine,845,0.00067,0.955,0.8204,7155,6342
2712,fine,842,0.00067,0.9256,0.925,4271,7498
3638,fine,841,0.00066,0.8075,0.8913,2635,9445
594,fine,841,0.00066,0.8959,0.9447,11346,1513
305,fine,839,0.00066,0.9415,0.9209,7616,684
621,fine,837,0.00066,0.9288,0.8834,8125,1576
3602,fine,837,0.00066,0.8626,0.8994,6102,9380
2900,fine,836,0.00066,0.8748,0.9303,1402,7901
1807,fine,836,0.00066,0.942,0.8812,2140,4697
223,fine,834,0.00066,0.9618,0.9497,13201,526
2997,fine,831,0.00066,0.8914,0.9475,7956,8100
2878,fine,830,0.00066,0.8836,0.9122,1393,7852
1159,fine,830,0.00066,0.9253,0.859,10473,2947
2140,fine,828,0.00065,0.9235,0.9442,9010,5952
2190,fine,826,0.00065,0.7991,0.9556,3208,6106
2544,fine,823,0.00065,0.9578,0.9465,11007,7119
2116,fine,823,0.00065,0.9561,0.9399,9556,5846
123,fine,822,0.00065,0.93,0.9564,9622,277
3189,fine,820,0.00065,0.9443,0.9492,3494,8502
3325,fine,819,0.00065,0.8084,0.8789,2726,8814
630,fine,819,0.00065,0.9119,0.9387,8253,1602
2065,fine,818,0.00065,0.9065,0.9488,5179,5647
3294,fine,817,0.00065,0.775,0.9204,160,8744
2073,fine,814,0.00064,0.8869,0.9122,6605,5686
3612,fine,811,0.00064,0.8167,0.9088,2929,9403
995,fine,811,0.00064,0.9583,0.9287,7637,2596
2965,fine,810,0.00064,0.8184,0.9151,12761,8028
2153,fine,806,0.00064,0.9141,0.9059,1458,5991
905,fine,805,0.00064,0.9687,0.9493,11145,2324
1369,fine,805,0.00064,0.9489,0.9345,8601,3536
2851,fine,804,0.00064,0.9225,0.931,111,7799
1257,fine,804,0.00064,0.81,0.9384,11364,3208
2309,fine,804,0.00064,0.9402,0.9408,5994,6487
3015,fine,803,0.00063,0.8665,0.9478,9467,8143
3414,fine,803,0.00063,0.9338,0.9361,4677,9007
2104,fine,802,0.00063,0.8629,0.9268,654,5819
1219,fine,801,0.00063,0.9354,0.952,9926,3081
1254,fine,799,0.00063,0.9009,0.9434,5871,3196
2326,fine,798,0.00063,0.9275,0.9141,8261,6515
944,fine,797,0.00063,0.9218,0.9066,9098,2417
134,fine,796,0.00063,0.9746,0.9328,2557,303
3355,fine,796,0.00063,0.8141,0.9269,6276,8897
2188,fine,796,0.00063,0.96,0.931,9594,6103
482,fine,794,0.00063,0.8331,0.8642,1158,1241
1280,fine,793,0.00063,0.9398,0.9175,10228,3270
3597,fine,790,0.00062,0.871,0.8725,9848,9373
2577,fine,788,0.00062,0.9468,0.9043,12573,7190
386,fine,785,0.00062,0.8853,0.8988,893,975
261,fine,783,0.00062,0.948,0.886,11765,611
2693,fine,782,0.00062,0.6021,0.9539,972,7457
828,fine,781,0.00062,0.7958,0.9118,5898,2090
1395,fine,781,0.00062,0.9299,0.8869,4271,3615
1909,fine,780,0.00062,0.9352,0.9016,2781,5083
2987,fine,779,0.00062,0.8288,0.8801,3019,8078
3130,fine,774,0.00061,0.8686,0.9135,5284,8373
1090,fine,773,0.00061,0.8894,0.892,2418,2814
395,fine,771,0.00061,0.9125,0.9493,7086,988
160,fine,767,0.00061,0.9746,0.9224,2446,360
2587,fine,766,0.00061,0.8123,0.9469,731,7206
347,fine,765,0.0006,0.823,0.9086,3411,783
3394,fine,765,0.0006,0.9083,0.9219,11261,8973
3478,fine,764,0.0006,0.8995,0.9565,10767,9181
40,fine,764,0.0006,0.9247,0.9351,468,98
2888,fine,764,0.0006,0.9006,0.9231,10295,7879
1863,fine,764,0.0006,0.941,0.9368,4423,4861
3187,fine,763,0.0006,0.9066,0.8683,10293,8492
1172,fine,761,0.0006,0.8983,0.9322,12203,2982
816,fine,760,0.0006,0.8433,0.9445,746,2058
1516,fine,760,0.0006,0.9228,0.9279,5598,3914
1154,fine,758,0.0006,0.9409,0.9359,1159,2949
2069,fine,756,0.0006,0.8281,0.9067,12410,5666
676,fine,755,0.0006,0.8939,0.877,7840,1713
3332,fine,754,0.0006,0.9137,0.9425,7143,8835
1341,fine,753,0.0006,0.9023,0.9612,5266,3451
1136,fine,753,0.0006,0.8994,0.9385,11155,2911
1945,fine,753,0.0006,0.8991,0.928,10853,5221
394,fine,752,0.00059,0.9219,0.9138,12960,979
1911,fine,752,0.00059,0.9472,0.9044,5359,5082
543,fine,752,0.00059,0.8323,0.9296,12030,1365
1258,fine,749,0.00059,0.8497,0.8863,2119,3207
3447,fine,748,0.00059,0.8966,0.95,11665,9104
2877,fine,748,0.00059,0.9212,0.9023,8593,7851
2265,fine,747,0.00059,0.9105,0.9374,1166,6391
3565,fine,746,0.00059,0.9569,0.9333,4799,9351
860,fine,745,0.00059,0.8921,0.8445,1620,2205
2476,fine,744,0.00059,0.9427,0.9094,8957,6862
135,fine,743,0.00059,0.9374,0.9339,9119,303
2172,fine,742,0.00059,0.9476,0.9218,11711,6047
2167,fine,742,0.00059,0.9336,0.9262,6535,6037
2664,fine,741,0.00059,0.9501,0.9238,4543,7381
204,fine,739,0.00058,0.9412,0.9067,5440,485
1947,fine,737,0.00058,0.9333,0.9251,2687,5241
3233,fine,737,0.00058,0.9773,0.9139,8366,8586
3313,fine,735,0.00058,0.9003,0.8055,11622,8781
2426,fine,734,0.00058,0.9253,0.9185,5763,6721
2486,fine,734,0.00058,0.8267,0.8755,2519,6889
3344,fine,734,0.00058,0.9081,0.9213,11541,8860
2341,fine,734,0.00058,0.9562,0.938,8955,6536
572,fine,732,0.00058,0.8689,0.88,1245,1449
3645,fine,732,0.00058,0.9277,0.8619,8779,9464
797,fine,731,0.00058,0.8974,0.8797,8490,2009
1977,fine,730,0.00058,0.9203,0.9193,2704,5342
317,fine,728,0.00058,0.8669,0.9202,1824,709
178,fine,726,0.00057,0.9277,0.9164,3851,419
369,fine,723,0.00057,0.9337,0.9471,5241,883
2320,fine,723,0.00057,0.8022,0.8794,12673,6500
1959,fine,722,0.00057,0.9101,0.8814,7312,5272
1672,fine,719,0.00057,0.9003,0.9451,12178,4324
1229,fine,719,0.00057,0.9156,0.8879,510,3111
2318,fine,718,0.00057,0.9337,0.9192,8306,6501
1069,fine,717,0.00057,0.8788,0.8918,478,2777
1605,fine,717,0.00057,0.9224,0.947,4284,4142
2173,fine,710,0.00056,0.6875,0.9332,3642,6052
113,fine,710,0.00056,0.945,0.9345,8777,248
895,fine,709,0.00056,0.881,0.8847,1641,2308
1414,fine,708,0.00056,0.937,0.9079,4232,3644
2133,fine,708,0.00056,0.9201,0.9461,1176,5919
3076,fine,708,0.00056,0.8834,0.9013,2628,8262
662,fine,707,0.00056,0.8946,0.8654,7489,1692
473,fine,705,0.00056,0.9581,0.9144,6793,1204
3550,fine,705,0.00056,0.8458,0.8982,10250,9307
2342,fine,702,0.00055,0.9735,0.9602,11062,6538
3561,fine,701,0.00055,0.8825,0.8961,12245,9335
172,fine,700,0.00055,0.9368,0.9121,5361,408
2170,fine,700,0.00055,0.8784,0.9212,1005,6039
818,fine,700,0.00055,0.9291,0.9467,4367,2059
3594,fine,699,0.00055,0.9422,0.9119,12925,9370
2800,fine,699,0.00055,0.9393,0.9237,84,7720
2379,fine,699,0.00055,0.9151,0.8767,7730,6604
2849,fine,698,0.00055,0.911,0.8599,8630,7802
2518,fine,697,0.00055,0.858,0.9566,1763,7003
1695,fine,695,0.00055,0.9488,0.9567,4389,4397
1,fine,693,0.00055,0.933,0.9281,4679,12
1433,fine,692,0.00055,0.9335,0.9477,4245,3674
2939,fine,692,0.00055,0.8842,0.8459,10275,7996
925,fine,692,0.00055,0.9661,0.8996,11123,2356
3158,fine,692,0.00055,0.8534,0.941,12266,8433
3549,fine,691,0.00055,0.9733,0.8846,4629,9308
1622,fine,690,0.00055,0.9214,0.9325,1921,4182
3475,fine,690,0.00055,0.9002,0.9111,11953,9167
1165,fine,690,0.00055,0.8601,0.8805,10677,2984
2860,fine,690,0.00055,0.9072,0.8755,10300,7820
2850,fine,688,0.00054,0.96,0.9257,5344,7796
292,fine,688,0.00054,0.9188,0.879,4205,668
1130,fine,688,0.00054,0.9334,0.9487,9692,2918
2289,fine,686,0.00054,0.8989,0.9053,6508,6449
3621,fine,685,0.00054,0.9413,0.9226,12763,9420
3626,fine,685,0.00054,0.8619,0.853,6293,9440
2881,fine,685,0.00054,0.9027,0.9258,8845,7857
730,fine,685,0.00054,0.8631,0.9444,198,1814
501,fine,685,0.00054,0.8727,0.9198,5452,1263
1751,fine,685,0.00054,0.928,0.8469,1888,4530
202,fine,684,0.00054,0.9414,0.8873,5623,477
2680,fine,684,0.00054,0.9313,0.8593,12424,7425
2128,fine,681,0.00054,0.8598,0.9507,5389,5894
986,fine,681,0.00054,0.9399,0.9427,12614,2548
1784,fine,680,0.00054,0.8567,0.911,12706,4643
1520,fine,679,0.00054,0.9048,0.883,2165,3921
44,fine,678,0.00054,0.934,0.9293,416,108
642,fine,678,0.00054,0.8749,0.9182,6308,1618
2566,fine,678,0.00054,0.9033,0.9469,2472,7163
2785,fine,677,0.00054,0.9437,0.9365,5437,7693
2686,fine,677,0.00054,0.9405,0.9328,5488,7434
323,fine,676,0.00053,0.8665,0.8631,1228,719
2189,fine,675,0.00053,0.9029,0.9529,163,6101
3070,fine,674,0.00053,0.8754,0.878,10093,8256
682,fine,674,0.00053,0.8977,0.8683,7519,1733
1334,fine,673,0.00053,0.9454,0.9313,10266,3437
1970,fine,673,0.00053,0.9116,0.9323,2747,5302
2721,fine,671,0.00053,0.8938,0.8848,10797,7517
3396,fine,668,0.00053,0.8715,0.8848,9971,8979
2145,fine,668,0.00053,0.9304,0.9,10581,5969
1540,fine,667,0.00053,0.8993,0.8449,735,3970
502,fine,667,0.00053,0.8966,0.9231,2291,1268
1298,fine,667,0.00053,0.8889,0.8701,3187,3339
2,fine,665,0.00053,0.9578,0.8765,4801,26
2198,fine,664,0.00052,0.9143,0.9075,6259,6140
1644,fine,663,0.00052,0.8566,0.914,7662,4245
1891,fine,663,0.00052,0.895,0.8558,1850,5026
3543,fine,662,0.00052,0.8461,0.8837,9980,9295
2739,fine,662,0.00052,0.8937,0.8752,11822,7572
3487,fine,661,0.00052,0.6841,0.9169,2095,9204
1272,fine,661,0.00052,0.8974,0.9543,9924,3244
1406,fine,661,0.00052,0.9016,0.8652,2348,3640
1884,fine,660,0.00052,0.8643,0.9204,1469,4972
3197,fine,660,0.00052,0.7812,0.9311,1348,8520
154,fine,659,0.00052,0.9671,0.9202,2690,345
1412,fine,658,0.00052,0.906,0.9054,3515,3645
3007,fine,658,0.00052,0.8521,0.8804,12071,8128
2557,fine,658,0.00052,0.9469,0.9375,7311,7150
3286,fine,653,0.00052,0.9801,0.9189,8180,8722
2023,fine,651,0.00051,0.8903,0.9405,348,5479
2832,fine,648,0.00051,0.9082,0.9401,6904,7773
3224,fine,648,0.00051,0.9827,0.9576,8235,8570
1789,fine,645,0.00051,0.9226,0.9553,13092,4659
1749,fine,644,0.00051,0.8334,0.9477,11262,4528
1430,fine,644,0.00051,0.9623,0.9177,1356,3664
3003,fine,644,0.00051,0.764,0.9428,1671,8119
606,fine,643,0.00051,0.8749,0.8551,7180,1533
3434,fine,641,0.00051,0.9063,0.9417,373,9050
830,fine,640,0.00051,0.7936,0.8977,6183,2085
2163,fine,640,0.00051,0.9521,0.9329,11738,6014
1184,fine,639,0.00051,0.9033,0.8829,1440,3009
977,fine,638,0.0005,0.935,0.8616,5460,2517
1066,fine,637,0.0005,0.8907,0.9345,2423,2776
3282,fine,637,0.0005,0.9652,0.9031,8367,8724
979,fine,636,0.0005,0.8933,0.9368,4403,2522
992,fine,633,0.0005,0.9091,0.8789,2214,2562
600,fine,630,0.0005,0.9288,0.8763,8179,1534
3343,fine,628,0.0005,0.898,0.9097,330,8857
348,fine,627,0.0005,0.9408,0.8996,8423,782
2976,fine,627,0.0005,0.8834,0.8618,12184,8059
1223,fine,627,0.0005,0.9244,0.9434,13254,3093
384,fine,624,0.00049,0.921,0.9377,8784,947
1842,fine,624,0.00049,0.9381,0.9483,683,4811
1237,fine,624,0.00049,0.8958,0.938,677,3122
801,fine,624,0.00049,0.9281,0.8892,10378,2016
2912,fine,624,0.00049,0.9193,0.9136,8815,7923
3450,fine,623,0.00049,0.8783,0.9075,658,9101
515,fine,622,0.00049,0.8952,0.8644,2307,1307
1304,fine,622,0.00049,0.9094,0.8974,3027,3338
2628,fine,621,0.00049,0.9364,0.9359,7397,7313
1841,fine,620,0.00049,0.9589,0.9246,4887,4810
1617,fine,618,0.00049,0.9612,0.9164,4911,4169
2551,fine,618,0.00049,0.9044,0.9354,1166,7128
2054,fine,615,0.00049,0.9171,0.9325,9287,5606
2132,fine,615,0.00049,0.9635,0.9082,9580,5907
83,fine,614,0.00049,0.9042,0.8869,6126,184
1402,fine,613,0.00048,0.916,0.895,5428,3617
2512,fine,610,0.00048,0.8347,0.9097,6126,6983
2241,fine,610,0.00048,0.9598,0.9353,7292,6301
3493,fine,608,0.00048,0.8251,0.9022,6629,9216
898,fine,608,0.00048,0.9739,0.9127,11212,2316
2609,fine,608,0.00048,0.8911,0.9425,2495,7262
138,fine,607,0.00048,0.9331,0.8805,5817,315
2178,fine,606,0.00048,0.8936,0.8678,4657,6088
1681,fine,605,0.00048,0.7991,0.9173,3467,4357
2020,fine,605,0.00048,0.8618,0.8614,11006,5472
2205,fine,604,0.00048,0.9534,0.9261,9593,6164
2608,fine,602,0.00048,0.9478,0.9193,12608,7259
36,fine,602,0.00048,0.9217,0.9136,4145,84
923,fine,601,0.00048,0.9213,0.8837,5577,2354
439,fine,601,0.00048,0.8614,0.9297,3191,1117
3319,fine,601,0.00048,0.9235,0.8998,6882,8793
1906,fine,600,0.00047,0.9403,0.945,7625,5071
1825,fine,600,0.00047,0.9341,0.9385,4572,4763
2254,fine,599,0.00047,0.9452,0.8649,7062,6357
2611,fine,598,0.00047,0.9126,0.8925,5457,7279
1875,fine,598,0.00047,0.9213,0.9012,6497,4908
2439,fine,597,0.00047,0.9096,0.8968,1011,6761
2907,fine,597,0.00047,0.9375,0.9091,4087,7916
2392,fine,596,0.00047,0.9378,0.9055,5864,6634
941,fine,596,0.00047,0.9328,0.9511,7661,2398
2260,fine,595,0.00047,0.871,0.9317,205,6366
1895,fine,595,0.00047,0.8927,0.8424,2074,5028
86,fine,595,0.00047,0.9581,0.926,8724,177
999,fine,594,0.00047,0.8796,0.8957,5872,2609
3329,fine,594,0.00047,0.8916,0.9491,10534,8820
1553,fine,594,0.00047,0.9374,0.9255,1888,3993
2158,fine,593,0.00047,0.8672,0.9311,5170,6009
2238,fine,592,0.00047,0.9128,0.9321,1664,6291
697,fine,591,0.00047,0.942,0.905,10204,1765
3037,fine,590,0.00047,0.9312,0.9436,3774,8211
3199,fine,589,0.00047,0.8993,0.8897,10213,8518
908,fine,589,0.00047,0.9417,0.9213,11025,2325
1886,fine,589,0.00047,0.9463,0.9092,642,4991
3398,fine,589,0.00047,0.9503,0.9029,4037,8976
3451,fine,588,0.00046,0.7329,0.8997,2039,9104
2655,fine,588,0.00046,0.907,0.8567,6212,7371
1813,fine,588,0.00046,0.8536,0.8922,1623,4718
1626,fine,585,0.00046,0.9323,0.9329,3030,4186
3470,fine,585,0.00046,0.9431,0.9193,4226,9153
1570,fine,584,0.00046,0.9377,0.9309,1632,4030
1331,fine,584,0.00046,0.8905,0.7847,3038,3419
1370,fine,582,0.00046,0.8809,0.8721,3183,3544
1018,fine,582,0.00046,0.9601,0.9299,7460,2658
375,fine,582,0.00046,0.922,0.8905,5385,895
2423,fine,582,0.00046,0.8291,0.9226,138,6713
2892,fine,580,0.00046,0.9531,0.9155,3911,7887
1167,fine,580,0.00046,0.9018,0.8652,10545,2986
283,fine,580,0.00046,0.9117,0.852,3903,632
3426,fine,579,0.00046,0.9033,0.9063,11966,9032
1883,fine,578,0.00046,0.9462,0.933,4800,4957
2409,fine,578,0.00046,0.85,0.9082,735,6666
1742,fine,576,0.00046,0.8791,0.9467,8924,4513
1673,fine,576,0.00046,0.9082,0.8971,366,4325
1936,fine,576,0.00046,0.9485,0.9193,8214,5192
2502,fine,576,0.00046,0.9393,0.9114,8651,6952
2573,fine,575,0.00045,0.9466,0.937,12724,7183
3336,fine,575,0.00045,0.8718,0.9041,270,8843
3428,fine,574,0.00045,0.8766,0.8758,9828,9037
2176,fine,573,0.00045,0.8895,0.9182,5842,6065
75,fine,572,0.00045,0.9406,0.8934,5412,157
2813,fine,571,0.00045,0.6072,0.8851,613,7747
3022,fine,571,0.00045,0.8669,0.8861,2279,8161
3643,fine,570,0.00045,0.966,0.9329,13204,9453
2867,fine,570,0.00045,0.8862,0.8864,7117,7825
1025,fine,569,0.00045,0.927,0.9323,11054,2663
391,fine,569,0.00045,0.9246,0.9423,4480,974
652,fine,568,0.00045,0.8847,0.8906,6225,1641
1411,fine,568,0.00045,0.8608,0.9202,2872,3636
2864,fine,568,0.00045,0.9609,0.9425,5272,7825
351,fine,567,0.00045,0.9438,0.946,11821,796
1871,fine,567,0.00045,0.9361,0.8282,750,4898
2782,fine,567,0.00045,0.8236,0.8472,6048,7668
2337,fine,566,0.00045,0.8994,0.9316,4742,6525
3659,fine,565,0.00045,0.9023,0.8815,3954,9482
681,fine,565,0.00045,0.8474,0.9233,12383,1712
2879,fine,565,0.00045,0.9263,0.9398,3556,7843
716,fine,564,0.00045,0.8977,0.9201,3459,1788
3128,fine,564,0.00045,0.94,0.9534,8576,8362
3387,fine,563,0.00045,0.9563,0.9375,8147,8950
1126,fine,563,0.00045,0.9562,0.9487,9827,2899
3316,fine,563,0.00045,0.831,0.9464,9128,8786
3192,fine,562,0.00044,0.9199,0.8872,10689,8506
2445,fine,562,0.00044,0.8908,0.862,12217,6781
2988,fine,562,0.00044,0.818,0.8478,9686,8078
2415,fine,561,0.00044,0.9361,0.9266,10526,6680
2650,fine,560,0.00044,0.9556,0.9322,4459,7359
1070,fine,560,0.00044,0.9446,0.9638,10154,2781
1646,fine,558,0.00044,0.9405,0.8848,10236,4259
2741,fine,558,0.00044,0.9171,0.8682,6611,7585
1524,fine,557,0.00044,0.9105,0.8698,3522,3939
510,fine,556,0.00044,0.8677,0.8988,2856,1277
454,fine,555,0.00044,0.8707,0.8507,2050,1145
3660,fine,555,0.00044,0.5857,0.8315,1862,9480
1284,fine,554,0.00044,0.888,0.9118,5983,3259
2840,fine,553,0.00044,0.8517,0.943,12831,7778
1186,fine,552,0.00044,0.9403,0.9453,10006,3011
3040,fine,552,0.00044,0.7204,0.8908,11111,8209
495,fine,552,0.00044,0.9309,0.9008,7889,1244
3225,fine,549,0.00043,0.9039,0.9227,3393,8569
166,fine,549,0.00043,0.8509,0.8517,12117,377
2897,fine,549,0.00043,0.869,0.8531,7335,7898
3347,fine,547,0.00043,0.7976,0.8745,2424,8869
838,fine,546,0.00043,0.8766,0.888,1593,2117
224,fine,546,0.00043,0.9369,0.9257,2914,519
171,fine,545,0.00043,0.9315,0.9478,10404,395
419,fine,545,0.00043,0.9203,0.8782,7687,1065
3562,fine,545,0.00043,0.9533,0.9062,4829,9339
2428,fine,544,0.00043,0.8871,0.8785,12172,6717
2484,fine,544,0.00043,0.9468,0.8531,10383,6874
1776,fine,540,0.00043,0.8815,0.9536,8280,4620
1346,fine,540,0.00043,0.8203,0.9206,725,3471
1072,fine,539,0.00043,0.9056,0.9167,8192,2780
3049,fine,539,0.00043,0.8502,0.9352,13104,8216
2143,fine,539,0.00043,0.8943,0.8829,5860,5957
1313,fine,539,0.00043,0.8989,0.9522,3685,3353
1642,fine,539,0.00043,0.9286,0.9334,5146,4242
1522,fine,537,0.00042,0.9042,0.8248,3643,3931
1735,fine,537,0.00042,0.8927,0.9081,3177,4498
1473,fine,537,0.00042,0.8983,0.7984,3377,3785
1266,fine,535,0.00042,0.8396,0.9212,11541,3230
3202,fine,534,0.00042,0.8885,0.9506,8690,8521
3573,fine,534,0.00042,0.9052,0.8299,12023,9349
1691,fine,534,0.00042,0.9388,0.922,4894,4387
2400,fine,532,0.00042,0.88,0.8964,2964,6645
1488,fine,532,0.00042,0.97,0.9509,1316,3807
17,fine,531,0.00042,0.9766,0.9487,13178,43
3002,fine,530,0.00042,0.8116,0.9192,5532,8115
2430,fine,530,0.00042,0.9076,0.8876,1181,6732
2753,fine,529,0.00042,0.9345,0.9377,4218,7622
1845,fine,528,0.00042,0.9121,0.8916,6598,4810
956,fine,528,0.00042,0.9116,0.8524,1304,2447
506,fine,528,0.00042,0.8734,0.9319,5421,1272
1381,fine,527,0.00042,0.9079,0.9408,11698,3562
993,fine,527,0.00042,0.9619,0.8729,7617,2571
2350,fine,527,0.00042,0.9233,0.9315,8256,6539
3295,fine,526,0.00042,0.9335,0.9137,11411,8735
321,fine,525,0.00042,0.926,0.9368,10024,704
376,fine,523,0.00041,0.9243,0.9321,8746,902
880,fine,522,0.00041,0.9474,0.936,7443,2257
853,fine,521,0.00041,0.9241,0.9037,1751,2178
1117,fine,521,0.00041,0.9222,0.8739,5772,2872
217,fine,520,0.00041,0.9557,0.9203,2699,499
1265,fine,520,0.00041,0.8971,0.9351,5903,3222
1327,fine,519,0.00041,0.9232,0.8737,12762,3395
2417,fine,518,0.00041,0.9546,0.8467,10676,6685
1033,fine,518,0.00041,0.8955,0.8994,6864,2688
1294,fine,518,0.00041,0.9006,0.9074,7241,3324
1020,fine,517,0.00041,0.8809,0.8837,5877,2653
708,fine,516,0.00041,0.9018,0.9258,4403,1775
615,fine,516,0.00041,0.9188,0.8744,8223,1571
752,fine,515,0.00041,0.8751,0.7644,5402,1861
2235,fine,515,0.00041,0.9552,0.9301,8565,6277
1003,fine,514,0.00041,0.9653,0.8736,7587,2619
1731,fine,513,0.00041,0.923,0.8965,5929,4481
1792,fine,513,0.00041,0.9302,0.9361,787,4670
414,fine,513,0.00041,0.9262,0.9154,8049,1033
1023,fine,512,0.0004,0.9229,0.9455,5140,2661
3152,fine,511,0.0004,0.8383,0.8965,1174,8421
1701,fine,511,0.0004,0.9232,0.8798,3069,4413
1566,fine,511,0.0004,0.8919,0.898,2460,4020
3430,fine,511,0.0004,0.8823,0.817,12656,9040
2763,fine,510,0.0004,0.8341,0.8882,5967,7640
3655,fine,510,0.0004,0.943,0.819,12865,9469
598,fine,509,0.0004,0.921,0.8565,7819,1528
3181,fine,509,0.0004,0.9454,0.9032,3586,8483
493,fine,509,0.0004,0.8727,0.8804,2918,1242
3507,fine,509,0.0004,0.8349,0.8999,6528,9251
2451,fine,508,0.0004,0.9665,0.9219,10870,6802
1000,fine,508,0.0004,0.8987,0.9029,1139,2616
867,fine,507,0.0004,0.9321,0.9208,2103,2215
3032,fine,507,0.0004,0.6015,0.8651,11255,8186
1596,fine,506,0.0004,0.8634,0.8978,3515,4108
2485,fine,506,0.0004,0.9539,0.9066,10038,6890
1022,fine,505,0.0004,0.9015,0.9022,2851,2659
2805,fine,505,0.0004,0.9074,0.8937,6905,7726
1823,fine,505,0.0004,0.9297,0.8903,1011,4767
2097,fine,504,0.0004,0.941,0.9532,9690,5767
1675,fine,504,0.0004,0.9076,0.9413,1659,4334
2588,fine,503,0.0004,0.8803,0.8424,6249,7209
3611,fine,503,0.0004,0.9288,0.9453,12727,9401
3302,fine,503,0.0004,0.932,0.8634,4060,8751
583,fine,502,0.0004,0.916,0.9277,8655,1486
3412,fine,501,0.0004,0.9578,0.917,4606,9001
68,fine,501,0.0004,0.9497,0.9001,5508,141
2841,fine,501,0.0004,0.9518,0.8965,4069,7785
2539,fine,499,0.00039,0.8422,0.9026,6179,7084
2303,fine,499,0.00039,0.9334,0.9079,7334,6466
434,fine,498,0.00039,0.9425,0.9274,10467,1098
20,fine,498,0.00039,0.934,0.9254,9504,40
3527,fine,498,0.00039,0.9325,0.861,12992,9284
2645,fine,497,0.00039,0.9507,0.8579,4506,7340
581,fine,497,0.00039,0.9309,0.9117,10247,1478
799,fine,496,0.00039,0.9267,0.9232,2093,2009
3337,fine,496,0.00039,0.8402,0.9242,9498,8844
1372,fine,496,0.00039,0.907,0.9143,1915,3538
1478,fine,496,0.00039,0.9217,0.8606,2068,3785
2964,fine,495,0.00039,0.9164,0.9161,8947,8027
76,fine,495,0.00039,0.9516,0.9257,5545,162
2908,fine,495,0.00039,0.7886,0.8637,5807,7916
1986,fine,495,0.00039,0.9211,0.921,2694,5377
2410,fine,494,0.00039,0.8173,0.8732,7289,6668
1071,fine,494,0.00039,0.9007,0.905,5160,2783
1366,fine,494,0.00039,0.9414,0.8734,10499,3530
1213,fine,493,0.00039,0.9437,0.8989,9852,3052
3183,fine,493,0.00039,0.926,0.8976,10408,8478
2833,fine,493,0.00039,0.57,0.9495,645,7771
745,fine,493,0.00039,0.9497,0.9152,10715,1832
616,fine,493,0.00039,0.9255,0.9383,4814,1559
1088,fine,493,0.00039,0.9401,0.943,10066,2803
3591,fine,492,0.00039,0.8489,0.928,7241,9365
3258,fine,491,0.00039,0.7936,0.8953,1184,8647
282,fine,491,0.00039,0.9203,0.9406,2515,634
524,fine,490,0.00039,0.9131,0.8856,6995,1321
1299,fine,490,0.00039,0.9408,0.8993,10261,3332
959,fine,490,0.00039,0.9004,0.9117,4672,2463
3050,fine,490,0.00039,0.859,0.8968,10007,8217
2826,fine,489,0.00039,0.9682,0.9079,5330,7758
3520,fine,489,0.00039,0.9312,0.8904,12951,9279
2771,fine,488,0.00039,0.9205,0.8638,10725,7655
1518,fine,487,0.00039,0.9086,0.9035,610,3916
578,fine,486,0.00038,0.939,0.8576,7890,1470
311,fine,486,0.00038,0.9412,0.8831,4995,695
34,fine,486,0.00038,0.9472,0.9586,11784,70
1942,fine,485,0.00038,0.9435,0.8995,7847,5215
320,fine,485,0.00038,0.9397,0.8709,5456,723
2447,fine,485,0.00038,0.8556,0.923,6348,6786
119,fine,484,0.00038,0.8569,0.8974,12150,263
393,fine,484,0.00038,0.9326,0.9427,4788,979
1199,fine,484,0.00038,0.8902,0.9231,3321,3029
3054,fine,484,0.00038,0.952,0.9262,8318,8233
3168,fine,483,0.00038,0.8902,0.8679,10103,8464
2204,fine,483,0.00038,0.7987,0.9133,3163,6137
2677,fine,483,0.00038,0.9369,0.8728,12608,7419
2638,fine,483,0.00038,0.9341,0.8846,12190,7334
3281,fine,483,0.00038,0.9702,0.8474,8354,8708
835,fine,482,0.00038,0.7934,0.8567,6280,2096
936,fine,482,0.00038,0.8969,0.926,3690,2387
929,fine,482,0.00038,0.8808,0.7964,1611,2356
1539,fine,481,0.00038,0.9103,0.8704,3394,3952
1385,fine,481,0.00038,0.8996,0.8445,2250,3570
153,fine,481,0.00038,0.9385,0.9212,2221,338
733,fine,480,0.00038,0.9439,0.9074,3303,1815
802,fine,480,0.00038,0.927,0.9176,9595,2007
61,fine,480,0.00038,0.9665,0.9109,2477,131
690,fine,480,0.00038,0.9534,0.943,3311,1739
1799,fine,479,0.00038,0.9265,0.9143,13311,4685
1765,fine,478,0.00038,0.9234,0.9256,9981,4595
872,fine,478,0.00038,0.8871,0.8506,1610,2232
3231,fine,478,0.00038,0.8973,0.9103,8688,8579
2949,fine,478,0.00038,0.909,0.9222,9063,8004
3435,fine,477,0.00038,0.9474,0.9473,4129,9049
438,fine,477,0.00038,0.9277,0.8389,8086,1102
827,fine,476,0.00038,0.6886,0.8594,987,2077
2021,fine,475,0.00038,0.8852,0.9362,6433,5472
1140,fine,475,0.00038,0.8913,0.8947,610,2915
3658,fine,474,0.00037,0.8619,0.8761,6323,9476
760,fine,473,0.00037,0.9289,0.9308,9504,1868
2788,fine,473,0.00037,0.9116,0.9039,10244,7701
2715,fine,473,0.00037,0.863,0.8234,6171,7499
3160,fine,473,0.00037,0.7268,0.8826,11174,8441
2384,fine,473,0.00037,0.8449,0.911,5109,6618
3067,fine,473,0.00037,0.8908,0.9293,4339,8251
1843,fine,473,0.00037,0.9117,0.9434,1061,4811
3608,fine,472,0.00037,0.8537,0.8385,9212,9408
3297,fine,472,0.00037,0.7877,0.9333,2356,8741
2600,fine,472,0.00037,0.8867,0.8815,6219,7239
534,fine,472,0.00037,0.8847,0.9349,13008,1340
2072,fine,471,0.00037,0.841,0.9285,3688,5671
1318,fine,469,0.00037,0.9263,0.9262,12893,3376
3139,fine,467,0.00037,0.8181,0.8476,5445,8388
963,fine,467,0.00037,0.9103,0.942,9080,2478
3407,fine,467,0.00037,0.8479,0.9293,3227,8986
2262,fine,466,0.00037,0.9571,0.9292,9990,6374
536,fine,466,0.00037,0.9185,0.9073,7694,1347
1479,fine,466,0.00037,0.8904,0.8776,13241,3782
2179,fine,466,0.00037,0.9091,0.8995,16,6081
1771,fine,466,0.00037,0.9102,0.9353,12582,4612
1303,fine,465,0.00037,0.8962,0.829,10491,3342
3270,fine,465,0.00037,0.9754,0.9221,8335,8679
469,fine,465,0.00037,0.8745,0.8701,2813,1177
571,fine,465,0.00037,0.7812,0.8916,12582,1441
507,fine,464,0.00037,0.9053,0.9294,121,1269
2991,fine,464,0.00037,0.7978,0.8091,6270,8094
428,fine,462,0.00037,0.92,0.9396,4180,1084
720,fine,462,0.00037,0.832,0.8187,840,1794
1355,fine,462,0.00037,0.9263,0.9094,12969,3490
729,fine,462,0.00037,0.8874,0.8992,4259,1808
1169,fine,461,0.00036,0.9399,0.9084,1128,2972
300,fine,461,0.00036,0.9375,0.9199,12977,675
2714,fine,460,0.00036,0.9247,0.9477,7612,7498
2196,fine,460,0.00036,0.8904,0.8859,4665,6129
678,fine,460,0.00036,0.9234,0.9525,8013,1709
622,fine,460,0.00036,0.8725,0.9338,9311,1576
3136,fine,459,0.00036,0.7801,0.8497,11026,8377
2796,fine,458,0.00036,0.9025,0.9039,10215,7716
1263,fine,457,0.00036,0.8794,0.9134,12163,3218
487,fine,457,0.00036,0.9275,0.8455,4766,1221
2225,fine,457,0.00036,0.8658,0.8484,706,6251
2619,fine,457,0.00036,0.9153,0.9342,5383,7285
3484,fine,457,0.00036,0.921,0.8578,12978,9194
2709,fine,456,0.00036,0.9304,0.8456,12206,7485
2135,fine,455,0.00036,0.9423,0.9007,3066,5931
3091,fine,455,0.00036,0.8081,0.8524,12661,8309
1292,fine,455,0.00036,0.9006,0.8802,3141,3295
1241,fine,454,0.00036,0.9129,0.8536,3156,3151
3149,fine,454,0.00036,0.8843,0.9122,9235,8417
769,fine,454,0.00036,0.9167,0.9401,2086,1901
87,fine,454,0.00036,0.9621,0.9144,2585,183
2975,fine,453,0.00036,0.8037,0.8171,11056,8059
3354,fine,453,0.00036,0.8774,0.8879,9976,8892
2391,fine,453,0.00036,0.8442,0.9092,5089,6629
931,fine,453,0.00036,0.9374,0.9421,9981,2362
1164,fine,452,0.00036,0.9503,0.9185,9816,2966
2917,fine,452,0.00036,0.9411,0.8864,8625,7932
3499,fine,452,0.00036,0.8895,0.8403,12153,9246
1547,fine,452,0.00036,0.9082,0.8777,3277,3968
3605,fine,452,0.00036,0.8559,0.9067,9639,9391
2698,fine,452,0.00036,0.9085,0.9143,7843,7456
889,fine,452,0.00036,0.9455,0.92,12004,2273
765,fine,452,0.00036,0.8458,0.9417,268,1889
2394,fine,451,0.00036,0.8702,0.901,2913,6630
2353,fine,451,0.00036,0.9722,0.8444,11169,6551
1021,fine,450,0.00036,0.8679,0.9124,1549,2652
2993,fine,450,0.00036,0.7028,0.8279,11163,8086
1764,fine,449,0.00035,0.9329,0.9136,62,4598
3471,fine,449,0.00035,0.9002,0.9111,396,9153
3579,fine,448,0.00035,0.8429,0.8481,10194,9344
243,fine,448,0.00035,0.9265,0.9167,10868,567
590,fine,447,0.00035,0.875,0.9116,12272,1501
2013,fine,447,0.00035,0.8523,0.9389,3632,5445
2695,fine,447,0.00035,0.8378,0.8756,10913,7450
1734,fine,447,0.00035,0.9126,0.9363,3062,4498
3213,fine,446,0.00035,0.9398,0.9024,3563,8548
3466,fine,445,0.00035,0.8704,0.8648,10449,9143
1619,fine,445,0.00035,0.8945,0.9223,12553,4168
1554,fine,444,0.00035,0.8914,0.8769,3147,3985
1320,fine,444,0.00035,0.9204,0.9483,4208,3368
2904,fine,443,0.00035,0.9226,0.8884,8778,7908
588,fine,443,0.00035,0.8757,0.9011,12306,1501
976,fine,442,0.00035,0.9056,0.9151,4792,2510
2541,fine,442,0.00035,0.951,0.858,7327,7103
31,fine,442,0.00035,0.901,0.8847,12111,64
1390,fine,441,0.00035,0.885,0.8999,6055,3586
617,fine,441,0.00035,0.912,0.9098,7778,1555
1826,fine,440,0.00035,0.9076,0.9287,6104,4762
3512,fine,440,0.00035,0.9406,0.8801,4903,9262
1431,fine,440,0.00035,0.9094,0.8913,12414,3669
1253,fine,439,0.00035,0.8972,0.9429,999,3190
2654,fine,439,0.00035,0.9067,0.8692,10633,7375
1601,fine,439,0.00035,0.9133,0.8546,3132,4133
2312,fine,439,0.00035,0.9287,0.9013,6070,6473
1612,fine,438,0.00035,0.925,0.7773,1884,4171
2487,fine,438,0.00035,0.8485,0.9354,1784,6894
449,fine,438,0.00035,0.9077,0.9321,7101,1144
997,fine,437,0.00035,0.8886,0.8912,4459,2597
911,fine,436,0.00034,0.9654,0.9185,11301,2317
808,fine,436,0.00034,0.9301,0.9265,4430,2029
1441,fine,435,0.00034,0.838,0.9043,490,3691
3609,fine,435,0.00034,0.8301,0.8378,9435,9400
3454,fine,435,0.00034,0.8125,0.9274,973,9113
1093,fine,434,0.00034,0.9446,0.9555,10171,2815
2139,fine,434,0.00034,0.9292,0.9039,10607,5949
1829,fine,434,0.00034,0.9111,0.9368,6582,4769
2629,fine,434,0.00034,0.912,0.8887,7839,7314
1781,fine,433,0.00034,0.953,0.954,13250,4624
609,fine,433,0.00034,0.9398,0.9086,11136,1540
2643,fine,433,0.00034,0.9322,0.9092,5512,7340
2625,fine,433,0.00034,0.905,0.873,6299,7302
2770,fine,433,0.00034,0.8833,0.9254,9427,7649
2710,fine,433,0.00034,0.8993,0.9158,6498,7488
2253,fine,433,0.00034,0.9539,0.9252,9992,6339
471,fine,433,0.00034,0.8379,0.8585,1165,1186
3346,fine,432,0.00034,0.9207,0.9162,12071,8860
2027,fine,432,0.00034,0.9031,0.9456,10123,5497
2822,fine,432,0.00034,0.9325,0.9214,128,7756
865,fine,431,0.00034,0.9441,0.895,6988,2218
2275,fine,430,0.00034,0.9617,0.9268,10226,6401
664,fine,430,0.00034,0.9008,0.903,201,1687
1354,fine,430,0.00034,0.9441,0.8678,4220,3479
3385,fine,429,0.00034,0.7958,0.8997,4929,8948
2492,fine,428,0.00034,0.9438,0.8784,10517,6928
2777,fine,428,0.00034,0.952,0.9307,5419,7660
563,fine,428,0.00034,0.897,0.913,6586,1408
336,fine,428,0.00034,0.9241,0.8867,5788,748
3639,fine,428,0.00034,0.8637,0.8335,1007,9445
3409,fine,428,0.00034,0.9467,0.8792,8101,8990
2985,fine,426,0.00034,0.9115,0.8984,8998,8070
496,fine,426,0.00034,0.9044,0.9373,141,1245
1585,fine,425,0.00034,0.8102,0.9333,6464,4080
1474,fine,425,0.00034,0.8719,0.9117,6130,3777
2268,fine,425,0.00034,0.9654,0.8838,11061,6393
1161,fine,423,0.00033,0.8849,0.8707,10633,2958
1466,fine,423,0.00033,0.8983,0.9053,13255,3762
3587,fine,423,0.00033,0.907,0.8726,11980,9355
2981,fine,422,0.00033,0.9335,0.9038,8808,8061
1103,fine,422,0.00033,0.9352,0.8851,10639,2833
1342,fine,421,0.00033,0.8839,0.7944,3127,3457
896,fine,420,0.00033,0.9034,0.94,2276,2301
3535,fine,420,0.00033,0.8519,0.8966,6138,9286
3483,fine,420,0.00033,0.8827,0.8974,10518,9192
537,fine,420,0.00033,0.8978,0.8775,165,1349
1250,fine,420,0.00033,0.8887,0.9026,1446,3193
1107,fine,420,0.00033,0.9121,0.9292,13161,2845
2110,fine,420,0.00033,0.9041,0.9441,961,5835
1618,fine,419,0.00033,0.9624,0.8954,10503,4170
128,fine,419,0.00033,0.9368,0.8792,5786,283
2684,fine,419,0.00033,0.9474,0.8826,119,7433
3439,fine,419,0.00033,0.9583,0.7681,4653,9063
3243,fine,419,0.00033,0.7795,0.8971,5090,8605
883,fine,419,0.00033,0.9387,0.9289,6989,2265
457,fine,419,0.00033,0.8785,0.9009,2821,1154
1432,fine,419,0.00033,0.9232,0.8886,4313,3673
1118,fine,419,0.00033,0.9079,0.8955,8587,2875
792,fine,418,0.00033,0.9362,0.9497,10970,1968
2281,fine,417,0.00033,0.9298,0.8911,7909,6420
2761,fine,417,0.00033,0.9304,0.8774,12209,7639
1817,fine,416,0.00033,0.9473,0.8548,4406,4729
1301,fine,416,0.00033,0.9226,0.8919,7624,3328
627,fine,416,0.00033,0.8771,0.8764,12015,1583
1758,fine,415,0.00033,0.9077,0.9418,5684,4582
2474,fine,415,0.00033,0.8573,0.8335,6273,6850
2783,fine,415,0.00033,0.9202,0.9412,10284,7672
1836,fine,415,0.00033,0.9442,0.9112,4419,4797
35,fine,415,0.00033,0.9222,0.8839,1799,81
1120,fine,415,0.00033,0.9329,0.8927,10553,2875
892,fine,414,0.00033,0.8902,0.9247,8124,2286
183,fine,414,0.00033,0.9698,0.9183,2593,425
1857,fine,414,0.00033,0.9619,0.9474,4898,4845
2520,fine,413,0.00033,0.8342,0.8992,72,7015
3492,fine,413,0.00033,0.8482,0.8666,6409,9222
638,fine,411,0.00032,0.9262,0.9421,3137,1605
2994,fine,410,0.00032,0.8767,0.8459,10150,8089
381,fine,409,0.00032,0.8968,0.937,4077,937
327,fine,409,0.00032,0.9271,0.9243,9757,716
3420,fine,409,0.00032,0.8779,0.9256,582,9009
1717,fine,409,0.00032,0.9158,0.8278,13108,4453
558,fine,409,0.00032,0.8954,0.9057,7431,1388
2857,fine,409,0.00032,0.6156,0.9298,620,7803
673,fine,408,0.00032,0.8122,0.8965,647,1705
210,fine,408,0.00032,0.9289,0.8927,9552,481
1124,fine,408,0.00032,0.9422,0.9267,9739,2899
2126,fine,407,0.00032,0.9182,0.9209,4231,5876
1283,fine,407,0.00032,0.8621,0.8451,2186,3266
694,fine,407,0.00032,0.896,0.9347,5206,1745
3538,fine,406,0.00032,0.849,0.7942,10288,9297
855,fine,406,0.00032,0.9059,0.907,8758,2178
1814,fine,406,0.00032,0.9163,0.9142,5442,4721
1694,fine,405,0.00032,0.9347,0.9046,4790,4391
2510,fine,405,0.00032,0.9193,0.8751,7350,6967
914,fine,404,0.00032,0.8983,0.8609,1514,2332
595,fine,403,0.00032,0.9127,0.9475,8586,1512
1365,fine,403,0.00032,0.9134,0.9257,11708,3517
1396,fine,403,0.00032,0.8766,0.916,2542,3608
512,fine,403,0.00032,0.9403,0.9236,10423,1281
2511,fine,402,0.00032,0.9417,0.8475,10549,6976
902,fine,402,0.00032,0.9221,0.8925,5548,2313
276,fine,402,0.00032,0.9311,0.8696,10739,630
463,fine,402,0.00032,0.9274,0.8383,7989,1166
756,fine,402,0.00032,0.8999,0.8846,7467,1869
1729,fine,402,0.00032,0.8876,0.8759,1713,4478
657,fine,402,0.00032,0.8478,0.8695,5624,1660
1108,fine,402,0.00032,0.8892,0.868,2580,2844
1238,fine,401,0.00032,0.8833,0.9301,4120,3128
191,fine,400,0.00032,0.9236,0.9013,534,447
1493,fine,399,0.00032,0.8593,0.9073,6134,3827
1940,fine,399,0.00032,0.9106,0.9099,2309,5205
2660,fine,399,0.00032,0.9533,0.9294,4479,7374
3030,fine,399,0.00032,0.7345,0.857,11104,8178
1394,fine,399,0.00032,0.951,0.864,10360,3591
1963,fine,398,0.00031,0.9021,0.9406,10904,5285
1006,fine,397,0.00031,0.8944,0.8858,2762,2618
290,fine,397,0.00031,0.9264,0.9304,760,658
2984,fine,396,0.00031,0.8675,0.8992,7136,8068
857,fine,396,0.00031,0.8789,0.7435,1579,2212
2713,fine,396,0.00031,0.9244,0.8516,12441,7496
1897,fine,396,0.00031,0.8664,0.8946,1471,5029
3386,fine,396,0.00031,0.8808,0.7968,13296,8942
629,fine,396,0.00031,0.8423,0.8758,643,1590
2152,fine,396,0.00031,0.9569,0.9371,11570,5988
825,fine,395,0.00031,0.9136,0.8834,9484,2082
3109,fine,395,0.00031,0.824,0.8817,10973,8335
3066,fine,395,0.00031,0.8816,0.8948,10180,8243
3411,fine,395,0.00031,0.9053,0.8323,13071,8999
363,fine,395,0.00031,0.9528,0.9033,10339,843
1565,fine,395,0.00031,0.9486,0.9368,1321,4014
3162,fine,394,0.00031,0.6488,0.8847,1648,8441
2003,fine,394,0.00031,0.8699,0.835,9858,5413
3056,fine,393,0.00031,0.8278,0.8794,9886,8230
2553,fine,393,0.00031,0.9324,0.9092,9047,7132
3548,fine,393,0.00031,0.8542,0.8008,6085,9308
3559,fine,393,0.00031,0.8162,0.8464,5865,9323
1637,fine,392,0.00031,0.8984,0.8903,8311,4214
3577,fine,392,0.00031,0.8587,0.8945,6151,9343
1129,fine,392,0.00031,0.886,0.9341,12033,2898
848,fine,391,0.00031,0.888,0.9119,2484,2155
509,fine,391,0.00031,0.9028,0.8757,144,1278
3509,fine,391,0.00031,0.9043,0.8648,8895,9248
2952,fine,391,0.00031,0.9282,0.8448,4625,8008
1192,fine,390,0.00031,0.8845,0.9329,4285,3024
1239,fine,390,0.00031,0.8824,0.9124,4093,3140
175,fine,390,0.00031,0.9451,0.8945,5501,410
2463,fine,390,0.00031,0.8955,0.9021,3751,6828
59,fine,390,0.00031,0.9512,0.9246,2617,123
477,fine,390,0.00031,0.8941,0.8797,8870,1197
1788,fine,389,0.00031,0.8885,0.8676,10277,4652
1368,fine,389,0.00031,0.7934,0.8795,11237,3526
2129,fine,389,0.00031,0.9578,0.8826,11599,5898
3208,fine,389,0.00031,0.8919,0.796,10113,8536
3421,fine,389,0.00031,0.7948,0.8395,5930,9017
2702,fine,389,0.00031,0.9301,0.8811,12404,7459
1510,fine,388,0.00031,0.9741,0.9271,10483,3888
1711,fine,388,0.00031,0.9071,0.8915,3141,4435
267,fine,387,0.00031,0.9434,0.8923,572,615
3532,fine,387,0.00031,0.8412,0.853,10184,9289
1050,fine,387,0.00031,0.9158,0.8885,5213,2738
2882,fine,386,0.00031,0.7891,0.8325,5993,7855
541,fine,385,0.0003,0.881,0.9059,12986,1367
470,fine,385,0.0003,0.9275,0.8593,8137,1184
3381,fine,385,0.0003,0.9156,0.9443,11450,8936
2357,fine,384,0.0003,0.9468,0.9188,5778,6553
3019,fine,384,0.0003,0.9071,0.8276,9009,8143
2449,fine,382,0.0003,0.9279,0.9416,9178,6789
115,fine,382,0.0003,0.9314,0.8813,2997,265
315,fine,382,0.0003,0.9506,0.9524,7578,702
3239,fine,381,0.0003,0.8447,0.8584,11459,8592
349,fine,381,0.0003,0.9089,0.9329,4102,786
220,fine,381,0.0003,0.9349,0.8575,4020,505
2615,fine,381,0.0003,0.8803,0.8168,2524,7273
71,fine,381,0.0003,0.9483,0.8878,8630,155
318,fine,380,0.0003,0.8806,0.864,1128,701
1227,fine,380,0.0003,0.9325,0.8533,1077,3101
2431,fine,380,0.0003,0.9063,0.9358,1143,6732
227,fine,379,0.0003,0.919,0.8268,892,528
1682,fine,379,0.0003,0.9167,0.9219,8321,4350
677,fine,379,0.0003,0.9094,0.8615,2365,1715
766,fine,378,0.0003,0.9403,0.8706,10070,1905
2053,fine,378,0.0003,0.9056,0.9257,2479,5601
1028,fine,378,0.0003,0.961,0.9139,7358,2669
2692,fine,377,0.0003,0.9092,0.8694,10642,7445
3649,fine,377,0.0003,0.8665,0.8712,11456,9456
2759,fine,377,0.0003,0.9098,0.9252,6823,7636
1507,fine,376,0.0003,0.9625,0.9214,10598,3875
413,fine,376,0.0003,0.816,0.8876,3790,1041
940,fine,376,0.0003,0.8316,0.9319,3130,2398
2185,fine,376,0.0003,0.8753,0.9068,1768,6095
2995,fine,376,0.0003,0.9207,0.8995,8879,8097
2798,fine,376,0.0003,0.9616,0.9455,4809,7720
3153,fine,376,0.0003,0.8265,0.7965,5445,8434
1194,fine,376,0.0003,0.9166,0.9201,512,3022
1962,fine,375,0.0003,0.9022,0.9382,6593,5278
2138,fine,375,0.0003,0.939,0.8923,10533,5942
1275,fine,375,0.0003,0.857,0.8839,2151,3246
526,fine,374,0.0003,0.8925,0.8918,2328,1320
2454,fine,374,0.0003,0.8571,0.8784,6239,6816
3479,fine,373,0.00029,0.8731,0.8579,11106,9181
608,fine,372,0.00029,0.9442,0.8578,8018,1538
371,fine,371,0.00029,0.8948,0.9213,5869,881
2219,fine,371,0.00029,0.7391,0.8253,3823,6209
703,fine,371,0.00029,0.945,0.9098,10965,1768
2164,fine,371,0.00029,0.9156,0.9371,6817,6012
3568,fine,371,0.00029,0.8052,0.8463,5835,9336
3069,fine,370,0.00029,0.8987,0.9144,9337,8248
3586,fine,370,0.00029,0.9086,0.7882,11938,9357
2199,fine,370,0.00029,0.9568,0.9064,9622,6127
2375,fine,370,0.00029,0.9147,0.8916,11752,6583
2802,fine,368,0.00029,0.9583,0.901,4746,7721
1293,fine,367,0.00029,0.888,0.8956,1442,3309
1541,fine,367,0.00029,0.9105,0.917,2260,3956
1892,fine,367,0.00029,0.9349,0.9232,2730,5022
3088,fine,366,0.00029,0.7838,0.8303,6094,8297
3195,fine,366,0.00029,0.9445,0.942,3553,8505
1957,fine,366,0.00029,0.93,0.9361,10722,5258
3335,fine,366,0.00029,0.9447,0.9299,8348,8833
906,fine,365,0.00029,0.9515,0.9491,11074,2312
1032,fine,365,0.00029,0.8979,0.7873,2852,2681
1060,fine,365,0.00029,0.8756,0.8575,9293,2760
1256,fine,365,0.00029,0.9353,0.8968,7818,3195
480,fine,365,0.00029,0.9261,0.8964,8253,1214
700,fine,364,0.00029,0.8784,0.9006,218,1759
1849,fine,364,0.00029,0.9354,0.9178,5315,4821
3084,fine,364,0.00029,0.8907,0.9276,4349,8282
3154,fine,364,0.00029,0.8274,0.9025,6452,8428
200,fine,364,0.00029,0.9309,0.9009,547,478
1537,fine,363,0.00029,0.9198,0.8781,548,3950
2107,fine,363,0.00029,0.9466,0.9352,9696,5825
3237,fine,361,0.00029,0.9251,0.8317,10502,8596
2393,fine,361,0.00029,0.9049,0.8933,12046,6632
2561,fine,361,0.00029,0.9501,0.9151,7360,7158
301,fine,360,0.00028,0.9481,0.9408,11763,671
3310,fine,360,0.00028,0.8298,0.8607,9190,8775
1425,fine,360,0.00028,0.9063,0.9348,3578,3656
426,fine,359,0.00028,0.8545,0.872,1125,1077
937,fine,359,0.00028,0.859,0.9005,1665,2388
2339,fine,359,0.00028,0.8868,0.8585,3523,6529
295,fine,359,0.00028,0.9395,0.8757,10572,670
2653,fine,359,0.00028,0.9109,0.8597,6245,7360
2594,fine,358,0.00028,0.943,0.8332,12310,7228
3249,fine,358,0.00028,0.9486,0.9256,3936,8617
2793,fine,358,0.00028,0.907,0.8838,10678,7706
1246,fine,357,0.00028,0.9361,0.8998,10183,3182
1600,fine,357,0.00028,0.9146,0.8395,663,4120
2620,fine,356,0.00028,0.9538,0.8686,12695,7289
2644,fine,356,0.00028,0.9132,0.8316,6275,7336
1812,fine,356,0.00028,0.93,0.9104,784,4718
1375,fine,356,0.00028,0.9197,0.8632,12357,3539
2247,fine,354,0.00028,0.9327,0.8979,8996,6323
2957,fine,354,0.00028,0.9105,0.9192,1228,8009
1650,fine,354,0.00028,0.9136,0.8383,1909,4271
1081,fine,354,0.00028,0.9056,0.9226,8726,2790
3198,fine,354,0.00028,0.9768,0.9408,8471,8515
1678,fine,353,0.00028,0.9044,0.8033,3190,4341
1261,fine,353,0.00028,0.9311,0.868,10278,3200
3624,fine,353,0.00028,0.9115,0.929,11858,9419
131,fine,353,0.00028,0.953,0.8464,5097,295
981,fine,353,0.00028,0.9276,0.9163,6927,2526
1657,fine,352,0.00028,0.9353,0.91,11035,4270
1680,fine,352,0.00028,0.9283,0.933,11564,4342
2108,fine,351,0.00028,0.952,0.946,9426,5828
177,fine,351,0.00028,0.9125,0.8717,4216,406
102,fine,351,0.00028,0.8695,0.8868,6180,214
95,fine,351,0.00028,0.9222,0.8043,2041,210
3431,fine,351,0.00028,0.927,0.9326,8005,9035
3353,fine,351,0.00028,0.8139,0.8692,6303,8890
3497,fine,350,0.00028,0.6874,0.8744,2187,9232
3252,fine,350,0.00028,0.7398,0.9265,795,8627
2161,fine,350,0.00028,0.8577,0.8752,261,6011
1623,fine,350,0.00028,0.8513,0.8464,3456,4179
3419,fine,349,0.00028,0.8731,0.8736,9900,9004
1044,fine,349,0.00028,0.9051,0.8564,8821,2706
2211,fine,349,0.00028,0.9153,0.93,6265,6179
539,fine,349,0.00028,0.824,0.8664,11910,1354
1102,fine,348,0.00028,0.9192,0.9061,1133,2832
53,fine,348,0.00028,0.9429,0.9183,5432,119
1820,fine,348,0.00028,0.9362,0.8748,2143,4741
2297,fine,348,0.00028,0.9026,0.8959,1250,6447
3077,fine,348,0.00028,0.907,0.9378,7798,8263
927,fine,348,0.00028,0.9683,0.9106,11280,2346
2745,fine,347,0.00027,0.8937,0.8496,11922,7603
241,fine,347,0.00027,0.9466,0.8314,10559,567
3417,fine,347,0.00027,0.8256,0.8838,6448,9009
93,fine,347,0.00027,0.9319,0.8589,2178,196
3408,fine,346,0.00027,0.9026,0.8783,13118,8995
589,fine,346,0.00027,0.9321,0.8822,10227,1501
1704,fine,346,0.00027,0.9134,0.8623,8484,4409
2766,fine,345,0.00027,0.8344,0.8117,6004,7645
1593,fine,345,0.00027,0.8713,0.9293,7309,4100
467,fine,345,0.00027,0.9585,0.9381,6829,1180
845,fine,345,0.00027,0.8952,0.9306,8306,2148
2746,fine,345,0.00027,0.8938,0.8913,3294,7607
2080,fine,345,0.00027,0.8958,0.7868,881,5711
2889,fine,345,0.00027,0.8543,0.8627,11980,7871
3143,fine,345,0.00027,0.8833,0.9399,7756,8389
396,fine,344,0.00027,0.9207,0.8423,7697,982
920,fine,344,0.00027,0.9567,0.9238,11750,2336
441,fine,344,0.00027,0.8844,0.7568,611,1104
2974,fine,344,0.00027,0.9092,0.9077,9055,8043
1397,fine,343,0.00027,0.8905,0.8233,3297,3612
1248,fine,343,0.00027,0.9336,0.8863,10222,3182
1708,fine,343,0.00027,0.8964,0.9253,9490,4424
2513,fine,343,0.00027,0.9167,0.9408,7318,6977
2127,fine,343,0.00027,0.8646,0.9053,5295,5876
2096,fine,342,0.00027,0.9416,0.9049,10837,5760
1994,fine,342,0.00027,0.9149,0.9353,2725,5387
1882,fine,342,0.00027,0.9385,0.8996,750,4949
1946,fine,341,0.00027,0.9268,0.9177,754,5233
1862,fine,341,0.00027,0.9591,0.9277,5017,4852
485,fine,340,0.00027,0.9042,0.9356,8,1217
2700,fine,340,0.00027,0.8973,0.8376,6465,7455
593,fine,338,0.00027,0.8715,0.8441,737,1506
2401,fine,338,0.00027,0.9255,0.9131,11938,6636
2388,fine,337,0.00027,0.9313,0.8984,10528,6623
2311,fine,337,0.00027,0.9167,0.9019,4983,6477
365,fine,337,0.00027,0.9515,0.8615,10373,850
1099,fine,337,0.00027,0.9019,0.9465,8376,2826
2277,fine,337,0.00027,0.9561,0.8764,8550,6406
1463,fine,337,0.00027,0.9494,0.8809,8603,3762
1436,fine,337,0.00027,0.7481,0.9069,9373,3675
448,fine,336,0.00027,0.8798,0.837,2899,1135
262,fine,336,0.00027,0.9407,0.8825,2637,604
1498,fine,336,0.00027,0.905,0.8472,3441,3831
90,fine,336,0.00027,0.925,0.942,2858,180
3166,fine,336,0.00027,0.8061,0.8192,12761,8446
3569,fine,335,0.00026,0.8583,0.8612,6275,9338
2571,fine,335,0.00026,0.9487,0.8897,12307,7163
576,fine,335,0.00026,0.8408,0.9076,984,1465
2652,fine,335,0.00026,0.933,0.8621,12152,7359
1042,fine,335,0.00026,0.9012,0.9105,2380,2697
672,fine,334,0.00026,0.8604,0.877,5583,1703
2913,fine,334,0.00026,0.8629,0.774,6659,7923
1568,fine,334,0.00026,0.9176,0.9185,8989,4026
1074,fine,334,0.00026,0.8939,0.9281,2350,2779
2112,fine,334,0.00026,0.9373,0.9294,8423,5834
271,fine,333,0.00026,0.9414,0.8526,10593,627
899,fine,333,0.00026,0.9397,0.9042,12079,2310
2006,fine,333,0.00026,0.8937,0.9136,4498,5425
1222,fine,333,0.00026,0.9169,0.9195,1381,3076
1987,fine,333,0.00026,0.8469,0.9027,3627,5373
3629,fine,333,0.00026,0.9644,0.8672,13188,9431
1890,fine,333,0.00026,0.8911,0.9074,3100,5000
3365,fine,332,0.00026,0.8793,0.828,10029,8912
2351,fine,332,0.00026,0.9729,0.9038,11125,6546
118,fine,332,0.00026,0.9454,0.9406,8746,258
724,fine,332,0.00026,0.8705,0.8816,6268,1800
1949,fine,331,0.00026,0.9194,0.9394,12534,5237
1415,fine,331,0.00026,0.948,0.8336,10267,3642
2383,fine,331,0.00026,0.9039,0.8987,11712,6611
1446,fine,331,0.00026,0.9253,0.9216,4309,3706
1359,fine,331,0.00026,0.9038,0.9274,5249,3489
2970,fine,331,0.00026,0.8695,0.9198,10789,8038
488,fine,330,0.00026,0.9208,0.8989,7049,1218
3083,fine,330,0.00026,0.8905,0.856,10287,8275
3359,fine,330,0.00026,0.9602,0.8722,8205,8902
817,fine,330,0.00026,0.8969,0.9411,8805,2054
1916,fine,330,0.00026,0.9373,0.9174,2415,5104
2865,fine,329,0.00026,0.7279,0.8833,531,7824
1645,fine,329,0.00026,0.9114,0.8304,1209,4245
2558,fine,329,0.00026,0.935,0.9158,9018,7139
1991,fine,329,0.00026,0.8928,0.8808,4444,5382
2767,fine,328,0.00026,0.8825,0.8375,10466,7647
2689,fine,328,0.00026,0.8732,0.9385,3903,7436
2549,fine,328,0.00026,0.8453,0.9409,8,7123
1902,fine,328,0.00026,0.927,0.9223,2813,5054
2009,fine,327,0.00026,0.8927,0.8777,520,5430
2146,fine,327,0.00026,0.9344,0.8412,10554,5965
1048,fine,327,0.00026,0.9422,0.8819,10353,2721
1615,fine,327,0.00026,0.9416,0.9209,10691,4162
2215,fine,327,0.00026,0.9097,0.9136,5106,6190
3173,fine,327,0.00026,0.9079,0.8706,10304,8465
3217,fine,327,0.00026,0.9137,0.8745,10666,8553
1782,fine,326,0.00026,0.7974,0.9394,3782,4632
99,fine,326,0.00026,0.9161,0.9116,447,216
2377,fine,326,0.00026,0.9103,0.9123,1250,6581
3265,fine,325,0.00026,0.9834,0.8992,8259,8662
2162,fine,325,0.00026,0.8763,0.9309,1007,6009
278,fine,325,0.00026,0.9482,0.9332,11641,625
779,fine,324,0.00026,0.9383,0.9053,11839,1930
303,fine,323,0.00026,0.92,0.9302,2665,673
2916,fine,323,0.00026,0.9104,0.8413,12423,7934
1607,fine,323,0.00026,0.8934,0.9161,12604,4144
3254,fine,323,0.00026,0.8684,0.8438,12110,8627
3519,fine,322,0.00025,0.8516,0.8581,6324,9267
1455,fine,322,0.00025,0.8701,0.8691,6184,3736
2942,fine,321,0.00025,0.8796,0.9369,1158,7989
3382,fine,321,0.00025,0.9499,0.9306,4610,8938
2355,fine,321,0.00025,0.9214,0.8589,7759,6549
2279,fine,321,0.00025,0.8893,0.899,3849,6402
2927,fine,321,0.00025,0.9105,0.8934,12412,7955
2407,fine,320,0.00025,0.9067,0.9058,7660,6655
710,fine,320,0.00025,0.8734,0.9365,199,1782
2278,fine,320,0.00025,0.9669,0.9256,11004,6403
699,fine,320,0.00025,0.834,0.8591,831,1753
330,fine,320,0.00025,0.8667,0.901,6,726
2852,fine,320,0.00025,0.7955,0.8017,5733,7796
1996,fine,320,0.00025,0.8773,0.9184,4024,5389
757,fine,318,0.00025,0.8518,0.9418,270,1860
230,fine,318,0.00025,0.9569,0.8565,2472,524
1649,fine,317,0.00025,0.9235,0.8949,4285,4254
1054,fine,317,0.00025,0.8387,0.9039,12884,2737
2555,fine,317,0.00025,0.9476,0.9065,11053,7133
886,fine,317,0.00025,0.8862,0.9386,13235,2273
1616,fine,317,0.00025,0.9291,0.7169,1826,4169
1851,fine,317,0.00025,0.8912,0.8822,2277,4826
2305,fine,317,0.00025,0.9137,0.9048,6868,6467
10,fine,317,0.00025,0.8425,0.868,6565,21
862,fine,317,0.00025,0.9163,0.8927,5461,2203
378,fine,316,0.00025,0.9429,0.8604,8259,901
456,fine,316,0.00025,0.9607,0.941,6868,1150
3388,fine,316,0.00025,0.8775,0.8137,9934,8948
2685,fine,316,0.00025,0.8929,0.8962,2427,7431
503,fine,316,0.00025,0.9194,0.8884,7712,1258
255,fine,315,0.00025,0.948,0.9155,11779,588
312,fine,315,0.00025,0.9269,0.9051,10054,688
2936,fine,315,0.00025,0.9511,0.8908,8631,7976
2399,fine,315,0.00025,0.8323,0.8261,7292,6634
302,fine,315,0.00025,0.8737,0.8672,1156,675
108,fine,315,0.00025,0.919,0.8495,1968,230
1727,fine,315,0.00025,0.9221,0.8381,10100,4469
2922,fine,315,0.00025,0.9048,0.8794,8966,7942
2276,fine,315,0.00025,0.967,0.8984,11091,6400
504,fine,314,0.00025,0.9358,0.8141,10243,1262
3145,fine,314,0.00025,0.8436,0.9069,13307,8396
3506,fine,314,0.00025,0.9274,0.8738,12941,9249
273,fine,314,0.00025,0.9274,0.8833,3957,622
1484,fine,313,0.00025,0.94,0.9218,1686,3784
1866,fine,313,0.00025,0.961,0.9078,4933,4871
2466,fine,313,0.00025,0.8718,0.9043,5663,6835
2074,fine,312,0.00025,0.906,0.9214,9695,5689
659,fine,312,0.00025,0.9525,0.8834,10396,1668
1810,fine,312,0.00025,0.8604,0.903,1676,4703
3111,fine,311,0.00025,0.8032,0.8054,6173,8339
3271,fine,311,0.00025,0.9809,0.9352,8282,8678
2823,fine,311,0.00025,0.9457,0.819,4599,7757
104,fine,310,0.00025,0.9224,0.8743,11937,221
2057,fine,310,0.00025,0.8419,0.9319,3613,5608
649,fine,310,0.00025,0.9065,0.8224,7853,1632
409,fine,310,0.00025,0.9247,0.9185,8022,1016
208,fine,310,0.00025,0.9071,0.9049,7825,482
2624,fine,310,0.00025,0.9418,0.8905,12484,7298
648,fine,310,0.00025,0.9421,0.8658,9862,1626
1838,fine,309,0.00024,0.9132,0.8644,6564,4799
3350,fine,309,0.00024,0.912,0.8308,11257,8872
3164,fine,309,0.00024,0.6899,0.8252,11655,8442
2675,fine,309,0.00024,0.8991,0.7813,6450,7421
3062,fine,309,0.00024,0.6951,0.8537,11129,8235
597,fine,309,0.00024,0.9115,0.9043,8609,1513
2706,fine,308,0.00024,0.9365,0.9162,4365,7478
1664,fine,308,0.00024,0.9109,0.8925,1639,4302
355,fine,308,0.00024,0.9196,0.8768,563,807
1974,fine,307,0.00024,0.9341,0.855,10679,5334
1614,fine,307,0.00024,0.8785,0.9169,9657,4157
472,fine,307,0.00024,0.9267,0.9349,4549,1181
2147,fine,306,0.00024,0.9258,0.9005,9041,5967
2366,fine,306,0.00024,0.8771,0.8617,7368,6567
2464,fine,306,0.00024,0.9352,0.8739,9072,6829
1822,fine,306,0.00024,0.8646,0.8524,1678,4746
2406,fine,305,0.00024,0.885,0.8951,1028,6650
1306,fine,305,0.00024,0.8677,0.7801,1984,3334
354,fine,305,0.00024,0.8922,0.874,10729,799
2719,fine,305,0.00024,0.9177,0.8436,10739,7509
755,fine,305,0.00024,0.9392,0.9151,10063,1857
39,fine,304,0.00024,0.9462,0.885,5799,84
2335,fine,304,0.00024,0.9401,0.8904,11882,6516
3403,fine,304,0.00024,0.9026,0.8973,11204,8984
3436,fine,303,0.00024,0.8631,0.8838,9954,9047
69,fine,303,0.00024,0.9464,0.8357,6012,149
1944,fine,303,0.00024,0.908,0.9111,7317,5215
148,fine,303,0.00024,0.9344,0.908,11845,333
1419,fine,303,0.00024,0.9299,0.8864,4269,3653
3116,fine,303,0.00024,0.8825,0.8136,10740,8351
2017,fine,302,0.00024,0.9367,0.9331,5147,5451
2293,fine,302,0.00024,0.9285,0.9334,986,6438
489,fine,302,0.00024,0.898,0.8732,8836,1226
3647,fine,302,0.00024,0.6912,0.8446,3505,9462
1438,fine,301,0.00024,0.9301,0.896,4267,3688
957,fine,301,0.00024,0.879,0.8584,1588,2447
1492,fine,301,0.00024,0.9217,0.9045,2015,3813
2590,fine,300,0.00024,0.9053,0.8878,10912,7204
3463,fine,300,0.00024,0.8945,0.8776,10722,9129
2861,fine,300,0.00024,0.813,0.8642,438,7814
3205,fine,300,0.00024,0.9418,0.8964,3574,8525
3074,fine,300,0.00024,0.8433,0.8385,9936,8260
540,fine,300,0.00024,0.8321,0.9126,11748,1356
1953,fine,300,0.00024,0.8684,0.8634,1964,5253
935,fine,300,0.00024,0.9424,0.7508,12045,2375
1590,fine,300,0.00024,0.9183,0.82,599,4087
1302,fine,300,0.00024,0.7664,0.9028,9521,3333
1721,fine,300,0.00024,0.9145,0.9089,3076,4467
1004,fine,299,0.00024,0.9065,0.8822,13215,2613
2455,fine,299,0.00024,0.8659,0.9001,7312,6810
3140,fine,299,0.00024,0.8656,0.8177,9981,8389
1364,fine,299,0.00024,0.9302,0.876,10684,3516
3253,fine,298,0.00024,0.8446,0.8777,11264,8626
3404,fine,298,0.00024,0.8522,0.9017,720,8984
2005,fine,298,0.00024,0.8414,0.8473,3574,5416
297,fine,298,0.00024,0.9207,0.9287,2641,663
1400,fine,298,0.00024,0.9163,0.8672,12438,3612
1670,fine,298,0.00024,0.9295,0.8943,11048,4309
1499,fine,298,0.00024,0.9152,0.8785,2142,3835
1816,fine,298,0.00024,0.93,0.9225,797,4731
1339,fine,297,0.00023,0.9181,0.9242,1442,3442
383,fine,297,0.00023,0.939,0.8466,8224,936
3461,fine,297,0.00023,0.7931,0.861,3453,9117
3228,fine,297,0.00023,0.9276,0.8092,10515,8572
2450,fine,297,0.00023,0.8888,0.9038,5743,6798
2599,fine,297,0.00023,0.8806,0.8868,5613,7231
2226,fine,297,0.00023,0.9271,0.8231,8752,6251
3242,fine,297,0.00023,0.8054,0.7564,1062,8601
2617,fine,297,0.00023,0.8669,0.808,6121,7281
2941,fine,296,0.00023,0.9523,0.8763,8676,7989
564,fine,296,0.00023,0.8948,0.8575,167,1411
3194,fine,296,0.00023,0.8774,0.8285,3220,8498
2483,fine,296,0.00023,0.8874,0.8349,3038,6885
2385,fine,296,0.00023,0.9695,0.9157,11153,6612
141,fine,295,0.00023,0.9425,0.8279,5186,316
1824,fine,295,0.00023,0.9225,0.9041,5396,4758
791,fine,295,0.00023,0.9266,0.9006,9546,1959
3011,fine,294,0.00023,0.8546,0.8468,2139,8124
3112,fine,294,0.00023,0.8862,0.8539,10162,8337
3044,fine,294,0.00023,0.8721,0.8824,10061,8209
2920,fine,294,0.00023,0.9258,0.8803,4575,7937
215,fine,294,0.00023,0.9403,0.7881,10504,501
3524,fine,294,0.00023,0.9161,0.917,370,9277
1001,fine,294,0.00023,0.9406,0.8825,5437,2607
656,fine,294,0.00023,0.8404,0.9067,3599,1648
401,fine,293,0.00023,0.8677,0.8579,1077,998
1243,fine,293,0.00023,0.9146,0.9266,9907,3156
2256,fine,293,0.00023,0.9061,0.8982,75,6343
494,fine,293,0.00023,0.9265,0.9328,7024,1236
751,fine,293,0.00023,0.7709,0.7536,1530,1846
2030,fine,292,0.00023,0.9267,0.9203,2597,5506
2735,fine,292,0.00023,0.8925,0.826,10809,7560
80,fine,292,0.00023,0.9582,0.8381,4979,171
1271,fine,292,0.00023,0.9098,0.8931,7903,3231
21,fine,291,0.00023,0.9088,0.9332,10785,41
2963,fine,291,0.00023,0.7237,0.8762,845,8017
3013,fine,291,0.00023,0.8637,0.8666,10028,8140
1856,fine,291,0.00023,0.9525,0.9313,584,4843
1457,fine,291,0.00023,0.9228,0.8922,2042,3735
225,fine,291,0.00023,0.942,0.8915,3963,519
3256,fine,291,0.00023,0.8727,0.8956,11503,8636
1757,fine,291,0.00023,0.929,0.8999,881,4582
492,fine,291,0.00023,0.901,0.8534,176,1234
256,fine,291,0.00023,0.9482,0.9277,11699,594
2704,fine,290,0.00023,0.8882,0.8099,11902,7466
1297,fine,290,0.00023,0.8709,0.7404,2237,3323
1640,fine,290,0.00023,0.9172,0.8853,627,4221
2018,fine,290,0.00023,0.9229,0.864,2388,5459
229,fine,290,0.00023,0.8953,0.9106,7007,526
2584,fine,289,0.00023,0.9469,0.8404,12605,7194
3220,fine,289,0.00023,0.7902,0.8368,11204,8558
1142,fine,289,0.00023,0.8821,0.8764,10761,2913
2875,fine,289,0.00023,0.9027,0.9191,8821,7838
2755,fine,289,0.00023,0.8846,0.9191,9428,7622
3333,fine,288,0.00023,0.8191,0.8816,7575,8825
1529,fine,288,0.00023,0.9077,0.8479,3837,3934
3613,fine,288,0.00023,0.8624,0.8382,6142,9402
665,fine,288,0.00023,0.9078,0.9067,2070,1682
3046,fine,288,0.00023,0.8644,0.931,7560,8211
1190,fine,288,0.00023,0.9217,0.8954,7230,3018
3375,fine,287,0.00023,0.8804,0.8216,9912,8921
2301,fine,287,0.00023,0.8668,0.9204,5160,6455
117,fine,287,0.00023,0.8457,0.893,12221,255
84,fine,287,0.00023,0.9526,0.8352,5107,177
596,fine,287,0.00023,0.9009,0.8562,3399,1516
934,fine,287,0.00023,0.8892,0.7103,1261,2367
2236,fine,287,0.00023,0.9642,0.8808,8493,6289
1521,fine,286,0.00023,0.9072,0.8649,3309,3924
1316,fine,286,0.00023,0.8843,0.8628,2498,3358
2086,fine,286,0.00023,0.9306,0.8404,8419,5724
284,fine,286,0.00023,0.9427,0.9028,10566,633
3305,fine,286,0.00023,0.9276,0.9019,11451,8750
1121,fine,285,0.00023,0.9397,0.8977,10161,2886
440,fine,285,0.00023,0.8354,0.8854,12708,1113
1350,fine,285,0.00023,0.9305,0.8868,12616,3469
1469,fine,285,0.00023,0.9095,0.6903,3774,3777
478,fine,285,0.00023,0.899,0.9174,8841,1199
2122,fine,285,0.00023,0.9283,0.9265,8599,5857
2498,fine,285,0.00023,0.8903,0.9412,3092,6927
2114,fine,285,0.00023,0.9457,0.9336,9278,5835
50,fine,284,0.00022,0.9225,0.9094,1590,115
3106,fine,284,0.00022,0.8855,0.8557,9317,8342
465,fine,284,0.00022,0.9278,0.8755,7962,1169
2403,fine,284,0.00022,0.9321,0.8689,10518,6641
3065,fine,284,0.00022,0.8715,0.9196,2734,8235
1427,fine,284,0.00022,0.9004,0.8979,13114,3658
11,fine,283,0.00022,0.9056,0.872,10842,23
373,fine,283,0.00022,0.9346,0.883,10567,879
3370,fine,283,0.00022,0.921,0.8262,11349,8916
1175,fine,283,0.00022,0.8785,0.9318,3323,2979
939,fine,282,0.00022,0.8492,0.8764,1692,2395
2081,fine,282,0.00022,0.8901,0.8937,856,5709
783,fine,282,0.00022,0.8555,0.8288,5814,1932
361,fine,282,0.00022,0.9047,0.7621,875,842
49,fine,282,0.00022,0.9072,0.8961,10815,113
3513,fine,282,0.00022,0.848,0.7946,10288,9259
1583,fine,282,0.00022,0.8055,0.9296,6503,4056
2358,fine,282,0.00022,0.9503,0.925,9869,6556
280,fine,282,0.00022,0.9459,0.9356,7608,630
3654,fine,281,0.00022,0.9673,0.9024,13263,9465
3122,fine,281,0.00022,0.8122,0.9051,5445,8354
1809,fine,281,0.00022,0.9399,0.9028,4751,4702
3622,fine,281,0.00022,0.6696,0.847,1544,9421
3001,fine,281,0.00022,0.5811,0.8438,11597,8105
2661,fine,281,0.00022,0.948,0.8769,4577,7374
926,fine,281,0.00022,0.9761,0.9089,11206,2346
2402,fine,281,0.00022,0.9417,0.8928,5835,6639
3283,fine,281,0.00022,0.9201,0.7978,11517,8707
2977,fine,281,0.00022,0.8416,0.8576,6835,8049
294,fine,280,0.00022,0.8866,0.7913,3821,658
2717,fine,280,0.00022,0.9022,0.8379,10417,7496
1552,fine,280,0.00022,0.8978,0.8586,3608,3984
3349,fine,280,0.00022,0.8884,0.9353,3665,8867
1179,fine,280,0.00022,0.9269,0.9069,7191,2992
1335,fine,280,0.00022,0.918,0.8663,10523,3432
1200,fine,279,0.00022,0.9129,0.9325,7367,3027
2895,fine,279,0.00022,0.8699,0.8249,10577,7892
184,fine,279,0.00022,0.8791,0.7296,12039,419
545,fine,279,0.00022,0.912,0.9162,2037,1363
2183,fine,279,0.00022,0.9557,0.9268,8527,6087
341,fine,279,0.00022,0.8459,0.8934,2423,755
3514,fine,279,0.00022,0.8435,0.8605,6481,9262
56,fine,279,0.00022,0.9392,0.8234,5392,121
1503,fine,278,0.00022,0.8985,0.8546,3269,3861
1980,fine,278,0.00022,0.8666,0.9119,12707,5351
701,fine,278,0.00022,0.9564,0.9034,10625,1756
1525,fine,278,0.00022,0.8799,0.9024,8234,3928
1775,fine,278,0.00022,0.9009,0.8605,12614,4613
2460,fine,278,0.00022,0.9679,0.932,10893,6822
1234,fine,277,0.00022,0.9101,0.8772,1384,3112
1901,fine,277,0.00022,0.9437,0.9234,2493,5051
1105,fine,277,0.00022,0.9447,0.9036,13320,2831
2100,fine,276,0.00022,0.9316,0.9205,9060,5780
2295,fine,276,0.00022,0.901,0.9415,4667,6441
2491,fine,276,0.00022,0.8533,0.9356,3837,6919
1116,fine,276,0.00022,0.9546,0.9305,9800,2867
2720,fine,276,0.00022,0.9183,0.8216,10699,7514
2316,fine,276,0.00022,0.9347,0.9422,6023,6488
2458,fine,276,0.00022,0.9312,0.8865,9118,6812
1038,fine,275,0.00022,0.8766,0.8462,2698,2688
770,fine,275,0.00022,0.8534,0.8244,5549,1896
714,fine,275,0.00022,0.8928,0.8912,7362,1783
1840,fine,274,0.00022,0.8669,0.8941,12470,4807
1574,fine,274,0.00022,0.9161,0.7186,623,4050
1864,fine,274,0.00022,0.8558,0.9356,7447,4852
180,fine,274,0.00022,0.9259,0.8305,5808,420
3448,fine,274,0.00022,0.897,0.9151,12732,9091
1653,fine,274,0.00022,0.9196,0.8693,1679,4272
3174,fine,274,0.00022,0.9045,0.854,10757,8467
2261,fine,273,0.00022,0.9408,0.8829,7399,6365
218,fine,273,0.00022,0.8976,0.9008,7042,497
1444,fine,273,0.00022,0.9233,0.8755,2118,3697
2925,fine,273,0.00022,0.8883,0.899,2728,7949
3557,fine,272,0.00022,0.8692,0.7549,9765,9324
2570,fine,272,0.00022,0.9351,0.9054,9006,7162
3137,fine,272,0.00022,0.9301,0.8759,3894,8381
793,fine,272,0.00022,0.9431,0.7683,11174,1983
2622,fine,272,0.00022,0.8683,0.8695,8155,7290
1083,fine,271,0.00021,0.8239,0.9231,739,2793
3468,fine,271,0.00021,0.9483,0.8743,4262,9139
2121,fine,271,0.00021,0.9332,0.9371,9100,5857
3505,fine,271,0.00021,0.9029,0.8484,11971,9247
3101,fine,271,0.00021,0.8102,0.8772,12643,8323
2933,fine,271,0.00021,0.851,0.8418,6624,7976
805,fine,271,0.00021,0.9359,0.9218,11667,2022
2432,fine,270,0.00021,0.8416,0.9094,2736,6740
1193,fine,270,0.00021,0.8971,0.894,3259,3017
624,fine,270,0.00021,0.8562,0.8683,6129,1569
2166,fine,269,0.00021,0.9308,0.9318,6505,6016
3518,fine,269,0.00021,0.8761,0.8201,11080,9270
1933,fine,269,0.00021,0.928,0.8559,5727,5173
2760,fine,269,0.00021,0.9042,0.8041,6945,7638
2427,fine,269,0.00021,0.9594,0.8834,10729,6708
2209,fine,269,0.00021,0.9203,0.9079,12951,6168
1778,fine,268,0.00021,0.8451,0.8107,1623,4621
1138,fine,268,0.00021,0.8843,0.8239,2762,2903
387,fine,268,0.00021,0.8839,0.7828,933,955
915,fine,268,0.00021,0.9604,0.9308,11108,2324
2583,fine,267,0.00021,0.8486,0.838,6131,7194
2345,fine,267,0.00021,0.9579,0.9243,11224,6532
1666,fine,267,0.00021,0.9164,0.8557,610,4305
1040,fine,267,0.00021,0.9302,0.8114,5508,2694
1449,fine,267,0.00021,0.873,0.7643,575,3725
3488,fine,266,0.00021,0.9047,0.8134,11858,9203
2918,fine,266,0.00021,0.8666,0.8842,2074,7933
2694,fine,266,0.00021,0.9164,0.8784,7225,7444
1279,fine,266,0.00021,0.918,0.8354,12319,3250
157,fine,266,0.00021,0.9411,0.8178,5688,344
1542,fine,266,0.00021,0.9096,0.8909,3337,3957
1738,fine,266,0.00021,0.9218,0.9115,5910,4497
2328,fine,265,0.00021,0.8703,0.8845,5130,6512
3495,fine,265,0.00021,0.9555,0.9057,13210,9224
547,fine,265,0.00021,0.9328,0.7851,10229,1371
238,fine,264,0.00021,0.9257,0.8957,8332,556
1932,fine,264,0.00021,0.9339,0.859,11967,5162
3460,fine,264,0.00021,0.8443,0.8224,6604,9115
1218,fine,264,0.00021,0.9179,0.8708,448,3073
2893,fine,264,0.00021,0.9333,0.8866,4594,7884
3025,fine,264,0.00021,0.9644,0.9342,8518,8161
1960,fine,264,0.00021,0.8718,0.9101,3928,5270
1928,fine,264,0.00021,0.9501,0.9019,8279,5147
2231,fine,263,0.00021,0.8867,0.9282,5826,6259
871,fine,262,0.00021,0.9068,0.907,1821,2224
2465,fine,262,0.00021,0.9432,0.9205,8982,6826
2222,fine,262,0.00021,0.9241,0.8801,9030,6227
1063,fine,262,0.00021,0.9216,0.9133,11829,2763
584,fine,262,0.00021,0.9312,0.8604,10215,1482
518,fine,261,0.00021,0.8993,0.8884,2286,1304
2144,fine,261,0.00021,0.885,0.9016,2729,5956
2151,fine,261,0.00021,0.9068,0.9411,4305,5981
2565,fine,261,0.00021,0.87,0.9156,5463,7154
2838,fine,261,0.00021,0.6313,0.9119,601,7773
2821,fine,261,0.00021,0.8886,0.8647,11583,7748
190,fine,261,0.00021,0.9446,0.8793,5517,438
2067,fine,260,0.00021,0.9259,0.8496,9043,5656
3135,fine,260,0.00021,0.9015,0.8342,10363,8376
2370,fine,260,0.00021,0.9068,0.8969,1151,6575
2815,fine,260,0.00021,0.9353,0.8901,5446,7740
1424,fine,260,0.00021,0.9007,0.8866,3438,3655
1236,fine,260,0.00021,0.9208,0.9276,8847,3120
2736,fine,260,0.00021,0.8926,0.8934,3410,7562
579,fine,260,0.00021,0.9305,0.8911,10271,1469
3215,fine,260,0.00021,0.8563,0.9218,13307,8545
3155,fine,260,0.00021,0.9258,0.8759,7101,8423
2079,fine,260,0.00021,0.8258,0.9349,3629,5705
2347,fine,259,0.0002,0.9264,0.854,8286,6539
2598,fine,259,0.0002,0.8232,0.8869,1944,7227
2214,fine,259,0.0002,0.9289,0.9215,12898,6179
1834,fine,259,0.0002,0.9331,0.8842,5301,4786
423,fine,259,0.0002,0.8855,0.8003,763,1066
569,fine,258,0.0002,0.8312,0.8308,1372,1436
3298,fine,258,0.0002,0.821,0.9258,6380,8736
2273,fine,258,0.0002,0.9615,0.9146,10008,6393
1780,fine,258,0.0002,0.9481,0.8608,1887,4622
2575,fine,258,0.0002,0.8717,0.8291,5579,7180
1152,fine,258,0.0002,0.9179,0.8128,5792,2944
3273,fine,258,0.0002,0.9048,0.8992,10568,8679
367,fine,258,0.0002,0.9081,0.8228,809,876
764,fine,258,0.0002,0.8595,0.8353,5495,1887
974,fine,258,0.0002,0.9662,0.9318,11164,2503
2325,fine,258,0.0002,0.9076,0.8938,4762,6500
2696,fine,258,0.0002,0.9109,0.8119,12015,7448
2794,fine,257,0.0002,0.8291,0.9159,10920,7703
2068,fine,257,0.0002,0.9413,0.9311,11872,5648
1188,fine,256,0.0002,0.8826,0.9328,3336,3005
1460,fine,256,0.0002,0.8964,0.8826,8085,3748
3043,fine,256,0.0002,0.8654,0.8823,5175,8205
2004,fine,256,0.0002,0.9161,0.9319,2716,5415
1867,fine,256,0.0002,0.9236,0.8918,1959,4872
1630,fine,256,0.0002,0.9421,0.8241,10670,4190
125,fine,256,0.0002,0.9383,0.8857,5761,274
2022,fine,255,0.0002,0.8948,0.9252,5543,5470
1007,fine,255,0.0002,0.8899,0.7852,2938,2620
192,fine,255,0.0002,0.9144,0.829,4274,445
3618,fine,255,0.0002,0.8476,0.8348,9243,9409
2542,fine,255,0.0002,0.9307,0.8416,10125,7103
735,fine,255,0.0002,0.8609,0.9303,277,1814
903,fine,255,0.0002,0.8898,0.8985,8357,2301
3600,fine,254,0.0002,0.672,0.8411,1532,9375
3545,fine,254,0.0002,0.8971,0.8462,12113,9294
1332,fine,254,0.0002,0.8864,0.8571,2981,3422
1156,fine,254,0.0002,0.8919,0.8744,10629,2943
451,fine,254,0.0002,0.8823,0.835,691,1134
2740,fine,254,0.0002,0.8732,0.8994,8562,7573
1770,fine,253,0.0002,0.9501,0.8958,13237,4605
3510,fine,253,0.0002,0.8691,0.7907,9749,9255
1632,fine,253,0.0002,0.8964,0.9009,12581,4186
150,fine,252,0.0002,0.9035,0.8849,1175,334
2872,fine,252,0.0002,0.9626,0.8401,3980,7831
3390,fine,252,0.0002,0.8579,0.8128,10234,8959
3093,fine,252,0.0002,0.8803,0.8003,10118,8301
2495,fine,252,0.0002,0.8557,0.9014,6203,6927
1067,fine,252,0.0002,0.9271,0.8262,5589,2770
3300,fine,252,0.0002,0.8004,0.9131,5490,8740
851,fine,252,0.0002,0.7694,0.8764,6313,2171
2089,fine,252,0.0002,0.9185,0.9185,9788,5727
980,fine,251,0.0002,0.9223,0.8362,1338,2514
1796,fine,251,0.0002,0.8621,0.9181,11488,4666
800,fine,251,0.0002,0.9324,0.9239,10348,2007
2959,fine,251,0.0002,0.8988,0.9251,1171,8012
60,fine,251,0.0002,0.9135,0.7907,1703,124
490,fine,251,0.0002,0.9352,0.8701,10174,1222
385,fine,251,0.0002,0.8813,0.7538,957,958
3227,fine,251,0.0002,0.8322,0.8954,5275,8565
319,fine,251,0.0002,0.9384,0.9,5580,702
3361,fine,250,0.0002,0.8721,0.8762,10923,8908
1177,fine,250,0.0002,0.9134,0.8844,1398,2986
1896,fine,250,0.0002,0.9345,0.9241,2467,5026
2365,fine,250,0.0002,0.9351,0.9294,11897,6561
455,fine,250,0.0002,0.8689,0.8978,3133,1143
1100,fine,250,0.0002,0.9095,0.9239,5308,2828
695,fine,250,0.0002,0.7091,0.8209,1451,1750
1017,fine,250,0.0002,0.9548,0.8913,7240,2646
416,fine,250,0.0002,0.9057,0.9274,7107,1043
3029,fine,249,0.0002,0.9095,0.9143,7970,8173
155,fine,249,0.0002,0.9437,0.8401,5174,345
3616,fine,249,0.0002,0.9652,0.8475,13196,9401
1409,fine,249,0.0002,0.9134,0.8203,2143,3634
1934,fine,249,0.0002,0.9493,0.9097,8236,5171
188,fine,249,0.0002,0.9139,0.7966,5847,434
2639,fine,248,0.0002,0.9171,0.9177,7811,7324
553,fine,248,0.0002,0.9178,0.8817,7681,1382
739,fine,248,0.0002,0.8632,0.871,2949,1820
1648,fine,248,0.0002,0.9187,0.8365,1813,4258
3595,fine,248,0.0002,0.952,0.9222,4856,9364
2737,fine,248,0.0002,0.9062,0.8528,11640,7561
3379,fine,248,0.0002,0.8817,0.7766,9834,8930
1586,fine,248,0.0002,0.9416,0.9288,5036,4079
129,fine,248,0.0002,0.9303,0.9441,9659,279
2368,fine,247,0.0002,0.9716,0.8915,11143,6571
277,fine,247,0.0002,0.9411,0.89,5419,626
1459,fine,247,0.0002,0.8631,0.868,6200,3746
1496,fine,247,0.0002,0.9076,0.8111,3537,3833
1958,fine,247,0.0002,0.8999,0.9188,10890,5262
15,fine,246,0.00019,0.862,0.9261,7844,33
149,fine,246,0.00019,0.8482,0.8651,12110,330
2382,fine,246,0.00019,0.9479,0.8322,10380,6605
1878,fine,246,0.00019,0.95,0.9196,4807,4927
2461,fine,245,0.00019,0.9521,0.7333,10293,6823
2784,fine,245,0.00019,0.8087,0.8316,6147,7680
2529,fine,245,0.00019,0.9405,0.908,10006,7049
1027,fine,245,0.00019,0.9035,0.7508,12447,2676
538,fine,245,0.00019,0.9064,0.8358,2249,1350
2934,fine,244,0.00019,0.9483,0.8883,8695,7973
2504,fine,244,0.00019,0.9426,0.9072,10583,6947
689,fine,244,0.00019,0.8975,0.8326,2979,1736
1468,fine,244,0.00019,0.8408,0.7998,787,3769
2488,fine,244,0.00019,0.8566,0.8638,6333,6890
198,fine,244,0.00019,0.8836,0.8414,27,471
32,fine,244,0.00019,0.9745,0.8969,13094,67
3307,fine,244,0.00019,0.7951,0.8901,5478,8756
14,fine,244,0.00019,0.9631,0.8237,4955,27
2266,fine,244,0.00019,0.9013,0.9364,5117,6384
2284,fine,243,0.00019,0.9495,0.8751,7148,6422
3338,fine,243,0.00019,0.9238,0.7797,11377,8840
1978,fine,243,0.00019,0.9133,0.8131,2736,5339
2249,fine,243,0.00019,0.833,0.9135,5217,6320
214,fine,243,0.00019,0.9408,0.8759,5641,491
3323,fine,243,0.00019,0.8864,0.7846,10306,8793
1852,fine,243,0.00019,0.9306,0.935,778,4829
1149,fine,243,0.00019,0.9045,0.8533,10608,2925
3073,fine,242,0.00019,0.7663,0.8624,5959,8258
2750,fine,242,0.00019,0.8957,0.8579,11745,7609
2490,fine,242,0.00019,0.9464,0.8628,10348,6900
731,fine,242,0.00019,0.7618,0.83,1535,1804
3515,fine,242,0.00019,0.8392,0.8142,9309,9260
3268,fine,241,0.00019,0.8803,0.8469,10030,8672
3234,fine,241,0.00019,0.9346,0.924,3643,8579
3285,fine,241,0.00019,0.898,0.8633,10203,8708
2517,fine,241,0.00019,0.8316,0.8512,120,6996
1555,fine,241,0.00019,0.9279,0.8301,4417,3989
3185,fine,241,0.00019,0.8461,0.911,3051,8487
3340,fine,241,0.00019,0.9007,0.8716,11598,8848
299,fine,241,0.00019,0.9373,0.8561,10594,667
442,fine,240,0.00019,0.8487,0.8428,1141,1113
1361,fine,240,0.00019,0.936,0.8939,10516,3498
2050,fine,240,0.00019,0.9071,0.7669,2524,5594
2478,fine,240,0.00019,0.9456,0.8286,10591,6859
1319,fine,240,0.00019,0.9024,0.8427,3006,3361
3380,fine,240,0.00019,0.9691,0.9353,8044,8937
1155,fine,240,0.00019,0.9074,0.847,8672,2944
3482,fine,240,0.00019,0.8685,0.86,9676,9186
1380,fine,240,0.00019,0.9515,0.8156,10298,3555
3094,fine,239,0.00019,0.892,0.8253,10306,8307
240,fine,239,0.00019,0.9376,0.867,5557,565
3498,fine,239,0.00019,0.8206,0.8499,5336,9234
811,fine,239,0.00019,0.8066,0.896,5945,2041
55,fine,239,0.00019,0.906,0.8644,10838,117
2442,fine,238,0.00019,0.9448,0.8681,10589,6770
952,fine,238,0.00019,0.9199,0.9213,9041,2436
1122,fine,238,0.00019,0.9321,0.9289,1306,2880
2411,fine,238,0.00019,0.8974,0.8958,12097,6663
2801,fine,238,0.00019,0.9393,0.8848,127,7713
2285,fine,238,0.00019,0.933,0.8119,7412,6421
435,fine,238,0.00019,0.8768,0.8906,3012,1095
3151,fine,238,0.00019,0.8835,0.8233,10064,8408
692,fine,237,0.00019,0.8869,0.9202,199,1741
3266,fine,237,0.00019,0.8921,0.8619,11527,8664
3236,fine,237,0.00019,0.9477,0.8664,3941,8582
2738,fine,237,0.00019,0.8824,0.8645,10833,7568
2775,fine,237,0.00019,0.8539,0.8493,10879,7657
2887,fine,237,0.00019,0.8684,0.8248,6651,7866
1785,fine,237,0.00019,0.9514,0.9306,13276,4636
3141,fine,237,0.00019,0.6591,0.7193,11800,8394
3438,fine,237,0.00019,0.8921,0.7953,11020,9053
2338,fine,237,0.00019,0.9737,0.9312,11093,6522
2374,fine,236,0.00019,0.9047,0.8448,7638,6583
1393,fine,236,0.00019,0.9074,0.8504,2076,3592
1937,fine,236,0.00019,0.8894,0.8812,58,5188
142,fine,235,0.00019,0.9507,0.8458,5552,315
1378,fine,235,0.00019,0.8667,0.8257,3061,3552
288,fine,235,0.00019,0.8617,0.9088,3185,648
647,fine,235,0.00019,0.8082,0.8211,1026,1629
173,fine,235,0.00019,0.8983,0.9336,5958,393
1534,fine,235,0.00019,0.8996,0.8888,3729,3945
2928,fine,235,0.00019,0.7813,0.795,5903,7952
1170,fine,235,0.00019,0.8899,0.8457,5663,2970
3614,fine,234,0.00018,0.8401,0.808,5929,9404
2873,fine,234,0.00018,0.8353,0.8505,6485,7829
3284,fine,234,0.00018,0.98,0.8603,8262,8715
2899,fine,234,0.00018,0.9139,0.857,8812,7891
2015,fine,234,0.00018,0.9169,0.9081,12013,5442
3244,fine,234,0.00018,0.8428,0.8544,11532,8606
3005,fine,234,0.00018,0.7724,0.7913,11078,8118
1512,fine,234,0.00018,0.8988,0.8933,634,3891
2078,fine,234,0.00018,0.8528,0.9115,3816,5703
1919,fine,234,0.00018,0.9467,0.9102,5421,5128
2545,fine,234,0.00018,0.9382,0.8298,8996,7110
1082,fine,234,0.00018,0.8172,0.8654,13009,2790
2499,fine,234,0.00018,0.8449,0.8688,6157,6929
3193,fine,233,0.00018,0.7804,0.8315,877,8496
2506,fine,233,0.00018,0.8314,0.8371,6106,6957
1992,fine,233,0.00018,0.8542,0.8762,9595,5384
206,fine,233,0.00018,0.9146,0.8193,4223,483
2119,fine,233,0.00018,0.9213,0.9133,4246,5853
2546,fine,233,0.00018,0.9452,0.8018,12602,7113
3311,fine,232,0.00018,0.7435,0.8518,1358,8772
1181,fine,232,0.00018,0.8601,0.8637,10875,2998
2935,fine,232,0.00018,0.8564,0.8298,6662,7979
1665,fine,232,0.00018,0.8977,0.9191,7483,4297
3511,fine,232,0.00018,0.8797,0.8639,11044,9253
3024,fine,232,0.00018,0.8594,0.8932,13040,8160
643,fine,232,0.00018,0.9282,0.8809,7978,1622
1470,fine,231,0.00018,0.8974,0.8953,12498,3769
943,fine,231,0.00018,0.9215,0.9404,9356,2398
3182,fine,231,0.00018,0.9426,0.9145,3962,8476
3089,fine,231,0.00018,0.7913,0.8215,6120,8294
1639,fine,231,0.00018,0.9117,0.8322,438,4218
3422,fine,231,0.00018,0.8789,0.8589,12373,9013
165,fine,231,0.00018,0.9401,0.8782,5210,364
833,fine,230,0.00018,0.9328,0.904,1719,2084
2711,fine,230,0.00018,0.9157,0.8606,10696,7481
1800,fine,230,0.00018,0.8743,0.8606,3201,4681
3318,fine,230,0.00018,0.8212,0.834,2829,8789
683,fine,230,0.00018,0.9405,0.8563,10187,1719
508,fine,230,0.00018,0.9317,0.8412,7898,1265
3245,fine,230,0.00018,0.7956,0.8981,5182,8605
1730,fine,229,0.00018,0.9315,0.8397,221,4484
1767,fine,229,0.00018,0.9324,0.9217,38,4601
778,fine,229,0.00018,0.9363,0.8911,11811,1929
3371,fine,229,0.00018,0.9652,0.9172,8139,8915
2085,fine,229,0.00018,0.8939,0.9378,4715,5718
918,fine,229,0.00018,0.9516,0.9144,10134,2326
1981,fine,229,0.00018,0.8948,0.8557,6487,5355
291,fine,229,0.00018,0.9196,0.8673,4027,651
313,fine,229,0.00018,0.9064,0.7878,5826,696
366,fine,229,0.00018,0.9228,0.7628,5694,857
660,fine,228,0.00018,0.8022,0.8221,1039,1663
3601,fine,228,0.00018,0.9048,0.8397,12059,9371
1783,fine,228,0.00018,0.9206,0.9205,12549,4632
3172,fine,228,0.00018,0.8522,0.8931,12269,8458
357,fine,228,0.00018,0.8817,0.8848,5891,815
3102,fine,228,0.00018,0.852,0.8822,2879,8326
587,fine,228,0.00018,0.9152,0.8737,7662,1498
1967,fine,228,0.00018,0.9167,0.9345,12435,5296
1110,fine,228,0.00018,0.9117,0.8322,5594,2856
2567,fine,228,0.00018,0.9422,0.9085,9839,7163
726,fine,228,0.00018,0.8747,0.7944,6213,1798
1685,fine,228,0.00018,0.9467,0.8851,4432,4362
2811,fine,227,0.00018,0.9498,0.9056,4623,7737
105,fine,227,0.00018,0.8923,0.8994,6112,218
406,fine,227,0.00018,0.9455,0.9324,10133,1008
1861,fine,227,0.00018,0.9188,0.8264,1877,4852
1803,fine,227,0.00018,0.8912,0.8187,2660,4682
2505,fine,227,0.00018,0.8508,0.9124,3839,6948
483,fine,227,0.00018,0.9395,0.8309,10544,1216
721,fine,227,0.00018,0.7637,0.7954,1038,1793
3584,fine,227,0.00018,0.863,0.8665,845,9348
675,fine,227,0.00018,0.8858,0.862,7786,1702
3206,fine,226,0.00018,0.8482,0.7601,5268,8531
2836,fine,226,0.00018,0.9044,0.8816,8604,7768
713,fine,226,0.00018,0.8926,0.8529,7762,1773
3553,fine,226,0.00018,0.9032,0.811,12038,9312
1407,fine,226,0.00018,0.8716,0.9014,2559,3630
2501,fine,226,0.00018,0.8498,0.8584,6180,6938
573,fine,225,0.00018,0.9311,0.8669,10234,1441
1282,fine,225,0.00018,0.9017,0.8696,7905,3256
335,fine,225,0.00018,0.9377,0.7837,5701,740
1053,fine,225,0.00018,0.9054,0.8816,5123,2738
1990,fine,225,0.00018,0.8806,0.8718,4098,5379
325,fine,224,0.00018,0.9474,0.869,10418,712
2799,fine,224,0.00018,0.8641,0.8006,10487,7717
3533,fine,224,0.00018,0.7229,0.8489,1391,9283
2434,fine,224,0.00018,0.9633,0.8138,10075,6746
2429,fine,224,0.00018,0.9386,0.9094,10536,6713
839,fine,224,0.00018,0.8693,0.7466,5631,2118
2496,fine,224,0.00018,0.9142,0.8282,8448,6929
3523,fine,224,0.00018,0.9067,0.8139,11896,9276
2610,fine,224,0.00018,0.886,0.8768,5617,7257
1926,fine,224,0.00018,0.909,0.9013,4619,5143
961,fine,223,0.00018,0.8231,0.8996,2565,2456
1024,fine,223,0.00018,0.8758,0.8277,2052,2660
2088,fine,223,0.00018,0.8722,0.8525,7828,5726
592,fine,223,0.00018,0.9322,0.8844,10267,1503
706,fine,223,0.00018,0.9532,0.863,9724,1767
831,fine,223,0.00018,0.9297,0.904,4494,2083
2187,fine,223,0.00018,0.9407,0.8415,8589,6093
3144,fine,223,0.00018,0.8508,0.9069,2621,8390
1828,fine,223,0.00018,0.9017,0.9015,2890,4769
562,fine,223,0.00018,0.9143,0.8732,7645,1401
1376,fine,223,0.00018,0.8702,0.8651,2713,3542
2524,fine,222,0.00018,0.9256,0.8778,1129,7036
917,fine,222,0.00018,0.9218,0.8566,5367,2321
1274,fine,222,0.00018,0.8813,0.9168,9881,3243
1174,fine,222,0.00018,0.8945,0.9247,3235,2979
2828,fine,222,0.00018,0.8626,0.9278,1895,7760
3126,fine,221,0.00017,0.8978,0.8342,10342,8358
1112,fine,221,0.00017,0.8837,0.9194,12405,2859
3071,fine,221,0.00017,0.8693,0.8925,2377,8254
2290,fine,221,0.00017,0.9471,0.7946,7349,6437
3274,fine,221,0.00017,0.9093,0.8973,11507,8682
1216,fine,221,0.00017,0.8872,0.9016,12191,3051
1604,fine,221,0.00017,0.9255,0.9183,1013,4133
3486,fine,221,0.00017,0.7721,0.8005,5527,9196
3042,fine,221,0.00017,0.6001,0.8379,11781,8203
1943,fine,221,0.00017,0.9087,0.8646,2976,5209
3490,fine,221,0.00017,0.9214,0.8503,4160,9208
2819,fine,220,0.00017,0.8761,0.8008,10584,7747
942,fine,220,0.00017,0.9077,0.8838,12367,2393
603,fine,220,0.00017,0.866,0.8919,11580,1528
3328,fine,220,0.00017,0.895,0.8759,3635,8815
1286,fine,220,0.00017,0.9211,0.9321,12619,3268
42,fine,220,0.00017,0.9117,0.8936,10645,97
2728,fine,220,0.00017,0.9027,0.6695,7062,7548
203,fine,219,0.00017,0.9048,0.9145,7844,470
1240,fine,219,0.00017,0.9255,0.8782,1145,3138
517,fine,219,0.00017,0.9393,0.8088,10373,1297
3157,fine,219,0.00017,0.7718,0.921,2178,8425
2324,fine,219,0.00017,0.7317,0.8562,4237,6499
2405,fine,219,0.00017,0.8236,0.8669,7249,6644
3491,fine,219,0.00017,0.9001,0.8401,12007,9210
3053,fine,219,0.00017,0.8779,0.8484,2409,8226
3304,fine,219,0.00017,0.8895,0.7676,10135,8745
1123,fine,219,0.00017,0.8662,0.8846,4013,2879
1119,fine,219,0.00017,0.9076,0.9172,8620,2872
452,fine,218,0.00017,0.9318,0.9327,8473,1138
1204,fine,218,0.00017,0.893,0.8664,12982,3037
2093,fine,218,0.00017,0.9398,0.8644,10855,5746
1079,fine,218,0.00017,0.948,0.8623,10383,2788
1853,fine,217,0.00017,0.9431,0.9006,4406,4825
285,fine,217,0.00017,0.8565,0.9054,3207,638
126,fine,217,0.00017,0.9686,0.931,12987,273
1722,fine,217,0.00017,0.9243,0.8367,266,4471
3080,fine,217,0.00017,0.6717,0.84,11917,8263
3186,fine,217,0.00017,0.888,0.8434,10065,8488
1797,fine,216,0.00017,0.9315,0.8592,13289,4675
3544,fine,216,0.00017,0.9078,0.8235,11853,9295
268,fine,216,0.00017,0.9483,0.9171,11644,610
1091,fine,216,0.00017,0.9257,0.862,5635,2810
1548,fine,216,0.00017,0.8966,0.838,3735,3968
2090,fine,216,0.00017,0.8793,0.9073,2686,5728
2896,fine,216,0.00017,0.8816,0.8412,10385,7891
3028,fine,215,0.00017,0.6256,0.7839,11231,8169
822,fine,215,0.00017,0.9339,0.8889,10274,2066
3529,fine,215,0.00017,0.8097,0.8268,6624,9283
809,fine,215,0.00017,0.9283,0.8993,1717,2035
511,fine,215,0.00017,0.9321,0.8559,7954,1275
3425,fine,215,0.00017,0.9388,0.8553,3985,9027
950,fine,215,0.00017,0.8932,0.839,1220,2430
12,fine,215,0.00017,0.8144,0.7707,6668,23
1763,fine,215,0.00017,0.9481,0.9211,13325,4594
2272,fine,214,0.00017,0.8746,0.8983,155,6395
2723,fine,214,0.00017,0.87,0.8116,10852,7515
1689,fine,214,0.00017,0.8076,0.8902,3441,4373
516,fine,214,0.00017,0.9198,0.8865,6999,1292
1772,fine,214,0.00017,0.9018,0.8911,5720,4607
1087,fine,214,0.00017,0.8998,0.8877,8358,2798
2459,fine,214,0.00017,0.7322,0.9125,5016,6817
852,fine,214,0.00017,0.8861,0.9075,6744,2166
2007,fine,213,0.00017,0.9169,0.9194,5475,5428
3437,fine,213,0.00017,0.8844,0.8144,566,9053
1440,fine,213,0.00017,0.9663,0.9209,1368,3687
3525,fine,213,0.00017,0.9619,0.873,4547,9277
966,fine,213,0.00017,0.9215,0.7895,1384,2480
1059,fine,213,0.00017,0.9415,0.9089,7466,2753
891,fine,213,0.00017,0.8742,0.9218,4183,2277
3235,fine,213,0.00017,0.8927,0.8468,10120,8579
1076,fine,213,0.00017,0.9428,0.8906,10104,2783
2829,fine,213,0.00017,0.8304,0.8349,5675,7762
1035,fine,213,0.00017,0.8805,0.8139,2721,2684
364,fine,212,0.00017,0.9462,0.8341,8258,847
772,fine,212,0.00017,0.9073,0.9284,1861,1904
1831,fine,212,0.00017,0.8649,0.9357,3267,4771
2758,fine,212,0.00017,0.8618,0.9114,8463,7624
669,fine,212,0.00017,0.9573,0.9146,9713,1693
1846,fine,212,0.00017,0.9388,0.8184,4382,4810
3445,fine,212,0.00017,0.7927,0.9142,1032,9087
1113,fine,212,0.00017,0.9083,0.8865,8576,2857
2636,fine,212,0.00017,0.9352,0.7614,12131,7317
1233,fine,212,0.00017,0.948,0.9027,7870,3115
233,fine,211,0.00017,0.9389,0.8729,5542,536
3241,fine,211,0.00017,0.8721,0.8984,12260,8595
1973,fine,211,0.00017,0.9734,0.9234,11828,5308
196,fine,211,0.00017,0.9552,0.9149,7368,461
2683,fine,211,0.00017,0.9449,0.8967,12676,7422
3293,fine,210,0.00017,0.7966,0.8801,5459,8727
2690,fine,210,0.00017,0.9003,0.81,10414,7431
2537,fine,210,0.00017,0.7997,0.7306,6000,7076
405,fine,210,0.00017,0.927,0.8622,8078,1002
2137,fine,210,0.00017,0.9303,0.9078,3090,5928
1176,fine,210,0.00017,0.9061,0.9236,8363,2978
1885,fine,210,0.00017,0.9356,0.9009,2671,4974
666,fine,210,0.00017,0.7971,0.8119,1101,1683
1225,fine,210,0.00017,0.9239,0.9364,13270,3080
3500,fine,210,0.00017,0.8893,0.9201,8966,9235
1139,fine,210,0.00017,0.9073,0.9009,8641,2905
887,fine,209,0.00017,0.8792,0.74,1522,2275
928,fine,209,0.00017,0.9405,0.9108,12073,2347
854,fine,209,0.00017,0.8492,0.774,1523,2178
3125,fine,209,0.00017,0.9702,0.9191,8343,8354
182,fine,209,0.00017,0.9701,0.8551,2555,416
3442,fine,209,0.00017,0.9114,0.8298,12981,9076
1662,fine,209,0.00017,0.9098,0.8178,405,4290
3663,fine,209,0.00017,0.8487,0.9132,1045,9480
2082,fine,209,0.00017,0.9389,0.9349,11802,5708
1451,fine,209,0.00017,0.9589,0.9392,1551,3728
546,fine,209,0.00017,0.9347,0.8434,7869,1359
2371,fine,208,0.00016,0.8776,0.9241,4649,6574
1627,fine,208,0.00016,0.918,0.8285,548,4186
3179,fine,208,0.00016,0.8726,0.866,9981,8471
3596,fine,208,0.00016,0.9038,0.8745,4314,9364
820,fine,208,0.00016,0.7957,0.87,6034,2056
1288,fine,208,0.00016,0.872,0.8275,3304,3281
2045,fine,208,0.00016,0.7732,0.8177,12696,5577
1707,fine,208,0.00016,0.8909,0.9006,8782,4419
819,fine,207,0.00016,0.888,0.8778,13005,2054
257,fine,207,0.00016,0.9452,0.7801,10561,599
1652,fine,207,0.00016,0.917,0.9178,12082,4265
1741,fine,207,0.00016,0.8849,0.8042,3221,4499
933,fine,207,0.00016,0.8236,0.7889,1099,2364
1360,fine,207,0.00016,0.8911,0.8203,2120,3493
2733,fine,207,0.00016,0.8967,0.8495,11765,7555
3257,fine,207,0.00016,0.8668,0.8727,11533,8635
930,fine,206,0.00016,0.9747,0.8982,11164,2351
1221,fine,206,0.00016,0.9376,0.8646,9979,3076
2562,fine,206,0.00016,0.9375,0.8053,8985,7150
446,fine,206,0.00016,0.8743,0.9192,5679,1131
3383,fine,206,0.00016,0.8747,0.659,9787,8948
873,fine,206,0.00016,0.7932,0.818,6045,2232
420,fine,206,0.00016,0.8093,0.9244,11671,1053
2470,fine,206,0.00016,0.9288,0.7689,9148,6839
1002,fine,206,0.00016,0.9556,0.9025,11360,2611
2125,fine,206,0.00016,0.8759,0.908,2292,5865
965,fine,205,0.00016,0.957,0.9195,7319,2469
707,fine,205,0.00016,0.939,0.7702,10105,1775
26,fine,205,0.00016,0.975,0.859,13114,53
1166,fine,205,0.00016,0.8676,0.8524,10840,2960
1212,fine,205,0.00016,0.9086,0.7562,1428,3050
2948,fine,205,0.00016,0.8816,0.8136,12095,7994
16,fine,205,0.00016,0.9062,0.9182,11294,39
1384,fine,205,0.00016,0.8788,0.8771,2574,3562
3289,fine,205,0.00016,0.9694,0.8059,8333,8725
1801,fine,205,0.00016,0.8772,0.8782,10305,4679
1948,fine,205,0.00016,0.8947,0.8822,2260,5228
1330,fine,204,0.00016,0.9377,0.8774,8945,3415
2471,fine,204,0.00016,0.9515,0.7591,10263,6847
137,fine,204,0.00016,0.9424,0.8298,5681,304
531,fine,204,0.00016,0.9265,0.9091,4706,1336
2548,fine,204,0.00016,0.9458,0.8838,7300,7119
2103,fine,203,0.00016,0.9536,0.825,11569,5798
3057,fine,203,0.00016,0.8796,0.8377,10350,8228
821,fine,203,0.00016,0.9461,0.8083,11130,2060
2310,fine,203,0.00016,0.9394,0.9113,8322,6467
3081,fine,203,0.00016,0.6856,0.8257,11140,8264
2531,fine,203,0.00016,0.9269,0.8799,9114,7057
749,fine,203,0.00016,0.8614,0.8253,5038,1843
2519,fine,203,0.00016,0.8442,0.8656,6169,6997
398,fine,203,0.00016,0.9235,0.9137,4456,986
2903,fine,203,0.00016,0.8681,0.6658,6692,7901
3085,fine,202,0.00016,0.8956,0.9043,4310,8284
3363,fine,202,0.00016,0.8145,0.8639,6239,8904
2668,fine,202,0.00016,0.9541,0.856,4422,7393
1528,fine,202,0.00016,0.7172,0.8765,13014,3934
1712,fine,202,0.00016,0.9121,0.8597,13102,4429
680,fine,201,0.00016,0.943,0.7885,9914,1716
412,fine,201,0.00016,0.9245,0.8542,7982,1023
2177,fine,201,0.00016,0.8535,0.7682,2433,6066
1458,fine,201,0.00016,0.9087,0.9022,13250,3736
1278,fine,201,0.00016,0.8451,0.927,4911,3243
1262,fine,201,0.00016,0.8816,0.8445,4072,3204
2171,fine,201,0.00016,0.9416,0.8791,8373,6038
1915,fine,201,0.00016,0.9481,0.9192,4990,5099
1111,fine,201,0.00016,0.8876,0.7979,2625,2854
253,fine,201,0.00016,0.9478,0.9223,11853,581
444,fine,201,0.00016,0.9094,0.8623,7579,1121
916,fine,201,0.00016,0.9104,0.9279,3694,2320
784,fine,201,0.00016,0.8661,0.9226,6671,1935
2623,fine,200,0.00016,0.9035,0.8647,6427,7297
2980,fine,200,0.00016,0.8803,0.7989,10238,8056
794,fine,200,0.00016,0.8255,0.827,6027,1992
2894,fine,200,0.00016,0.8634,0.8524,10541,7881
3033,fine,200,0.00016,0.8727,0.8521,12200,8180
1435,fine,199,0.00016,0.9195,0.8349,2115,3674
3107,fine,199,0.00016,0.9729,0.9125,8409,8333
1310,fine,199,0.00016,0.8976,0.7955,3128,3346
1930,fine,199,0.00016,0.8893,0.9017,62,5159
1314,fine,199,0.00016,0.8984,0.9067,7223,3352
2404,fine,199,0.00016,0.9437,0.8152,10614,6639
3530,fine,199,0.00016,0.8521,0.7503,6223,9280
18,fine,199,0.00016,0.9225,0.7416,4594,40
2818,fine,199,0.00016,0.9445,0.8884,4112,7745
3665,fine,199,0.00016,0.8576,0.9029,9922,9483
632,fine,199,0.00016,0.8819,0.778,6243,1589
637,fine,198,0.00016,0.8506,0.7973,5621,1602
1371,fine,198,0.00016,0.9456,0.8347,10409,3528
1726,fine,198,0.00016,0.9278,0.9009,4616,4472
2477,fine,198,0.00016,0.8886,0.8903,3030,6855
2012,fine,198,0.00016,0.8568,0.8343,1627,5444
3564,fine,198,0.00016,0.931,0.7749,8767,9329
1702,fine,198,0.00016,0.876,0.9007,1210,4408
140,fine,198,0.00016,0.8407,0.8772,12189,305
331,fine,197,0.00016,0.9038,0.7703,5832,724
1961,fine,197,0.00016,0.8566,0.8598,2109,5274
1582,fine,197,0.00016,0.9441,0.9046,5030,4056
2118,fine,197,0.00016,0.8547,0.9142,3962,5849
1062,fine,197,0.00016,0.9438,0.8604,10416,2758
1538,fine,197,0.00016,0.9216,0.8759,573,3950
771,fine,197,0.00016,0.9018,0.8016,7458,1898
1753,fine,197,0.00016,0.9239,0.936,11799,4530
1519,fine,197,0.00016,0.9084,0.8571,3413,3909
728,fine,197,0.00016,0.9439,0.8303,10232,1807
244,fine,197,0.00016,0.938,0.91,8988,564
875,fine,197,0.00016,0.9234,0.9259,12232,2244
1363,fine,197,0.00016,0.8989,0.9143,5216,3496
775,fine,196,0.00015,0.8979,0.7979,7622,1927
476,fine,196,0.00015,0.9006,0.9335,12937,1189
2056,fine,196,0.00015,0.8649,0.8949,11092,5606
1690,fine,196,0.00015,0.939,0.894,5707,4376
1344,fine,196,0.00015,0.944,0.8322,10324,3452
1588,fine,196,0.00015,0.8723,0.8625,3639,4084
2034,fine,196,0.00015,0.8553,0.7785,12586,5502
2033,fine,196,0.00015,0.9173,0.8752,7855,5504
3651,fine,196,0.00015,0.8619,0.7697,6418,9461
2016,fine,196,0.00015,0.8597,0.919,9817,5444
1358,fine,196,0.00015,0.8905,0.7958,2302,3489
3018,fine,195,0.00015,0.9607,0.9288,8543,8139
3504,fine,195,0.00015,0.9064,0.8421,11860,9242
2630,fine,195,0.00015,0.9561,0.8669,12798,7311
186,fine,195,0.00015,0.9218,0.9005,543,425
789,fine,195,0.00015,0.93,0.7937,2349,1955
2052,fine,195,0.00015,0.9397,0.9221,11741,5597
696,fine,195,0.00015,0.9403,0.8765,9979,1745
3248,fine,195,0.00015,0.8371,0.8675,12849,8608
1908,fine,194,0.00015,0.9401,0.857,7609,5071
3619,fine,194,0.00015,0.8639,0.7925,955,9407
422,fine,194,0.00015,0.9158,0.8837,7574,1056
1804,fine,194,0.00015,0.9196,0.9332,560,4684
2467,fine,194,0.00015,0.948,0.8667,10652,6835
1206,fine,194,0.00015,0.9296,0.8458,3127,3046
570,fine,194,0.00015,0.9183,0.8379,7672,1433
1151,fine,194,0.00015,0.9091,0.8693,1403,2934
47,fine,194,0.00015,0.9507,0.8753,4766,106
1599,fine,194,0.00015,0.9182,0.8423,600,4109
2871,fine,194,0.00015,0.952,0.8696,4767,7826
2313,fine,194,0.00015,0.9066,0.9172,4726,6473
265,fine,194,0.00015,0.9419,0.8793,5402,604
2286,fine,194,0.00015,0.8469,0.9049,229,6422
1725,fine,194,0.00015,0.9374,0.927,5016,4468
1904,fine,194,0.00015,0.9504,0.8759,4992,5060
3309,fine,194,0.00015,0.9415,0.906,4015,8755
523,fine,193,0.00015,0.8937,0.8796,13001,1307
3058,fine,193,0.00015,0.8735,0.7482,10952,8235
1285,fine,193,0.00015,0.8817,0.9029,1435,3266
3251,fine,193,0.00015,0.8939,0.806,10133,8616
610,fine,193,0.00015,0.8984,0.9019,2406,1542
2554,fine,193,0.00015,0.9286,0.7844,10351,7137
623,fine,193,0.00015,0.9363,0.7539,9955,1567
466,fine,193,0.00015,0.9401,0.7985,10496,1164
332,fine,192,0.00015,0.9522,0.9206,7564,723
51,fine,192,0.00015,0.9443,0.9084,8596,110
78,fine,192,0.00015,0.935,0.8777,5352,160
996,fine,192,0.00015,0.9434,0.9282,10240,2596
272,fine,192,0.00015,0.8666,0.8105,3196,618
2844,fine,191,0.00015,0.8321,0.8331,6449,7776
1531,fine,191,0.00015,0.9234,0.8929,5631,3940
525,fine,191,0.00015,0.9269,0.8044,8242,1308
1870,fine,191,0.00015,0.933,0.8877,773,4886
2992,fine,191,0.00015,0.8739,0.8456,10844,8084
567,fine,191,0.00015,0.9445,0.8532,8068,1422
1924,fine,191,0.00015,0.7988,0.8911,13080,5141
2503,fine,191,0.00015,0.9265,0.8979,9256,6943
864,fine,191,0.00015,0.9562,0.9178,11797,2201
3664,fine,191,0.00015,0.9428,0.6612,12810,9480
3402,fine,191,0.00015,0.8457,0.9062,3200,8976
1899,fine,191,0.00015,0.9214,0.8985,4466,5048
2154,fine,190,0.00015,0.9593,0.9051,3039,5985
2193,fine,190,0.00015,0.9581,0.8981,9304,6108
2606,fine,190,0.00015,0.9428,0.8621,12416,7250
1245,fine,190,0.00015,0.9039,0.892,8095,3161
2157,fine,190,0.00015,0.9164,0.9188,1382,5997
1517,fine,190,0.00015,0.9567,0.8241,10317,3906
1068,fine,190,0.00015,0.9477,0.8299,10303,2769
651,fine,190,0.00015,0.8921,0.8491,7453,1634
3226,fine,190,0.00015,0.9474,0.9193,3952,8565
2071,fine,190,0.00015,0.8944,0.8924,2694,5651
2637,fine,190,0.00015,0.9085,0.8714,10670,7319
132,fine,189,0.00015,0.8488,0.848,12168,285
1242,fine,189,0.00015,0.9411,0.9289,7858,3146
1482,fine,189,0.00015,0.9696,0.8779,1358,3784
2574,fine,189,0.00015,0.9142,0.8114,1001,7176
1505,fine,189,0.00015,0.8925,0.7353,644,3871
460,fine,189,0.00015,0.8716,0.8323,5766,1155
2412,fine,189,0.00015,0.9455,0.8958,5734,6659
2354,fine,189,0.00015,0.8892,0.8791,7341,6542
1575,fine,188,0.00015,0.9058,0.8316,724,4042
195,fine,188,0.00015,0.9385,0.8291,5289,458
879,fine,188,0.00015,0.9113,0.7812,5565,2254
1189,fine,188,0.00015,0.9469,0.901,9868,3010
2361,fine,188,0.00015,0.8895,0.7704,7481,6557
2641,fine,188,0.00015,0.9135,0.8586,9555,7329
856,fine,188,0.00015,0.9526,0.9166,11726,2174
3211,fine,187,0.00015,0.8711,0.8058,9987,8539
450,fine,187,0.00015,0.9269,0.8619,7966,1131
3485,fine,187,0.00015,0.8455,0.8705,6413,9192
1787,fine,187,0.00015,0.9215,0.9111,9962,4645
1720,fine,187,0.00015,0.9123,0.8548,480,4461
249,fine,187,0.00015,0.9479,0.9076,11819,578
45,fine,187,0.00015,0.9383,0.8582,5380,96
432,fine,187,0.00015,0.9262,0.8706,7874,1088
1929,fine,187,0.00015,0.8788,0.91,3957,5150
205,fine,187,0.00015,0.9646,0.9236,13152,475
2331,fine,187,0.00015,0.9152,0.9281,6655,6514
3503,fine,187,0.00015,0.9055,0.8583,11888,9239
732,fine,187,0.00015,0.9548,0.8275,9629,1806
1019,fine,187,0.00015,0.9071,0.7802,9457,2645
3247,fine,187,0.00015,0.8278,0.8571,11241,8608
2642,fine,187,0.00015,0.9063,0.752,5611,7333
815,fine,186,0.00015,0.9256,0.9227,7201,2051
3123,fine,186,0.00015,0.8898,0.8207,10650,8351
1173,fine,186,0.00015,0.8686,0.7981,10893,2978
429,fine,186,0.00015,0.9329,0.8797,8282,1079
3269,fine,186,0.00015,0.7981,0.8684,4924,8673
1956,fine,186,0.00015,0.9143,0.8632,4793,5255
972,fine,186,0.00015,0.9276,0.9153,6940,2503
3444,fine,186,0.00015,0.8143,0.844,5970,9081
1462,fine,185,0.00015,0.9271,0.8588,1814,3746
2618,fine,185,0.00015,0.9111,0.8662,10458,7277
3459,fine,185,0.00015,0.8678,0.852,10427,9113
152,fine,185,0.00015,0.8796,0.9228,7952,333
832,fine,185,0.00015,0.9519,0.8866,11154,2080
453,fine,185,0.00015,0.9219,0.8497,7726,1140
2252,fine,185,0.00015,0.8624,0.9132,5175,6327
400,fine,184,0.00015,0.898,0.9065,6093,994
1472,fine,184,0.00015,0.9353,0.9046,1737,3772
1445,fine,184,0.00015,0.8039,0.8205,424,3695
2607,fine,184,0.00015,0.8955,0.8562,5568,7253
352,fine,184,0.00015,0.9367,0.7577,5502,800
661,fine,184,0.00015,0.9078,0.8287,7902,1673
1196,fine,184,0.00015,0.9464,0.8875,9861,3023
1146,fine,184,0.00015,0.8263,0.8663,11535,2921
1625,fine,184,0.00015,0.9177,0.9156,862,4178
2521,fine,184,0.00015,0.9439,0.8749,8689,7014
1290,fine,183,0.00014,0.9403,0.926,8941,3284
1401,fine,183,0.00014,0.9356,0.9164,4246,3608
1295,fine,183,0.00014,0.8717,0.763,2313,3311
339,fine,183,0.00014,0.9225,0.8164,10627,744
1077,fine,183,0.00014,0.9466,0.8636,10449,2783
468,fine,183,0.00014,0.9433,0.8483,10281,1173
1755,fine,183,0.00014,0.8707,0.8274,10547,4560
3016,fine,183,0.00014,0.8731,0.8617,10080,8138
3391,fine,183,0.00014,0.8002,0.8314,2480,8957
1323,fine,183,0.00014,0.8446,0.9367,6807,3376
1819,fine,182,0.00014,0.899,0.9227,13211,4736
2373,fine,182,0.00014,0.9079,0.7981,6754,6584
2244,fine,182,0.00014,0.948,0.7991,7067,6314
2437,fine,182,0.00014,0.8875,0.862,12188,6749
3635,fine,182,0.00014,0.9215,0.8063,8809,9433
1182,fine,182,0.00014,0.8853,0.9121,3311,3002
968,fine,182,0.00014,0.8302,0.9224,3142,2483
2448,fine,182,0.00014,0.9546,0.8672,10730,6784
2308,fine,182,0.00014,0.8983,0.8779,7535,6465
2971,fine,182,0.00014,0.8627,0.8879,10738,8036
532,fine,182,0.00014,0.8237,0.929,9210,1334
247,fine,182,0.00014,0.9126,0.8072,3865,571
3589,fine,182,0.00014,0.8873,0.9242,8416,9355
3366,fine,182,0.00014,0.8636,0.7637,10241,8906
1988,fine,182,0.00014,0.9126,0.8316,12522,5373
54,fine,181,0.00014,0.9307,0.9272,1974,114
3657,fine,181,0.00014,0.8338,0.779,9315,9467
556,fine,181,0.00014,0.8366,0.7922,11994,1381
1879,fine,181,0.00014,0.9211,0.9091,6491,4932
2578,fine,181,0.00014,0.8749,0.8653,3128,7178
612,fine,181,0.00014,0.9392,0.8905,11157,1544
1423,fine,181,0.00014,0.8924,0.8106,3336,3651
2792,fine,181,0.00014,0.9188,0.9161,10270,7695
614,fine,181,0.00014,0.9025,0.893,2387,1548
2462,fine,181,0.00014,0.9624,0.9283,10838,6825
2616,fine,181,0.00014,0.9116,0.9035,5489,7277
1096,fine,180,0.00014,0.9349,0.9134,10672,2818
1762,fine,180,0.00014,0.9214,0.8801,9630,4587
479,fine,180,0.00014,0.8804,0.9294,5968,1204
3405,fine,180,0.00014,0.8632,0.8592,10117,8979
169,fine,180,0.00014,0.8895,0.7782,1204,384
3207,fine,180,0.00014,0.9418,0.9092,7059,8525
1667,fine,180,0.00014,0.9265,0.7395,3076,4304
343,fine,180,0.00014,0.8992,0.8408,10755,761
2966,fine,180,0.00014,0.9274,0.8759,5114,8026
841,fine,179,0.00014,0.8049,0.8927,3046,2131
1434,fine,179,0.00014,0.8883,0.7831,3292,3670
1307,fine,179,0.00014,0.8985,0.9182,1342,3338
408,fine,179,0.00014,0.8734,0.8753,974,1014
1868,fine,179,0.00014,0.9461,0.9135,5232,4872
1347,fine,179,0.00014,0.8953,0.7288,1903,3465
2646,fine,179,0.00014,0.9077,0.818,6420,7339
1806,fine,179,0.00014,0.8615,0.8187,8760,4694
907,fine,178,0.00014,0.8862,0.7765,13224,2312
70,fine,178,0.00014,0.937,0.866,5371,152
533,fine,178,0.00014,0.9274,0.7198,8278,1345
248,fine,178,0.00014,0.9464,0.8397,10581,577
259,fine,178,0.00014,0.9468,0.8778,11864,595
1509,fine,178,0.00014,0.8818,0.9,9082,3883
1345,fine,178,0.00014,0.9079,0.9115,5303,3454
3017,fine,178,0.00014,0.9712,0.9152,8482,8139
3004,fine,178,0.00014,0.8106,0.696,11038,8113
3424,fine,177,0.00014,0.8162,0.8072,6118,9016
910,fine,177,0.00014,0.9028,0.8828,3770,2313
1837,fine,177,0.00014,0.9109,0.878,6616,4792
3662,fine,177,0.00014,0.9673,0.8589,13228,9481
9,fine,177,0.00014,0.9431,0.8295,4729,20
79,fine,177,0.00014,0.9512,0.9139,8646,164
1854,fine,177,0.00014,0.9422,0.9108,4431,4829
2436,fine,177,0.00014,0.9382,0.8703,10517,6746
3006,fine,176,0.00014,0.8387,0.7806,9956,8113
2300,fine,176,0.00014,0.9305,0.9159,7921,6450
829,fine,176,0.00014,0.7855,0.8587,6036,2077
2500,fine,176,0.00014,0.9431,0.8741,10613,6937
2348,fine,176,0.00014,0.9473,0.8023,8588,6536
251,fine,176,0.00014,0.9481,0.8959,11755,577
2314,fine,176,0.00014,0.9061,0.8813,5084,6477
2898,fine,176,0.00014,0.7873,0.8868,11742,7884
2614,fine,176,0.00014,0.9204,0.9225,9534,7264
2444,fine,176,0.00014,0.8875,0.92,12176,6776
96,fine,176,0.00014,0.9412,0.8694,8622,202
2961,fine,175,0.00014,0.8521,0.8366,3251,8010
3163,fine,175,0.00014,0.8682,0.8011,5233,8442
3170,fine,175,0.00014,0.9443,0.8827,3596,8456
2951,fine,175,0.00014,0.8853,0.876,12136,8000
1187,fine,175,0.00014,0.9516,0.8677,1189,3009
499,fine,175,0.00014,0.9262,0.8525,7014,1253
2206,fine,175,0.00014,0.93,0.8545,12875,6158
711,fine,175,0.00014,0.8459,0.8306,769,1777
3334,fine,175,0.00014,0.795,0.9178,2402,8828
3219,fine,175,0.00014,0.8569,0.904,13281,8551
3061,fine,174,0.00014,0.9552,0.8805,8337,8235
1941,fine,174,0.00014,0.8905,0.855,12087,5201
1923,fine,174,0.00014,0.9475,0.9095,5395,5136
686,fine,174,0.00014,0.8946,0.8725,7677,1729
3221,fine,174,0.00014,0.8088,0.7621,2506,8560
464,fine,174,0.00014,0.8826,0.7534,612,1164
3301,fine,174,0.00014,0.902,0.8661,12160,8739
1535,fine,173,0.00014,0.8312,0.8441,6134,3945
2605,fine,173,0.00014,0.8978,0.8613,6876,7245
1160,fine,173,0.00014,0.9179,0.7998,10527,2948
1202,fine,173,0.00014,0.9175,0.9253,7265,3034
403,fine,173,0.00014,0.9252,0.914,4490,1000
1426,fine,173,0.00014,0.9118,0.9036,12491,3654
3229,fine,173,0.00014,0.8025,0.8657,11245,8566
2472,fine,172,0.00014,0.8565,0.8585,6313,6842
3592,fine,172,0.00014,0.8662,0.7502,9137,9362
2101,fine,172,0.00014,0.9361,0.9067,9776,5783
605,fine,172,0.00014,0.9125,0.8041,7670,1528
310,fine,172,0.00014,0.9173,0.8376,4130,689
3473,fine,172,0.00014,0.9407,0.8747,13145,9158
513,fine,172,0.00014,0.8846,0.8502,367,1284
1847,fine,171,0.00014,0.9547,0.8973,5025,4811
2731,fine,171,0.00014,0.8647,0.8013,6310,7549
1408,fine,171,0.00014,0.9507,0.9063,8576,3628
727,fine,171,0.00014,0.9487,0.9278,9803,1797
3276,fine,171,0.00014,0.9065,0.8132,11549,8686
324,fine,171,0.00014,0.9118,0.8214,10772,709
1461,fine,171,0.00014,0.8762,0.8554,6148,3741
954,fine,171,0.00014,0.8495,0.775,1666,2438
2440,fine,171,0.00014,0.9561,0.8912,10730,6762
2744,fine,171,0.00014,0.9206,0.7855,10742,7595
1447,fine,171,0.00014,0.9188,0.916,3909,3701
2727,fine,171,0.00014,0.9044,0.809,7002,7537
3615,fine,170,0.00013,0.8631,0.8419,6050,9401
1714,fine,170,0.00013,0.9086,0.806,1923,4437
1495,fine,170,0.00013,0.8207,0.8902,9802,3822
2372,fine,170,0.00013,0.862,0.9154,5099,6575
1598,fine,170,0.00013,0.9615,0.9202,10374,4105
19,fine,170,0.00013,0.8837,0.8718,7714,37
1055,fine,170,0.00013,0.9455,0.8765,10147,2740
2787,fine,170,0.00013,0.9044,0.8273,6943,7687
1621,fine,169,0.00013,0.9149,0.9131,708,4168
836,fine,169,0.00013,0.7922,0.7702,6310,2100
2613,fine,169,0.00013,0.9069,0.9104,4339,7262
2540,fine,169,0.00013,0.9561,0.9111,11120,7084
3598,fine,169,0.00013,0.8511,0.7676,9225,9376
2674,fine,169,0.00013,0.8976,0.8609,6227,7404
279,fine,169,0.00013,0.9481,0.8572,11743,624
27,fine,169,0.00013,0.968,0.897,4873,55
67,fine,169,0.00013,0.9734,0.9074,13064,135
2774,fine,168,0.00013,0.8183,0.7437,6245,7654
3121,fine,168,0.00013,0.8985,0.7724,10437,8355
89,fine,168,0.00013,0.92,0.8302,453,178
1309,fine,168,0.00013,0.9226,0.7852,10365,3336
2945,fine,168,0.00013,0.932,0.8961,4644,7990
2749,fine,168,0.00013,0.8458,0.826,6305,7610
2568,fine,168,0.00013,0.9459,0.8426,12649,7162
685,fine,168,0.00013,0.9603,0.9164,10643,1726
1907,fine,168,0.00013,0.8646,0.9118,1220,5059
1009,fine,168,0.00013,0.8271,0.8246,1854,2628
3096,fine,168,0.00013,0.798,0.8078,6150,8311
3263,fine,168,0.00013,0.7764,0.8247,6192,8656
3133,fine,168,0.00013,0.8099,0.778,12673,8367
948,fine,168,0.00013,0.9212,0.7961,1483,2420
3368,fine,168,0.00013,0.8937,0.8391,13050,8907
3369,fine,168,0.00013,0.8704,0.6957,10153,8913
2679,fine,168,0.00013,0.9046,0.8475,10580,7416
3489,fine,168,0.00013,0.8879,0.8276,12150,9205
3581,fine,167,0.00013,0.8591,0.8193,6396,9344
3474,fine,167,0.00013,0.8458,0.7916,9971,9163
2028,fine,167,0.00013,0.8513,0.8489,3593,5492
23,fine,167,0.00013,0.9656,0.7986,4840,49
1329,fine,167,0.00013,0.8781,0.7621,1849,3417
1795,fine,167,0.00013,0.9375,0.9104,4745,4668
709,fine,167,0.00013,0.8928,0.859,7392,1774
1325,fine,167,0.00013,0.8834,0.8049,2444,3386
2756,fine,167,0.00013,0.8894,0.7719,6530,7622
3034,fine,167,0.00013,0.8844,0.8941,2395,8183
2091,fine,167,0.00013,0.9373,0.9106,10364,5730
3356,fine,167,0.00013,0.8721,0.7617,10364,8890
1563,fine,167,0.00013,0.9156,0.9006,11171,4007
2522,fine,167,0.00013,0.8567,0.8728,6250,7021
2631,fine,167,0.00013,0.9011,0.8362,10398,7312
3364,fine,167,0.00013,0.9024,0.9221,8584,8904
758,fine,167,0.00013,0.8671,0.873,6316,1863
2032,fine,167,0.00013,0.9006,0.9062,4677,5503
747,fine,166,0.00013,0.9211,0.8966,12114,1834
1011,fine,166,0.00013,0.9146,0.834,12420,2632
969,fine,166,0.00013,0.8956,0.8854,13216,2487
1315,fine,166,0.00013,0.8901,0.9061,1504,3350
1610,fine,166,0.00013,0.9181,0.8392,601,4147
3171,fine,166,0.00013,0.8091,0.739,12729,8456
1611,fine,166,0.00013,0.9195,0.7955,567,4144
893,fine,166,0.00013,0.9191,0.8574,5546,2279
2130,fine,166,0.00013,0.8372,0.9138,3905,5896
1228,fine,166,0.00013,0.8911,0.7233,853,3095
1392,fine,166,0.00013,0.8614,0.8315,2837,3583
2274,fine,166,0.00013,0.9297,0.8538,4932,6394
174,fine,166,0.00013,0.9331,0.8345,5311,398
2665,fine,166,0.00013,0.9388,0.9042,4892,7371
1983,fine,166,0.00013,0.8784,0.8046,11475,5362
1224,fine,165,0.00013,0.9092,0.8597,616,3078
1606,fine,165,0.00013,0.8926,0.7358,12577,4141
350,fine,165,0.00013,0.9288,0.8718,7645,783
1997,fine,165,0.00013,0.915,0.926,5572,5388
1388,fine,165,0.00013,0.9468,0.8519,10466,3567
109,fine,165,0.00013,0.9339,0.8953,8598,227
1382,fine,165,0.00013,0.9475,0.8354,10411,3555
3082,fine,165,0.00013,0.8753,0.7636,10420,8267
1217,fine,165,0.00013,0.9228,0.9111,13241,3056
2141,fine,165,0.00013,0.9418,0.9168,10509,5942
2376,fine,165,0.00013,0.7455,0.743,4095,6581
1049,fine,165,0.00013,0.8094,0.8263,12977,2726
1684,fine,165,0.00013,0.8566,0.7757,2302,4353
3161,fine,164,0.00013,0.8762,0.8195,5276,8437
2635,fine,164,0.00013,0.9256,0.8979,5488,7318
474,fine,164,0.00013,0.8901,0.8972,6165,1189
577,fine,164,0.00013,0.8754,0.8527,6726,1456
3287,fine,164,0.00013,0.8888,0.7748,10074,8716
1993,fine,164,0.00013,0.9363,0.8488,2547,5381
3306,fine,164,0.00013,0.7799,0.7845,5388,8748
2572,fine,164,0.00013,0.9477,0.6849,12468,7169
22,fine,164,0.00013,0.9312,0.8534,9889,47
1089,fine,164,0.00013,0.8596,0.8716,5998,2802
554,fine,164,0.00013,0.8867,0.912,2407,1379
2989,fine,163,0.00013,0.8821,0.8043,10257,8081
2947,fine,163,0.00013,0.8756,0.9074,7193,7993
3177,fine,163,0.00013,0.9641,0.9415,8510,8469
2730,fine,163,0.00013,0.8913,0.7575,6474,7548
3610,fine,163,0.00013,0.9062,0.8369,12026,9392
1827,fine,163,0.00013,0.8576,0.7798,10366,4764
2479,fine,162,0.00013,0.8808,0.826,3758,6866
25,fine,162,0.00013,0.9469,0.8055,6076,52
2657,fine,162,0.00013,0.956,0.8765,12710,7365
919,fine,162,0.00013,0.8927,0.9321,7974,2325
1230,fine,162,0.00013,0.8805,0.9131,4046,3100
3277,fine,162,0.00013,0.9394,0.8931,6822,8691
2547,fine,162,0.00013,0.8514,0.769,5651,7116
2597,fine,162,0.00013,0.8852,0.8855,8070,7216
2958,fine,162,0.00013,0.6293,0.8394,11641,8009
33,fine,162,0.00013,0.9501,0.8017,5857,65
193,fine,162,0.00013,0.9133,0.8196,480,445
2576,fine,162,0.00013,0.9473,0.8603,12500,7174
3078,fine,162,0.00013,0.802,0.8315,9699,8262
3625,fine,162,0.00013,0.8623,0.8498,6161,9421
2890,fine,161,0.00013,0.8738,0.8149,6712,7871
1389,fine,161,0.00013,0.8727,0.7647,2630,3576
3630,fine,161,0.00013,0.9172,0.8139,8830,9429
133,fine,161,0.00013,0.941,0.8815,8760,291
1249,fine,161,0.00013,0.8928,0.8806,1428,3179
3327,fine,161,0.00013,0.9067,0.8175,11568,8811
161,fine,161,0.00013,0.9302,0.8183,5824,344
2732,fine,160,0.00013,0.9022,0.8096,11665,7550
2239,fine,160,0.00013,0.8585,0.9002,315,6295
2494,fine,160,0.00013,0.7741,0.9013,13300,6924
3314,fine,160,0.00013,0.8937,0.7789,11235,8771
260,fine,160,0.00013,0.9381,0.819,8243,595
1918,fine,160,0.00013,0.9117,0.9027,4648,5126
298,fine,160,0.00013,0.9483,0.9061,11645,658
529,fine,160,0.00013,0.9225,0.7908,7726,1327
1215,fine,160,0.00013,0.9148,0.7425,5737,3051
3593,fine,160,0.00013,0.9102,0.84,11896,9357
900,fine,159,0.00013,0.8889,0.8422,1485,2301
179,fine,159,0.00013,0.8505,0.8545,12428,411
397,fine,159,0.00013,0.9278,0.8265,8735,978
2031,fine,159,0.00013,0.855,0.8353,3627,5498
1109,fine,159,0.00013,0.9201,0.8383,5664,2844
2508,fine,159,0.00013,0.9427,0.865,10531,6957
2902,fine,159,0.00013,0.9497,0.8798,3892,7897
2019,fine,159,0.00013,0.9271,0.898,10764,5457
219,fine,159,0.00013,0.9635,0.9071,13144,494
2270,fine,159,0.00013,0.9214,0.8986,1058,6391
1791,fine,158,0.00012,0.8983,0.9124,5717,4661
3376,fine,158,0.00012,0.9723,0.8406,8062,8922
100,fine,158,0.00012,0.9479,0.8392,5614,209
2990,fine,158,0.00012,0.8866,0.8974,7821,8081
2998,fine,158,0.00012,0.8552,0.8379,3329,8091
3571,fine,158,0.00012,0.948,0.8185,13075,9333
3115,fine,158,0.00012,0.9717,0.8936,8385,8341
3255,fine,158,0.00012,0.9844,0.8895,8242,8635
1398,fine,158,0.00012,0.9498,0.8836,8573,3603
388,fine,157,0.00012,0.8693,0.8379,6409,960
2962,fine,157,0.00012,0.9042,0.8539,12303,8010
2866,fine,157,0.00012,0.9374,0.9033,4142,7819
3389,fine,157,0.00012,0.8705,0.8207,10083,8952
3541,fine,157,0.00012,0.9037,0.8553,10714,9288
762,fine,157,0.00012,0.9484,0.9106,9689,1870
687,fine,157,0.00012,0.8258,0.7878,693,1732
1744,fine,157,0.00012,0.8793,0.8327,8859,4506
1147,fine,157,0.00012,0.945,0.8954,1201,2924
1114,fine,157,0.00012,0.8731,0.8271,13087,2861
2317,fine,157,0.00012,0.9553,0.9163,8776,6483
209,fine,157,0.00012,0.9087,0.8049,5842,477
73,fine,157,0.00012,0.9215,0.8965,463,153
1889,fine,157,0.00012,0.8576,0.873,10086,4997
66,fine,157,0.00012,0.9431,0.8041,5755,134
1317,fine,156,0.00012,0.9335,0.9259,13133,3356
2493,fine,156,0.00012,0.9439,0.9002,10643,6924
1418,fine,156,0.00012,0.8749,0.8439,2527,3644
3052,fine,156,0.00012,0.945,0.8905,8283,8224
29,fine,156,0.00012,0.9473,0.8292,5815,62
2043,fine,156,0.00012,0.8083,0.8178,12978,5569
2781,fine,156,0.00012,0.873,0.859,10515,7664
1984,fine,156,0.00012,0.9407,0.7825,2586,5363
461,fine,156,0.00012,0.9169,0.8417,4170,1156
3045,fine,156,0.00012,0.5758,0.72,11276,8210
2418,fine,156,0.00012,0.7977,0.8709,422,6678
3296,fine,156,0.00012,0.9304,0.8441,11440,8734
1976,fine,156,0.00012,0.946,0.9188,8068,5320
3410,fine,156,0.00012,0.8602,0.8305,10134,8991
1168,fine,155,0.00012,0.9036,0.8772,12221,2963
2843,fine,155,0.00012,0.7936,0.7529,5870,7774
2396,fine,155,0.00012,0.9642,0.7953,10282,6629
1211,fine,155,0.00012,0.9151,0.8682,10325,3046
3127,fine,155,0.00012,0.9772,0.9046,8475,8358
2111,fine,155,0.00012,0.9192,0.8724,4318,5831
1532,fine,155,0.00012,0.9222,0.8918,5709,3939
281,fine,155,0.00012,0.859,0.8148,1198,628
798,fine,155,0.00012,0.9369,0.7648,11054,2000
2724,fine,155,0.00012,0.9026,0.7752,11966,7526
1557,fine,155,0.00012,0.9384,0.9152,1505,3990
3014,fine,154,0.00012,0.8813,0.8217,10215,8130
1061,fine,154,0.00012,0.9277,0.7572,5526,2759
2880,fine,154,0.00012,0.6285,0.9062,628,7846
3209,fine,154,0.00012,0.7927,0.8109,11469,8530
1982,fine,154,0.00012,0.8758,0.9002,4007,5357
1576,fine,154,0.00012,0.8924,0.8808,2430,4042
2909,fine,154,0.00012,0.8762,0.7703,5528,7910
748,fine,154,0.00012,0.7509,0.834,1506,1834
566,fine,154,0.00012,0.917,0.9199,11257,1418
3634,fine,154,0.00012,0.8619,0.8306,6403,9430
1428,fine,154,0.00012,0.9167,0.8931,2152,3654
2168,fine,154,0.00012,0.9545,0.8904,11613,6021
1989,fine,154,0.00012,0.8276,0.8587,3433,5378
743,fine,154,0.00012,0.9482,0.9091,9815,1826
1659,fine,154,0.00012,0.929,0.9185,10133,4276
2807,fine,153,0.00012,0.9108,0.7994,10313,7723
194,fine,153,0.00012,0.8859,0.8293,4,459
2109,fine,153,0.00012,0.843,0.9106,3871,5825
1203,fine,153,0.00012,0.874,0.8022,12598,3035
2397,fine,153,0.00012,0.8414,0.8867,63,6628
1311,fine,153,0.00012,0.9338,0.8588,10317,3341
2855,fine,153,0.00012,0.8911,0.7827,11690,7787
1015,fine,153,0.00012,0.9058,0.81,2811,2640
167,fine,153,0.00012,0.911,0.793,4181,380
2943,fine,153,0.00012,0.9486,0.8546,8711,7986
1732,fine,153,0.00012,0.8986,0.812,3153,4485
712,fine,152,0.00012,0.8943,0.7668,4531,1774
734,fine,152,0.00012,0.8977,0.7956,7504,1808
3617,fine,152,0.00012,0.878,0.8639,12305,9401
1676,fine,152,0.00012,0.9213,0.8411,11077,4330
3469,fine,152,0.00012,0.8404,0.7778,10012,9138
1348,fine,152,0.00012,0.8639,0.7939,1715,3460
2754,fine,152,0.00012,0.8808,0.8611,10829,7615
3661,fine,152,0.00012,0.9666,0.852,13210,9478
670,fine,152,0.00012,0.905,0.8325,11397,1691
289,fine,152,0.00012,0.9334,0.8941,2739,649
1584,fine,152,0.00012,0.9343,0.726,1609,4056
2208,fine,152,0.00012,0.9633,0.9063,8512,6166
2042,fine,152,0.00012,0.8962,0.9047,7260,5562
2595,fine,152,0.00012,0.8697,0.8475,6182,7215
481,fine,151,0.00012,0.9042,0.8495,8810,1200
625,fine,151,0.00012,0.9358,0.93,11194,1574
410,fine,151,0.00012,0.9358,0.8305,8268,1019
424,fine,151,0.00012,0.9337,0.8201,8323,1061
2087,fine,151,0.00012,0.9253,0.8715,9623,5721
2560,fine,151,0.00012,0.8598,0.792,5599,7143
1352,fine,151,0.00012,0.9461,0.7693,4134,3471
158,fine,151,0.00012,0.8976,0.838,11963,344
1578,fine,151,0.00012,0.8811,0.8225,3631,4048
1696,fine,151,0.00012,0.95,0.9178,4417,4387
1075,fine,150,0.00012,0.8781,0.6147,2770,2784
1567,fine,150,0.00012,0.9398,0.8154,1661,4015
3200,fine,150,0.00012,0.9052,0.8665,10743,8515
1321,fine,150,0.00012,0.8679,0.6884,1830,3366
2322,fine,150,0.00012,0.9323,0.8398,11914,6492
3059,fine,150,0.00012,0.5911,0.8176,11789,8233
475,fine,150,0.00012,0.9274,0.8111,8109,1188
722,fine,150,0.00012,0.8953,0.891,7411,1794
2905,fine,150,0.00012,0.8807,0.8462,9430,7895
3148,fine,150,0.00012,0.958,0.859,8526,8400
912,fine,149,0.00012,0.9228,0.7915,5420,2315
3401,fine,149,0.00012,0.9033,0.8488,13047,8975
1439,fine,149,0.00012,0.8233,0.8511,805,3688
404,fine,149,0.00012,0.9161,0.8992,12929,1000
2514,fine,149,0.00012,0.8982,0.9071,12110,6975
2041,fine,149,0.00012,0.8142,0.932,12994,5560
1634,fine,149,0.00012,0.9569,0.8344,4917,4210
151,fine,148,0.00012,0.9772,0.8806,2583,330
1700,fine,148,0.00012,0.9369,0.8975,4858,4400
2901,fine,148,0.00012,0.8794,0.9172,1358,7896
1935,fine,148,0.00012,0.9125,0.9146,2878,5178
776,fine,148,0.00012,0.8336,0.7418,1582,1924
810,fine,148,0.00012,0.9215,0.8565,9581,2034
698,fine,148,0.00012,0.8948,0.8167,7681,1746
3064,fine,148,0.00012,0.671,0.8303,11916,8232
2191,fine,148,0.00012,0.8815,0.905,2642,6099
3026,fine,148,0.00012,0.8987,0.782,9102,8161
3100,fine,148,0.00012,0.8933,0.6935,10270,8316
1543,fine,148,0.00012,0.8225,0.9144,13266,3956
3399,fine,148,0.00012,0.9022,0.8062,3857,8972
2795,fine,148,0.00012,0.885,0.7718,6590,7699
433,fine,148,0.00012,0.9143,0.6755,7609,1093
2790,fine,148,0.00012,0.9521,0.7357,5403,7697
1577,fine,147,0.00012,0.9368,0.7727,1802,4042
1848,fine,147,0.00012,0.8599,0.8295,3873,4818
1287,fine,147,0.00012,0.8736,0.9064,719,3266
1429,fine,147,0.00012,0.9131,0.8205,1957,3654
807,fine,147,0.00012,0.8174,0.8225,5942,2017
3641,fine,147,0.00012,0.8841,0.8195,4239,9448
1965,fine,147,0.00012,0.8535,0.8977,2119,5291
1954,fine,147,0.00012,0.9092,0.9033,7310,5249
1715,fine,147,0.00012,0.8478,0.7612,2386,4437
740,fine,147,0.00012,0.8978,0.8329,7595,1817
987,fine,147,0.00012,0.9254,0.8182,1361,2538
2387,fine,147,0.00012,0.9651,0.8633,10265,6618
2029,fine,147,0.00012,0.9187,0.8924,1144,5496
514,fine,147,0.00012,0.8807,0.8571,13055,1287
1336,fine,147,0.00012,0.8464,0.9035,4860,3429
2863,fine,147,0.00012,0.7542,0.8885,11335,7813
1921,fine,146,0.00012,0.9469,0.842,2684,5128
421,fine,146,0.00012,0.8601,0.8364,1078,1055
519,fine,146,0.00012,0.8744,0.8927,5423,1301
1719,fine,146,0.00012,0.9265,0.8213,253,4459
1530,fine,146,0.00012,0.9155,0.9226,7114,3932
2213,fine,146,0.00012,0.9241,0.8337,8697,6174
964,fine,146,0.00012,0.9602,0.9182,11533,2467
971,fine,146,0.00012,0.7231,0.8808,6358,2494
3432,fine,146,0.00012,0.8795,0.8835,590,9037
2647,fine,146,0.00012,0.9061,0.8343,10596,7337
3092,fine,146,0.00012,0.9572,0.8386,8282,8297
2269,fine,145,0.00011,0.9255,0.8864,1019,6392
535,fine,145,0.00011,0.9112,0.8405,7639,1340
3501,fine,145,0.00011,0.8489,0.6452,9165,9230
3098,fine,145,0.00011,0.8878,0.7927,10400,8311
777,fine,145,0.00011,0.8482,0.8722,371,1924
402,fine,145,0.00011,0.9241,0.832,4469,998
2245,fine,145,0.00011,0.8356,0.782,2803,6316
1465,fine,145,0.00011,0.8941,0.8669,8119,3755
1328,fine,145,0.00011,0.8879,0.7417,3168,3409
1761,fine,145,0.00011,0.9465,0.9075,13295,4585
2044,fine,145,0.00011,0.9007,0.8958,9395,5567
2663,fine,145,0.00011,0.956,0.8529,4435,7372
2258,fine,145,0.00011,0.9432,0.7305,7395,6348
1595,fine,145,0.00011,0.8732,0.8498,3447,4102
344,fine,145,0.00011,0.9374,0.776,5688,765
2123,fine,145,0.00011,0.8491,0.9052,3946,5860
3178,fine,145,0.00011,0.692,0.8308,234,8471
145,fine,145,0.00011,0.9765,0.8291,2504,323
2115,fine,145,0.00011,0.8619,0.8834,626,5835
1057,fine,144,0.00011,0.8997,0.8823,5096,2751
3203,fine,144,0.00011,0.8951,0.8045,10157,8514
1374,fine,144,0.00011,0.9382,0.8612,1365,3536
6,fine,144,0.00011,0.9312,0.9258,11966,5
2830,fine,144,0.00011,0.8891,0.7221,6671,7760
2046,fine,144,0.00011,0.8743,0.8462,405,5577
334,fine,144,0.00011,0.9487,0.8668,10356,734
1260,fine,144,0.00011,0.9094,0.8672,9926,3196
3060,fine,144,0.00011,0.813,0.7366,12627,8227
2453,fine,144,0.00011,0.8994,0.843,3767,6803
1710,fine,144,0.00011,0.9153,0.91,6053,4426
2876,fine,144,0.00011,0.8859,0.818,10784,7833
1743,fine,143,0.00011,0.9226,0.8231,281,4503
3008,fine,143,0.00011,0.6735,0.875,11188,8115
2778,fine,143,0.00011,0.8038,0.8699,11355,7658
2061,fine,143,0.00011,0.8991,0.9102,7191,5621
1037,fine,143,0.00011,0.8952,0.8154,2886,2683
2534,fine,143,0.00011,0.8746,0.8769,6894,7067
1501,fine,143,0.00011,0.8226,0.8468,329,3838
3035,fine,143,0.00011,0.9015,0.9226,4265,8183
2667,fine,143,0.00011,0.9341,0.7053,12390,7387
960,fine,143,0.00011,0.9151,0.8437,9047,2461
94,fine,143,0.00011,0.9173,0.7643,1831,194
88,fine,143,0.00011,0.9306,0.8194,259,173
1620,fine,142,0.00011,0.9153,0.8036,501,4163
3429,fine,142,0.00011,0.857,0.7808,10057,9026
7,fine,142,0.00011,0.8805,0.859,12506,5
3516,fine,142,0.00011,0.8415,0.7898,10201,9259
62,fine,142,0.00011,0.9596,0.7633,4998,131
1047,fine,142,0.00011,0.8953,0.9017,11374,2710
3351,fine,142,0.00011,0.9021,0.8895,11579,8871
2227,fine,142,0.00011,0.9624,0.8471,8520,6250
3528,fine,142,0.00011,0.8209,0.7855,5874,9275
1115,fine,142,0.00011,0.9231,0.7949,3056,2861
48,fine,142,0.00011,0.9757,0.9,13145,100
3095,fine,142,0.00011,0.811,0.7459,12620,8307
3345,fine,141,0.00011,0.8863,0.7451,301,8851
24,fine,141,0.00011,0.9666,0.7594,4896,49
2026,fine,141,0.00011,0.9149,0.8355,12036,5485
768,fine,141,0.00011,0.8615,0.8163,6013,1894
528,fine,141,0.00011,0.9372,0.8327,10320,1318
2969,fine,141,0.00011,0.8491,0.7946,12900,8030
3146,fine,141,0.00011,0.9069,0.8017,10397,8394
1669,fine,141,0.00011,0.8952,0.898,7452,4305
1873,fine,141,0.00011,0.8881,0.7754,1748,4888
1551,fine,141,0.00011,0.9482,0.8062,1386,3981
1523,fine,141,0.00011,0.8862,0.8244,766,3926
2098,fine,141,0.00011,0.9469,0.9073,9612,5768
1533,fine,141,0.00011,0.9375,0.8796,5192,3940
293,fine,141,0.00011,0.9529,0.8897,7574,654
5,fine,141,0.00011,0.9112,0.9359,10740,3
1754,fine,141,0.00011,0.9148,0.8597,5861,4554
3342,fine,141,0.00011,0.8781,0.777,13144,8848
2207,fine,141,0.00011,0.9253,0.7933,12919,6173
1968,fine,141,0.00011,0.9213,0.8985,2710,5295
2516,fine,141,0.00011,0.9421,0.8178,10079,6994
3472,fine,141,0.00011,0.8545,0.9096,851,9151
3159,fine,140,0.00011,0.8452,0.8111,13263,8428
938,fine,140,0.00011,0.9028,0.9017,12343,2385
2195,fine,140,0.00011,0.9357,0.8652,10941,6111
897,fine,140,0.00011,0.9341,0.8241,6953,2293
1064,fine,140,0.00011,0.9273,0.823,5602,2760
2237,fine,140,0.00011,0.9295,0.7486,9017,6286
874,fine,140,0.00011,0.9292,0.7931,8898,2238
1357,fine,140,0.00011,0.9292,0.8236,12645,3484
3563,fine,140,0.00011,0.7108,0.822,1403,9327
1078,fine,140,0.00011,0.8741,0.7437,9303,2782
671,fine,140,0.00011,0.7131,0.7657,1417,1696
436,fine,140,0.00011,0.9497,0.8414,10278,1095
2846,fine,139,0.00011,0.9712,0.8962,5317,7776
392,fine,139,0.00011,0.9091,0.8682,4132,969
3539,fine,139,0.00011,0.8591,0.7352,10347,9286
565,fine,139,0.00011,0.8903,0.889,2407,1407
1422,fine,139,0.00011,0.8798,0.7817,2495,3648
2722,fine,139,0.00011,0.9076,0.8064,10365,7511
3496,fine,139,0.00011,0.8406,0.8015,9307,9224
3590,fine,139,0.00011,0.8627,0.9055,874,9359
3423,fine,139,0.00011,0.9399,0.8707,8091,9011
3582,fine,139,0.00011,0.8583,0.7599,9916,9346
2092,fine,139,0.00011,0.8876,0.852,850,5738
2060,fine,139,0.00011,0.897,0.8099,4468,5617
3010,fine,139,0.00011,0.9069,0.8061,9031,8115
1252,fine,139,0.00011,0.8804,0.7262,4055,3182
1162,fine,138,0.00011,0.8811,0.8466,3265,2948
74,fine,138,0.00011,0.9578,0.8921,2597,153
2797,fine,138,0.00011,0.8691,0.8424,10837,7709
2283,fine,138,0.00011,0.9103,0.9076,5102,6416
2651,fine,138,0.00011,0.9537,0.8859,4386,7352
2457,fine,138,0.00011,0.9271,0.8747,8506,6812
1979,fine,138,0.00011,0.9427,0.9208,5419,5338
2757,fine,138,0.00011,0.9048,0.7495,6597,7623
650,fine,138,0.00011,0.8589,0.8968,7091,1630
3118,fine,137,0.00011,0.8047,0.8241,12728,8348
837,fine,137,0.00011,0.8974,0.9045,8734,2102
1269,fine,137,0.00011,0.9066,0.9236,12273,3226
2515,fine,137,0.00011,0.9455,0.8826,11121,6988
998,fine,137,0.00011,0.942,0.8993,10261,2596
3232,fine,137,0.00011,0.8166,0.8251,11306,8571
3000,fine,137,0.00011,0.8844,0.8102,12436,8102
484,fine,136,0.00011,0.9368,0.8516,10195,1211
1207,fine,136,0.00011,0.8947,0.7266,5702,3047
3105,fine,136,0.00011,0.9673,0.818,8347,8326
2688,fine,136,0.00011,0.77,0.8249,11121,7432
3204,fine,136,0.00011,0.8971,0.7508,10184,8516
1546,fine,136,0.00011,0.8944,0.784,3186,3961
1391,fine,136,0.00011,0.9104,0.8992,13048,3574
3261,fine,136,0.00011,0.8932,0.8397,10122,8643
945,fine,136,0.00011,0.8968,0.8645,8573,2408
1480,fine,135,0.00011,0.9064,0.8044,3582,3779
1925,fine,135,0.00011,0.8846,0.8298,1705,5143
602,fine,135,0.00011,0.8605,0.827,581,1525
2334,fine,135,0.00011,0.9463,0.8875,11254,6516
1494,fine,135,0.00011,0.906,0.773,3747,3819
1010,fine,135,0.00011,0.9232,0.9331,11002,2630
380,fine,135,0.00011,0.8199,0.9014,3351,926
2360,fine,135,0.00011,0.9665,0.8191,10235,6553
3604,fine,135,0.00011,0.8632,0.7705,6046,9379
3606,fine,135,0.00011,0.916,0.7876,8836,9384
2408,fine,135,0.00011,0.9554,0.8146,10341,6650
3427,fine,135,0.00011,0.8569,0.7159,9626,9028
2233,fine,135,0.00011,0.9272,0.9122,9021,6265
3212,fine,135,0.00011,0.9306,0.7263,10484,8542
3406,fine,135,0.00011,0.8994,0.8486,12924,8979
1663,fine,135,0.00011,0.9157,0.6686,542,4293
620,fine,134,0.00011,0.9091,0.8642,7690,1562
962,fine,134,0.00011,0.9203,0.839,5643,2455
1029,fine,134,0.00011,0.9046,0.7851,5820,2669
1127,fine,134,0.00011,0.9457,0.8958,9758,2894
232,fine,134,0.00011,0.8483,0.8075,1226,535
754,fine,134,0.00011,0.8548,0.7516,5584,1850
242,fine,134,0.00011,0.8805,0.8288,5872,559
1794,fine,134,0.00011,0.9458,0.8405,4848,4665
121,fine,134,0.00011,0.9073,0.7759,11967,262
2883,fine,134,0.00011,0.8695,0.8303,10581,7851
1832,fine,134,0.00011,0.9102,0.9028,6627,4773
3566,fine,134,0.00011,0.9022,0.7329,12083,9330
1922,fine,134,0.00011,0.9177,0.8922,2886,5130
2648,fine,134,0.00011,0.9383,0.7558,12448,7342
1421,fine,133,0.00011,0.8898,0.778,3303,3647
63,fine,133,0.00011,0.9468,0.7607,5477,131
3175,fine,133,0.00011,0.844,0.8328,5118,8467
1148,fine,133,0.00011,0.8972,0.8199,5649,2925
520,fine,133,0.00011,0.8789,0.885,3128,1303
2299,fine,133,0.00011,0.9739,0.8996,11045,6448
1467,fine,133,0.00011,0.8986,0.7935,3406,3760
2601,fine,133,0.00011,0.9485,0.8199,12640,7236
2378,fine,133,0.00011,0.9044,0.8993,11712,6589
2446,fine,133,0.00011,0.9679,0.8516,10874,6777
1560,fine,133,0.00011,0.883,0.8523,2533,4002
1383,fine,133,0.00011,0.8825,0.8878,6055,3558
767,fine,133,0.00011,0.8483,0.7942,298,1892
337,fine,133,0.00011,0.9163,0.7194,10660,742
3250,fine,133,0.00011,0.9388,0.8391,6983,8614
1437,fine,133,0.00011,0.881,0.8221,3239,3674
2469,fine,133,0.00011,0.964,0.8955,10859,6837
2923,fine,133,0.00011,0.9048,0.8027,8934,7941
1728,fine,133,0.00011,0.8905,0.807,3208,4473
107,fine,133,0.00011,0.9538,0.806,4837,219
212,fine,133,0.00011,0.8814,0.8832,43,484
2649,fine,133,0.00011,0.9147,0.8343,158,7343
287,fine,133,0.00011,0.9479,0.8405,11813,637
750,fine,132,0.0001,0.9409,0.8798,10121,1843
631,fine,132,0.0001,0.8467,0.841,678,1588
2113,fine,132,0.0001,0.9381,0.8102,8470,5828
2604,fine,132,0.0001,0.9519,0.8445,12736,7240
2075,fine,132,0.0001,0.8929,0.8736,7894,5682
2169,fine,132,0.0001,0.9471,0.8635,11516,6026
2344,fine,132,0.0001,0.9433,0.9042,9837,6527
3627,fine,132,0.0001,0.8511,0.7098,9958,9426
591,fine,132,0.0001,0.9302,0.8077,7850,1499
3481,fine,132,0.0001,0.903,0.7725,11884,9177
1975,fine,132,0.0001,0.9075,0.8662,2760,5320
1338,fine,132,0.0001,0.8781,0.7968,2883,3433
1386,fine,132,0.0001,0.8087,0.872,827,3563
2395,fine,131,0.0001,0.9558,0.8534,10334,6623
2200,fine,131,0.0001,0.9149,0.8643,12958,6125
3628,fine,131,0.0001,0.9443,0.7989,12999,9424
2831,fine,131,0.0001,0.8733,0.8146,11767,7760
812,fine,131,0.0001,0.8563,0.8051,1583,2040
1903,fine,131,0.0001,0.9481,0.8987,5276,5052
2321,fine,131,0.0001,0.9091,0.7601,7665,6495
780,fine,131,0.0001,0.9305,0.8083,9550,1929
37,fine,131,0.0001,0.9398,0.8366,2205,76
2848,fine,131,0.0001,0.9491,0.8579,4086,7782
1267,fine,131,0.0001,0.7384,0.8993,6289,3223
3259,fine,131,0.0001,0.9434,0.8769,6919,8633
3547,fine,131,0.0001,0.8381,0.7149,10134,9296
1351,fine,131,0.0001,0.8576,0.9044,4924,3469
3462,fine,131,0.0001,0.8898,0.8815,574,9122
3214,fine,131,0.0001,0.9273,0.6068,10553,8547
2725,fine,131,0.0001,0.8873,0.8771,8620,7529
850,fine,131,0.0001,0.8896,0.7989,5592,2161
3299,fine,130,0.0001,0.8999,0.7996,10351,8736
430,fine,130,0.0001,0.9563,0.891,6823,1081
1544,fine,130,0.0001,0.9097,0.7381,3448,3960
1559,fine,130,0.0001,0.9557,0.8932,1217,4001
1506,fine,130,0.0001,0.9366,0.8274,4640,3870
1592,fine,130,0.0001,0.8659,0.8645,2522,4089
1850,fine,130,0.0001,0.855,0.8989,7466,4817
795,fine,130,0.0001,0.9231,0.8278,9544,1990
2425,fine,130,0.0001,0.9294,0.8365,9332,6704
787,fine,130,0.0001,0.94,0.8334,10098,1948
1737,fine,130,0.0001,0.9135,0.8308,393,4494
861,fine,130,0.0001,0.9225,0.7666,2269,2197
2533,fine,130,0.0001,0.8886,0.865,1579,7063
2659,fine,130,0.0001,0.905,0.7638,6409,7368
684,fine,130,0.0001,0.8876,0.7565,7397,1720
2973,fine,130,0.0001,0.9078,0.7004,9083,8039
785,fine,130,0.0001,0.9402,0.852,10082,1935
1125,fine,130,0.0001,0.8865,0.749,2671,2886
3531,fine,130,0.0001,0.8743,0.7472,9050,9283
3393,fine,130,0.0001,0.8499,0.768,3712,8964
1039,fine,130,0.0001,0.9447,0.8455,10272,2685
2944,fine,129,0.0001,0.9068,0.7751,9085,7986
550,fine,129,0.0001,0.9389,0.814,7951,1367
1276,fine,129,0.0001,0.9034,0.8871,12258,3240
1910,fine,129,0.0001,0.8607,0.909,1294,5068
304,fine,129,0.0001,0.9401,0.7474,5445,675
342,fine,129,0.0001,0.9386,0.7889,5576,757
2240,fine,129,0.0001,0.9131,0.8853,1611,6294
2748,fine,129,0.0001,0.9518,0.8473,4064,7606
340,fine,129,0.0001,0.882,0.83,1135,749
1859,fine,129,0.0001,0.8932,0.8477,2281,4845
1051,fine,129,0.0001,0.9039,0.8836,5093,2728
607,fine,129,0.0001,0.9419,0.796,10344,1530
723,fine,129,0.0001,0.8607,0.8521,2877,1795
2055,fine,129,0.0001,0.8989,0.8577,4887,5599
704,fine,129,0.0001,0.8888,0.6844,5406,1771
2915,fine,129,0.0001,0.7771,0.7991,6031,7921
3576,fine,129,0.0001,0.9386,0.8076,12965,9337
3633,fine,129,0.0001,0.8636,0.7816,5995,9432
163,fine,128,0.0001,0.9242,0.8222,5868,354
1101,fine,128,0.0001,0.9249,0.811,5559,2825
3464,fine,128,0.0001,0.8387,0.7643,6401,9127
761,fine,128,0.0001,0.9013,0.7695,7439,1875
2953,fine,128,0.0001,0.8399,0.7816,6566,8004
2296,fine,128,0.0001,0.9725,0.8522,11013,6437
1277,fine,128,0.0001,0.9191,0.862,551,3243
3400,fine,128,0.0001,0.9526,0.863,8080,8975
2095,fine,128,0.0001,0.9379,0.9122,10379,5750
3585,fine,128,0.0001,0.9514,0.8618,4526,9353
3131,fine,128,0.0001,0.6771,0.8393,11213,8360
2413,fine,127,0.0001,0.9452,0.8594,10415,6663
1713,fine,127,0.0001,0.9265,0.8138,254,4428
3360,fine,127,0.0001,0.9168,0.8454,11281,8897
549,fine,127,0.0001,0.9334,0.765,7839,1366
2699,fine,127,0.0001,0.8853,0.8342,11896,7445
3521,fine,127,0.0001,0.9169,0.7848,8837,9274
522,fine,127,0.0001,0.9357,0.7962,10282,1305
2552,fine,127,0.0001,0.9249,0.6185,2419,7128
379,fine,127,0.0001,0.9333,0.8945,5224,901
2343,fine,127,0.0001,0.9324,0.8088,11912,6525
3038,fine,127,0.0001,0.8854,0.8127,10298,8193
3603,fine,127,0.0001,0.8359,0.7956,10081,9379
1589,fine,127,0.0001,0.9623,0.9033,10379,4082
417,fine,127,0.0001,0.8686,0.8476,988,1039
932,fine,127,0.0001,0.9536,0.9098,10148,2354
3275,fine,127,0.0001,0.9263,0.8772,3747,8681
2926,fine,127,0.0001,0.7726,0.7532,6158,7946
2267,fine,126,0.0001,0.8826,0.8657,5144,6384
1562,fine,126,0.0001,0.8835,0.9085,12508,4005
1888,fine,126,0.0001,0.9384,0.8338,5415,4984
2526,fine,126,0.0001,0.8555,0.7566,6239,7031
1486,fine,126,0.0001,0.9067,0.7356,3526,3789
1688,fine,126,0.0001,0.9114,0.7998,3146,4367
2919,fine,126,0.0001,0.7789,0.723,6249,7931
1513,fine,126,0.0001,0.963,0.8404,10596,3892
308,fine,126,0.0001,0.9167,0.7188,4112,687
197,fine,126,0.0001,0.9137,0.8612,474,464
2716,fine,126,0.0001,0.9167,0.7674,12526,7493
4,fine,126,0.0001,0.9565,0.8849,7134,5
717,fine,126,0.0001,0.876,0.8626,5115,1782
3117,fine,126,0.0001,0.8077,0.7252,12687,8342
3104,fine,126,0.0001,0.891,0.7938,10235,8322
3578,fine,126,0.0001,0.8353,0.7033,9452,9342
207,fine,126,0.0001,0.9151,0.7756,4300,476
655,fine,125,0.0001,0.9547,0.7372,10426,1642
3395,fine,125,0.0001,0.8459,0.7748,3687,8965
3372,fine,125,0.0001,0.8977,0.7799,13026,8913
3108,fine,125,0.0001,0.8888,0.7814,10200,8330
1759,fine,125,0.0001,0.9452,0.8287,13282,4578
234,fine,125,0.0001,0.9417,0.7513,5406,535
2037,fine,125,0.0001,0.9148,0.8884,1392,5531
2968,fine,125,0.0001,0.8044,0.799,6346,8031
3180,fine,125,0.0001,0.9488,0.8584,3517,8471
2307,fine,125,0.0001,0.9719,0.8931,11195,6461
951,fine,125,0.0001,0.9558,0.9092,7345,2426
2507,fine,125,0.0001,0.8408,0.8182,1868,6955
2106,fine,125,0.0001,0.928,0.907,4229,5818
1141,fine,125,0.0001,0.9373,0.8572,13290,2904
199,fine,125,0.0001,0.863,0.8215,1234,467
3542,fine,124,0.0001,0.7854,0.7105,3250,9289
947,fine,124,0.0001,0.8736,0.7699,1611,2418
2640,fine,124,0.0001,0.9022,0.8783,11975,7323
1442,fine,124,0.0001,0.9148,0.8047,1951,3687
3640,fine,124,0.0001,0.8111,0.8072,6565,9440
2473,fine,124,0.0001,0.9433,0.857,8970,6839
2786,fine,124,0.0001,0.891,0.808,6600,7683
1399,fine,124,0.0001,0.81,0.8368,776,3605
2862,fine,124,0.0001,0.8095,0.8133,6386,7807
3357,fine,124,0.0001,0.8531,0.8577,3336,8889
741,fine,124,0.0001,0.8978,0.8209,7402,1822
2626,fine,124,0.0001,0.9264,0.789,4604,7300
3358,fine,124,0.0001,0.8725,0.7064,9848,8892
3560,fine,124,0.0001,0.9449,0.843,13061,9319
611,fine,124,0.0001,0.9095,0.7519,7622,1540
1343,fine,124,0.0001,0.8569,0.7735,4930,3449
1746,fine,124,0.0001,0.9328,0.8956,13315,4507
2585,fine,124,0.0001,0.9301,0.8891,9072,7193
2924,fine,123,0.0001,0.7205,0.8182,11679,7942
2612,fine,123,0.0001,0.9098,0.7387,2293,7264
2937,fine,123,0.0001,0.8885,0.7825,2728,7974
1860,fine,123,0.0001,0.9143,0.8873,6587,4848
574,fine,123,0.0001,0.8983,0.8656,2392,1448
858,fine,123,0.0001,0.766,0.8455,6322,2187
1171,fine,123,0.0001,0.8536,0.7792,10720,2970
1198,fine,123,0.0001,0.952,0.7808,1177,3023
2389,fine,123,0.0001,0.8985,0.9129,11691,6618
3636,fine,123,0.0001,0.9522,0.8169,4867,9434
1658,fine,123,0.0001,0.9389,0.8953,5766,4271
3142,fine,123,0.0001,0.8431,0.7784,2493,8389
586,fine,123,0.0001,0.9117,0.873,2060,1491
2435,fine,122,0.0001,0.9453,0.7576,10418,6747
3330,fine,122,0.0001,0.9189,0.8966,6912,8814
2803,fine,122,0.0001,0.7972,0.8022,6138,7717
2452,fine,122,0.0001,0.9556,0.7956,10232,6800
2837,fine,122,0.0001,0.817,0.7504,6386,7767
2367,fine,122,0.0001,0.9651,0.8528,10274,6568
559,fine,122,0.0001,0.9123,0.891,2037,1384
639,fine,122,0.0001,0.9156,0.843,8215,1599
991,fine,122,0.0001,0.8328,0.7808,1804,2557
1638,fine,122,0.0001,0.9179,0.7477,585,4215
3517,fine,122,0.0001,0.8836,0.7856,8997,9264
143,fine,122,0.0001,0.8825,0.7924,1293,315
1661,fine,122,0.0001,0.9032,0.8105,8238,4280
2687,fine,122,0.0001,0.9341,0.8243,150,7428
2580,fine,122,0.0001,0.9207,0.6747,10142,7179
3588,fine,121,0.0001,0.94,0.78,12826,9352
2853,fine,121,0.0001,0.9071,0.8505,6868,7786
46,fine,121,0.0001,0.9749,0.9004,13111,95
1508,fine,121,0.0001,0.935,0.8196,1837,3878
878,fine,121,0.0001,0.9408,0.8984,6997,2248
786,fine,121,0.0001,0.8651,0.9243,6655,1938
718,fine,121,0.0001,0.9397,0.8568,10004,1783
3456,fine,121,0.0001,0.9119,0.685,12942,9111
1497,fine,121,0.0001,0.9232,0.7804,1982,3827
2419,fine,121,0.0001,0.8968,0.7444,12082,6684
551,fine,121,0.0001,0.9022,0.7173,57,1372
65,fine,121,0.0001,0.96,0.8662,2549,131
1912,fine,121,0.0001,0.8843,0.9197,8961,5081
498,fine,121,0.0001,0.8757,0.7683,3147,1243
2982,fine,121,0.0001,0.7997,0.6241,6309,8056
1220,fine,121,0.0001,0.8223,0.8849,9394,3065
636,fine,121,0.0001,0.8763,0.8507,6316,1596
2120,fine,120,9e-05,0.864,0.8165,684,5852
2869,fine,120,9e-05,0.9302,0.888,3599,7823
1131,fine,120,9e-05,0.8206,0.8081,11394,2893
3650,fine,120,9e-05,0.762,0.8608,1214,9454
1687,fine,120,9e-05,0.9193,0.7333,3002,4361
2099,fine,120,9e-05,0.9268,0.7311,8684,5768
2489,fine,120,9e-05,0.8886,0.8984,3062,6898
1362,fine,120,9e-05,0.9309,0.7336,1246,3494
1056,fine,120,9e-05,0.831,0.8741,12907,2743
2230,fine,120,9e-05,0.8572,0.8103,5185,6257
2914,fine,120,9e-05,0.8706,0.7849,10575,7919
3027,fine,119,9e-05,0.8176,0.715,9877,8162
2891,fine,119,9e-05,0.9216,0.7151,12351,7877
901,fine,119,9e-05,0.8646,0.7548,2440,2301
2627,fine,119,9e-05,0.9404,0.7782,12444,7301
2814,fine,119,9e-05,0.8907,0.7597,10630,7739
2433,fine,119,9e-05,0.8875,0.8142,12209,6745
211,fine,119,9e-05,0.9394,0.8835,5313,479
1550,fine,119,9e-05,0.9021,0.8063,2464,3971
1205,fine,119,9e-05,0.9132,0.7005,5812,3038
1178,fine,119,9e-05,0.9158,0.867,7472,2989
2443,fine,119,9e-05,0.9167,0.7736,8370,6773
185,fine,119,9e-05,0.9638,0.8833,2672,418
1464,fine,119,9e-05,0.9057,0.8012,3504,3755
744,fine,119,9e-05,0.9402,0.7607,10009,1829
2563,fine,119,9e-05,0.8549,0.7809,5686,7150
2729,fine,119,9e-05,0.9143,0.815,10658,7542
1811,fine,118,9e-05,0.8952,0.8783,2672,4705
3367,fine,118,9e-05,0.8762,0.8206,10094,8906
3222,fine,118,9e-05,0.978,0.7926,8383,8556
1874,fine,118,9e-05,0.8875,0.8514,2372,4889
3348,fine,118,9e-05,0.8909,0.8873,397,8863
500,fine,118,9e-05,0.9377,0.7093,10313,1249
557,fine,118,9e-05,0.8672,0.8752,13060,1379
599,fine,118,9e-05,0.9044,0.864,3366,1522
2363,fine,118,9e-05,0.9066,0.7895,1090,6559
1703,fine,118,9e-05,0.8318,0.8204,3380,4403
813,fine,118,9e-05,0.8468,0.8041,769,2043
333,fine,118,9e-05,0.9476,0.7014,10496,733
326,fine,118,9e-05,0.9373,0.787,7628,710
389,fine,118,9e-05,0.9139,0.8563,7084,961
633,fine,118,9e-05,0.9207,0.7045,4930,1593
2550,fine,118,9e-05,0.8596,0.7473,6273,7116
1456,fine,118,9e-05,0.8969,0.854,8113,3732
2670,fine,118,9e-05,0.8718,0.8818,1812,7391
763,fine,117,9e-05,0.936,0.9158,11272,1875
2356,fine,117,9e-05,0.8709,0.8276,1725,6549
2827,fine,117,9e-05,0.8599,0.8969,12819,7755
1273,fine,117,9e-05,0.8804,0.8653,410,3234
2024,fine,117,9e-05,0.8854,0.7392,480,5474
2048,fine,117,9e-05,0.9363,0.8692,10232,5578
2124,fine,117,9e-05,0.954,0.8656,9402,5858
2743,fine,117,9e-05,0.9026,0.7615,11696,7587
679,fine,117,9e-05,0.9494,0.8282,10357,1703
653,fine,117,9e-05,0.9033,0.8562,11367,1632
1998,fine,117,9e-05,0.9363,0.7493,2557,5389
913,fine,117,9e-05,0.9269,0.8679,9250,2312
2765,fine,117,9e-05,0.8802,0.8007,6508,7638
909,fine,117,9e-05,0.9066,0.8645,3754,2314
356,fine,117,9e-05,0.9201,0.7717,603,813
130,fine,117,9e-05,0.9427,0.8549,8744,280
2525,fine,116,9e-05,0.9379,0.7067,10124,7030
3191,fine,116,9e-05,0.739,0.8183,11589,8493
3103,fine,116,9e-05,0.8874,0.7785,9331,8325
2421,fine,116,9e-05,0.893,0.8494,12099,6697
497,fine,116,9e-05,0.9248,0.7883,8247,1241
254,fine,116,9e-05,0.9481,0.8804,2545,579
1773,fine,116,9e-05,0.904,0.8601,10750,4609
2002,fine,116,9e-05,0.9395,0.8768,5377,5400
1471,fine,116,9e-05,0.8847,0.9034,13178,3766
269,fine,116,9e-05,0.9526,0.9012,13188,610
1340,fine,116,9e-05,0.8837,0.7087,2128,3441
1092,fine,116,9e-05,0.9092,0.8484,8489,2807
3079,fine,116,9e-05,0.8846,0.7029,10206,8260
1636,fine,116,9e-05,0.8337,0.7375,3490,4210
2292,fine,116,9e-05,0.9729,0.9046,11047,6432
773,fine,116,9e-05,0.861,0.8098,6111,1904
2294,fine,116,9e-05,0.9483,0.7784,7122,6435
2527,fine,116,9e-05,0.8822,0.8863,6515,7032
2884,fine,116,9e-05,0.8954,0.8837,10699,7855
1150,fine,116,9e-05,0.93,0.8364,10422,2934
72,fine,115,9e-05,0.9232,0.8667,10330,151
866,fine,115,9e-05,0.9357,0.8498,10145,2207
1377,fine,115,9e-05,0.8654,0.7659,2998,3541
644,fine,115,9e-05,0.9135,0.8169,8209,1618
2422,fine,115,9e-05,0.8893,0.8179,12144,6699
2346,fine,115,9e-05,0.8964,0.8016,7317,6528
1594,fine,115,9e-05,0.9318,0.7373,1851,4097
2094,fine,115,9e-05,0.9407,0.7607,10806,5747
658,fine,115,9e-05,0.917,0.7744,7932,1648
646,fine,115,9e-05,0.9274,0.7848,8086,1620
628,fine,115,9e-05,0.8443,0.7826,625,1579
1487,fine,115,9e-05,0.8831,0.7739,2490,3789
1876,fine,115,9e-05,0.8724,0.8187,1622,4894
3063,fine,115,9e-05,0.6037,0.8429,11836,8232
626,fine,115,9e-05,0.9077,0.8426,7709,1575
1450,fine,115,9e-05,0.8608,0.8946,7198,3722
645,fine,114,9e-05,0.8471,0.7244,818,1620
2820,fine,114,9e-05,0.9682,0.8587,5224,7746
2333,fine,114,9e-05,0.9129,0.8967,6641,6515
3169,fine,114,9e-05,0.7401,0.857,11139,8452
110,fine,114,9e-05,0.9026,0.9119,1639,228
3453,fine,114,9e-05,0.8827,0.7673,12219,9096
418,fine,114,9e-05,0.9124,0.8585,7083,1045
2381,fine,114,9e-05,0.8989,0.8031,6820,6601
1786,fine,114,9e-05,0.9397,0.7812,1866,4631
270,fine,113,9e-05,0.8694,0.7515,1154,617
3415,fine,113,9e-05,0.8933,0.8995,11881,8992
1312,fine,113,9e-05,0.8731,0.6645,2217,3347
1073,fine,113,9e-05,0.9482,0.8197,10279,2771
3556,fine,113,9e-05,0.8518,0.738,9204,9319
1326,fine,113,9e-05,0.9436,0.8062,10269,3387
989,fine,113,9e-05,0.9097,0.8039,2182,2545
1201,fine,113,9e-05,0.918,0.8433,10321,3030
2676,fine,113,9e-05,0.9167,0.8578,8924,7408
3196,fine,113,9e-05,0.9142,0.8158,10344,8503
2194,fine,113,9e-05,0.8907,0.748,4643,6110
1373,fine,113,9e-05,0.8953,0.7657,2239,3534
2536,fine,112,9e-05,0.9548,0.8582,11114,7069
1802,fine,112,9e-05,0.9563,0.7693,1942,4679
2681,fine,112,9e-05,0.933,0.824,12572,7417
164,fine,112,9e-05,0.9382,0.8185,3887,363
1475,fine,112,9e-05,0.8477,0.7951,752,3770
949,fine,112,9e-05,0.9183,0.8009,1394,2420
2979,fine,112,9e-05,0.9473,0.9013,8397,8052
1041,fine,112,9e-05,0.9145,0.793,11332,2689
1448,fine,112,9e-05,0.9023,0.826,3469,3705
674,fine,112,9e-05,0.791,0.7085,1162,1699
2810,fine,112,9e-05,0.9031,0.7953,11651,7734
407,fine,112,9e-05,0.9327,0.8466,4725,1006
3632,fine,112,9e-05,0.858,0.8424,9660,9427
458,fine,112,9e-05,0.9284,0.7994,7838,1147
3260,fine,112,9e-05,0.9378,0.8497,6993,8637
2480,fine,112,9e-05,0.8846,0.8703,2966,6865
447,fine,112,9e-05,0.875,0.9058,5702,1128
3020,fine,112,9e-05,0.7532,0.7941,11093,8143
1296,fine,112,9e-05,0.9203,0.782,12344,3311
1134,fine,111,9e-05,0.9401,0.7288,10292,2895
120,fine,111,9e-05,0.894,0.7868,1170,257
975,fine,111,9e-05,0.8449,0.819,1821,2504
2282,fine,111,9e-05,0.9096,0.8603,4720,6415
2868,fine,111,9e-05,0.8706,0.6732,10588,7824
2420,fine,111,9e-05,0.947,0.7359,10402,6694
1183,fine,111,9e-05,0.9154,0.9071,7456,2999
1255,fine,111,9e-05,0.8469,0.8244,4879,3185
2764,fine,111,9e-05,0.839,0.7463,6312,7634
1098,fine,111,9e-05,0.8791,0.626,2713,2826
868,fine,111,9e-05,0.791,0.7833,5962,2209
2291,fine,111,9e-05,0.9726,0.8912,11027,6434
156,fine,111,9e-05,0.9276,0.7082,5869,335
3642,fine,111,9e-05,0.8593,0.6925,5976,9447
3086,fine,111,9e-05,0.8088,0.7804,6182,8281
1514,fine,111,9e-05,0.8816,0.8227,8231,3895
28,fine,111,9e-05,0.958,0.794,5976,56
1489,fine,111,9e-05,0.9057,0.7987,3690,3802
3113,fine,111,9e-05,0.9249,0.8046,3882,8335
1972,fine,111,9e-05,0.8757,0.893,12128,5297
2201,fine,111,9e-05,0.9342,0.8894,9091,6124
1633,fine,110,9e-05,0.9184,0.6658,3142,4197
2280,fine,110,9e-05,0.9437,0.7823,7376,6405
1950,fine,110,9e-05,0.9072,0.8494,2960,5239
3132,fine,110,9e-05,0.8432,0.7957,13172,8360
2751,fine,110,9e-05,0.8587,0.8538,3089,7611
1085,fine,110,9e-05,0.8607,0.8093,5987,2791
1747,fine,110,9e-05,0.9347,0.7716,186,4517
946,fine,110,9e-05,0.8678,0.8503,1874,2411
3223,fine,110,9e-05,0.9395,0.8307,3540,8558
2039,fine,110,9e-05,0.8961,0.8874,815,5548
2058,fine,110,9e-05,0.8845,0.8786,11015,5610
338,fine,110,9e-05,0.857,0.8665,2435,738
702,fine,109,9e-05,0.8851,0.8167,7296,1758
3134,fine,109,9e-05,0.8234,0.83,5421,8363
693,fine,109,9e-05,0.9604,0.8604,3286,1737
1106,fine,109,9e-05,0.9437,0.8832,10181,2840
3272,fine,109,9e-05,0.9335,0.7589,6794,8675
781,fine,109,9e-05,0.7189,0.7449,1026,1928
2804,fine,109,9e-05,0.8949,0.7848,6651,7719
904,fine,109,9e-05,0.8859,0.754,1453,2303
1709,fine,109,9e-05,0.8819,0.8333,3280,4421
1569,fine,109,9e-05,0.8517,0.886,6128,4017
2579,fine,109,9e-05,0.8916,0.8067,6425,7178
1356,fine,109,9e-05,0.8887,0.7527,2170,3485
1855,fine,109,9e-05,0.8746,0.8428,2363,4838
1043,fine,109,9e-05,0.9437,0.7908,10299,2697
1793,fine,109,9e-05,0.8746,0.8225,3195,4661
3656,fine,109,9e-05,0.8918,0.6839,8966,9465
2302,fine,109,9e-05,0.8552,0.7988,5179,6453
8,fine,109,9e-05,0.9615,0.8409,4982,13
1322,fine,109,9e-05,0.9248,0.8016,12823,3370
3467,fine,108,9e-05,0.855,0.7729,9478,9138
922,fine,108,9e-05,0.9262,0.7329,5509,2335
2581,fine,108,9e-05,0.9476,0.8755,7362,7182
2705,fine,108,9e-05,0.912,0.7748,10667,7465
3465,fine,108,9e-05,0.8428,0.7763,6582,9129
2509,fine,108,9e-05,0.9425,0.7232,10306,6957
146,fine,108,9e-05,0.9748,0.8859,2612,323
2592,fine,108,9e-05,0.9204,0.7463,8654,7207
1887,fine,108,9e-05,0.7848,0.9019,13032,4981
2633,fine,108,9e-05,0.9131,0.8562,9627,7313
1628,fine,108,9e-05,0.9002,0.8289,3937,4178
3502,fine,108,9e-05,0.7722,0.7776,2394,9234
2930,fine,108,9e-05,0.7894,0.793,5811,7953
3620,fine,108,9e-05,0.8963,0.7863,8517,9406
1485,fine,108,9e-05,0.8966,0.7928,12485,3785
3567,fine,108,9e-05,0.9377,0.7736,12987,9329
2983,fine,108,9e-05,0.8801,0.7414,10357,8060
1454,fine,108,9e-05,0.954,0.8183,8628,3729
542,fine,108,9e-05,0.8979,0.8645,2311,1356
41,fine,108,9e-05,0.9396,0.9255,11680,85
2929,fine,108,9e-05,0.7737,0.724,6016,7952
3397,fine,108,9e-05,0.9115,0.8489,308,8967
443,fine,108,9e-05,0.88,0.8556,2930,1116
1985,fine,108,9e-05,0.9118,0.8514,2742,5369
1635,fine,108,9e-05,0.9066,0.9177,11595,4206
759,fine,108,9e-05,0.9282,0.8993,12002,1859
2416,fine,108,9e-05,0.8902,0.877,2963,6679
1387,fine,107,8e-05,0.8974,0.7696,2305,3564
2150,fine,107,8e-05,0.9575,0.792,3049,5965
1158,fine,107,8e-05,0.9312,0.8018,10348,2941
2149,fine,107,8e-05,0.9399,0.8916,10502,5964
601,fine,107,8e-05,0.8643,0.7559,468,1527
2938,fine,107,8e-05,0.9106,0.7853,8939,7977
2556,fine,107,8e-05,0.8535,0.7937,6210,7133
3321,fine,107,8e-05,0.8287,0.9017,9167,8786
2656,fine,107,8e-05,0.9348,0.8667,5498,7359
719,fine,107,8e-05,0.8662,0.8646,2899,1783
1104,fine,107,8e-05,0.8882,0.8129,2365,2831
1774,fine,107,8e-05,0.8965,0.8231,11611,4606
3574,fine,106,8e-05,0.7958,0.8587,3166,9337
1839,fine,106,8e-05,0.9359,0.8765,5279,4796
2271,fine,106,8e-05,0.965,0.7573,11023,6391
114,fine,106,8e-05,0.8877,0.7952,1221,247
2105,fine,106,8e-05,0.9217,0.7779,8719,5810
3536,fine,106,8e-05,0.845,0.7735,10249,9280
1572,fine,106,8e-05,0.9231,0.8526,5856,4029
92,fine,106,8e-05,0.949,0.769,5596,191
1195,fine,106,8e-05,0.9115,0.8375,8265,3019
3623,fine,106,8e-05,0.8301,0.7682,9334,9412
2234,fine,106,8e-05,0.9552,0.8113,7094,6270
316,fine,106,8e-05,0.9261,0.7861,8670,695
881,fine,106,8e-05,0.9401,0.8225,7022,2259
3303,fine,106,8e-05,0.7436,0.7818,6124,8742
970,fine,106,8e-05,0.9164,0.7304,1277,2492
3190,fine,106,8e-05,0.9466,0.8601,3533,8491
3324,fine,106,8e-05,0.8956,0.8133,11230,8790
843,fine,106,8e-05,0.7749,0.7817,6286,2142
3048,fine,106,8e-05,0.7465,0.7521,11085,8209
246,fine,106,8e-05,0.9477,0.8576,11838,564
869,fine,106,8e-05,0.9452,0.894,6948,2211
2874,fine,106,8e-05,0.8983,0.8813,6878,7826
2932,fine,106,8e-05,0.7759,0.6127,5946,7964
2678,fine,106,8e-05,0.9065,0.7902,10613,7414
176,fine,105,8e-05,0.9205,0.9056,11251,400
988,fine,105,8e-05,0.894,0.8279,4468,2541
236,fine,105,8e-05,0.9606,0.9139,13263,545
3267,fine,105,8e-05,0.8155,0.8274,6346,8666
3090,fine,105,8e-05,0.8111,0.7609,12607,8290
544,fine,105,8e-05,0.8806,0.7428,394,1358
1337,fine,105,8e-05,0.8835,0.7655,2082,3428
2946,fine,105,8e-05,0.7873,0.72,5835,7990
3477,fine,105,8e-05,0.8399,0.7892,10209,9164
705,fine,104,8e-05,0.8967,0.6796,7649,1765
411,fine,104,8e-05,0.8093,0.8542,3769,1023
1706,fine,104,8e-05,0.9357,0.8528,4841,4412
459,fine,104,8e-05,0.9397,0.7717,10554,1148
2083,fine,104,8e-05,0.893,0.8087,5901,5713
3099,fine,104,8e-05,0.8866,0.7611,10431,8312
3570,fine,104,8e-05,0.8876,0.7816,8119,9334
3373,fine,104,8e-05,0.8619,0.7204,9724,8914
982,fine,104,8e-05,0.9328,0.7491,5505,2517
263,fine,104,8e-05,0.9422,0.8489,2719,601
431,fine,104,8e-05,0.9119,0.7713,7431,1081
2232,fine,104,8e-05,0.9518,0.7984,7072,6258
3339,fine,104,8e-05,0.8691,0.8348,468,8839
3218,fine,104,8e-05,0.9124,0.8496,10688,8547
106,fine,103,8e-05,0.8791,0.7665,12095,215
57,fine,103,8e-05,0.9201,0.7037,1779,117
1651,fine,103,8e-05,0.8301,0.7519,3456,4260
1094,fine,103,8e-05,0.9505,0.7786,10468,2808
1736,fine,103,8e-05,0.9226,0.8539,10789,4489
3440,fine,103,8e-05,0.804,0.7329,3458,9065
201,fine,103,8e-05,0.93,0.7628,4056,467
2921,fine,103,8e-05,0.858,0.7027,6638,7934
147,fine,103,8e-05,0.9391,0.7648,5216,323
2287,fine,103,8e-05,0.9029,0.8168,1236,6420
1750,fine,103,8e-05,0.9352,0.7863,13241,4521
382,fine,103,8e-05,0.9105,0.836,2825,931
1818,fine,103,8e-05,0.8653,0.7935,10395,4733
3051,fine,103,8e-05,0.8646,0.8902,7532,8217
1964,fine,103,8e-05,0.9723,0.8833,11830,5285
560,fine,103,8e-05,0.8434,0.8185,8985,1384
216,fine,103,8e-05,0.964,0.8526,13202,491
1660,fine,103,8e-05,0.8107,0.8142,3523,4280
3455,fine,103,8e-05,0.8365,0.7516,6402,9108
1629,fine,103,8e-05,0.9169,0.6528,651,4183
3238,fine,103,8e-05,0.904,0.7549,10269,8583
2842,fine,103,8e-05,0.9064,0.7424,6860,7770
1833,fine,103,8e-05,0.9097,0.8866,1068,4775
1999,fine,102,8e-05,0.9014,0.8752,12493,5397
521,fine,102,8e-05,0.9333,0.6165,8075,1305
3176,fine,102,8e-05,0.8114,0.66,12814,8464
1914,fine,102,8e-05,0.8853,0.8872,2013,5091
43,fine,102,8e-05,0.9071,0.8541,10816,89
1545,fine,102,8e-05,0.9052,0.8594,2209,3960
3036,fine,102,8e-05,0.8172,0.7367,12667,8193
1324,fine,102,8e-05,0.8955,0.778,2963,3378
953,fine,102,8e-05,0.9145,0.7785,1348,2435
842,fine,102,8e-05,0.7777,0.761,6307,2135
1145,fine,102,8e-05,0.8845,0.8162,10712,2915
3554,fine,102,8e-05,0.8495,0.6857,9218,9310
2340,fine,102,8e-05,0.9489,0.8488,8611,6521
806,fine,102,8e-05,0.8951,0.8277,12671,2015
803,fine,102,8e-05,0.9377,0.7844,10150,2005
1655,fine,101,8e-05,0.8937,0.8621,12776,4264
3012,fine,101,8e-05,0.8849,0.8327,2701,8128
2559,fine,101,8e-05,0.9498,0.8336,7368,7140
3522,fine,101,8e-05,0.8385,0.7344,10148,9271
3120,fine,101,8e-05,0.8826,0.7166,10107,8346
307,fine,101,8e-05,0.9269,0.8781,8848,682
2441,fine,101,8e-05,0.8556,0.8486,6335,6768
3068,fine,101,8e-05,0.5373,0.7701,11305,8242
3039,fine,101,8e-05,0.8397,0.7595,9941,8197
1416,fine,101,8e-05,0.873,0.7256,577,3639
1858,fine,101,8e-05,0.8009,0.8953,13033,4841
231,fine,101,8e-05,0.9156,0.8045,4228,522
2589,fine,101,8e-05,0.9112,0.8655,10880,7196
13,fine,101,8e-05,0.9674,0.8847,4882,23
2263,fine,101,8e-05,0.9414,0.7309,7044,6375
619,fine,101,8e-05,0.8774,0.7749,6409,1560
274,fine,100,8e-05,0.9254,0.6897,4027,617
309,fine,100,8e-05,0.8922,0.7512,1063,686
2102,fine,100,8e-05,0.9439,0.8746,11398,5790
1580,fine,100,8e-05,0.9605,0.836,4914,4049
1549,fine,100,8e-05,0.9071,0.7207,3484,3969
2886,fine,100,8e-05,0.7681,0.7164,6172,7859
377,fine,100,8e-05,0.9297,0.7739,8133,897
1693,fine,100,8e-05,0.9149,0.7817,302,4380
399,fine,100,8e-05,0.9193,0.7826,7418,987
826,fine,100,8e-05,0.8398,0.8288,710,2069
2530,fine,100,8e-05,0.9096,0.7895,7507,7057
3290,fine,100,8e-05,0.8582,0.7791,13027,8718
2180,fine,100,8e-05,0.8557,0.8462,503,6071
2538,fine,100,8e-05,0.9276,0.877,9102,7076
328,fine,100,8e-05,0.9395,0.7573,10553,710
144,fine,100,8e-05,0.9301,0.8828,11804,314
3480,fine,100,8e-05,0.9528,0.8949,13309,9174
159,fine,100,8e-05,0.9008,0.7824,3190,343
3041,fine,100,8e-05,0.8979,0.8144,4288,8198
3292,fine,100,8e-05,0.9768,0.882,8277,8724
2691,fine,99,8e-05,0.89,0.8165,6256,7432
2330,fine,99,8e-05,0.9738,0.8878,10057,6509
1097,fine,99,8e-05,0.8616,0.783,4328,2817
1798,fine,99,8e-05,0.8586,0.7244,1681,4671
2632,fine,99,8e-05,0.9049,0.7975,10446,7311
3374,fine,99,8e-05,0.8799,0.7438,9887,8917
2482,fine,99,8e-05,0.883,0.7817,3742,6871
2051,fine,99,8e-05,0.9344,0.8776,10232,5591
613,fine,99,8e-05,0.862,0.8547,725,1544
2999,fine,99,8e-05,0.8993,0.7721,8125,8094
2332,fine,99,8e-05,0.9104,0.7474,6794,6511
306,fine,99,8e-05,0.946,0.7651,10420,677
322,fine,99,8e-05,0.9383,0.6666,5627,706
3452,fine,99,8e-05,0.8354,0.7775,6443,9095
1504,fine,99,8e-05,0.8561,0.742,13215,3865
1490,fine,99,8e-05,0.8811,0.7963,13284,3805
2672,fine,99,8e-05,0.8998,0.769,10441,7393
746,fine,99,8e-05,0.7303,0.6978,1477,1831
1420,fine,99,8e-05,0.9144,0.7622,2104,3642
2885,fine,99,8e-05,0.9285,0.7957,12285,7855
101,fine,99,8e-05,0.9409,0.8801,5915,209
2835,fine,99,8e-05,0.9475,0.8578,4095,7764
370,fine,98,8e-05,0.9173,0.7647,5643,875
3652,fine,98,8e-05,0.799,0.7329,1142,9459
1716,fine,98,8e-05,0.9224,0.7733,275,4443
3653,fine,98,8e-05,0.8484,0.7248,5949,9458
604,fine,98,8e-05,0.9048,0.8226,3381,1527
3666,fine,98,8e-05,0.6709,0.7717,1535,9483
427,fine,98,8e-05,0.9256,0.7832,7911,1070
876,fine,98,8e-05,0.9169,0.7729,9438,2245
840,fine,98,8e-05,0.8948,0.7119,8708,2112
3087,fine,98,8e-05,0.8533,0.8723,12141,8281
1144,fine,98,8e-05,0.9323,0.7538,10486,2915
2791,fine,98,8e-05,0.8779,0.81,10821,7693
1264,fine,98,8e-05,0.9288,0.7248,3062,3211
85,fine,98,8e-05,0.9462,0.8141,5472,168
226,fine,98,8e-05,0.9319,0.7895,10080,512
239,fine,97,8e-05,0.9602,0.7665,13186,552
2603,fine,97,8e-05,0.8762,0.7851,3272,7242
1808,fine,97,8e-05,0.8943,0.8708,2680,4695
1080,fine,97,8e-05,0.8793,0.7068,2683,2785
1095,fine,97,8e-05,0.9502,0.6445,10525,2816
2955,fine,97,8e-05,0.9571,0.8102,8629,8001
1900,fine,97,8e-05,0.948,0.869,2671,5046
1481,fine,97,8e-05,0.9122,0.8681,10181,3778
425,fine,97,8e-05,0.9336,0.7772,8376,1061
3210,fine,97,8e-05,0.8965,0.8526,10751,8531
1603,fine,97,8e-05,0.9217,0.8713,4272,4124
585,fine,97,8e-05,0.8413,0.8772,8940,1481
2136,fine,97,8e-05,0.934,0.8374,10592,5920
245,fine,96,8e-05,0.9432,0.8039,5378,563
1034,fine,96,8e-05,0.9245,0.8593,5182,2677
445,fine,96,8e-05,0.9442,0.7315,10393,1120
1602,fine,96,8e-05,0.914,0.7753,678,4126
2456,fine,96,8e-05,0.8926,0.7263,12214,6806
2010,fine,96,8e-05,0.9247,0.8611,2400,5424
736,fine,96,8e-05,0.8964,0.8208,7386,1809
2398,fine,96,8e-05,0.9011,0.7187,6781,6631
1231,fine,96,8e-05,0.9359,0.8878,9989,3099
3047,fine,96,8e-05,0.8327,0.7887,9913,8207
2243,fine,96,8e-05,0.8266,0.7871,10490,6297
618,fine,96,8e-05,0.9602,0.7613,10487,1552
2001,fine,96,8e-05,0.8806,0.7485,4096,5396
